>>> Loaded Pre-trained Actor.
>>> E2E RL STARTED | Mode: DECOUPLED
>>> Starting Warmup...

>>> EVALUATION AT STEP 30000
====================================================================================================
--- Step 0 ---
Leader (True): [ 0.000, -0.785,  0.000, -2.356,  0.000,  1.571,  0.785]
Leader (Pred): [-0.034, -0.645, -0.023, -2.342, -0.054,  1.767,  0.789]
Follower     : [ 0.001, -0.786,  0.000, -2.357, -0.002,  1.570,  0.783]
Action (Tau) : [29.725, -29.842, 29.686, -29.909, -9.800, -9.766, -9.899]
Error (T-F)  : [-0.001,  0.001, -0.000,  0.001,  0.002,  0.001,  0.002]
------------------------------------------------------------
--- Step 10 ---
Leader (True): [ 0.000, -0.785,  0.000, -2.356,  0.001,  1.571,  0.785]
Leader (Pred): [-0.034, -0.645, -0.023, -2.342, -0.054,  1.767,  0.789]
Follower     : [ 0.074, -0.848,  0.020, -2.433, -0.134,  1.511,  0.655]
Action (Tau) : [30.000, -30.000, 29.997, -30.000, -9.999, -9.993, -10.000]
Error (T-F)  : [-0.073,  0.063, -0.020,  0.077,  0.134,  0.060,  0.130]
------------------------------------------------------------
--- Step 20 ---
Leader (True): [ 0.007, -0.786,  0.003, -2.355,  0.030,  1.562,  0.785]
Leader (Pred): [-0.034, -0.645, -0.023, -2.342, -0.054,  1.768,  0.789]
Follower     : [ 0.258, -0.997,  0.116, -2.619, -0.451,  1.337,  0.332]
Action (Tau) : [30.000, -30.000, 29.970, -30.000, -10.000, -9.946, -10.000]
Error (T-F)  : [-0.251,  0.211, -0.113,  0.264,  0.481,  0.225,  0.453]
------------------------------------------------------------
--- Step 30 ---
Leader (True): [ 0.013, -0.787,  0.005, -2.355,  0.060,  1.554,  0.786]
Leader (Pred): [-0.034, -0.645, -0.023, -2.342, -0.054,  1.767,  0.789]
Follower     : [ 0.566, -1.195,  0.439, -2.908, -0.884,  1.014, -0.198]
Action (Tau) : [29.997, -29.981, 29.275, -30.000, -9.997, -8.931, -10.000]
Error (T-F)  : [-0.553,  0.409, -0.434,  0.554,  0.944,  0.540,  0.983]
------------------------------------------------------------
>>> Avg Reward: -180.00
Step 33000 | R: -15.00 | RL_L: -37.92 | Pred_L: 0.010
Step 33000 | R: -15.00 | RL_L: -58.88 | Pred_L: 0.011
Step 33000 | R: -15.00 | RL_L: -57.73 | Pred_L: 0.010
Step 33000 | R: -15.00 | RL_L: -42.37 | Pred_L: 0.010
Step 33000 | R: -15.00 | RL_L: -54.50 | Pred_L: 0.010
Step 33000 | R: -15.00 | RL_L: -56.12 | Pred_L: 0.010
Step 33000 | R: -15.00 | RL_L: -19.07 | Pred_L: 0.010
Step 33000 | R: -15.00 | RL_L: -29.83 | Pred_L: 0.010
Step 33000 | R: -15.00 | RL_L: -50.38 | Pred_L: 0.010
Step 33000 | R: -15.00 | RL_L: -28.46 | Pred_L: 0.010
Step 33000 | R: -15.00 | RL_L: -27.93 | Pred_L: 0.010
Step 33000 | R: -15.00 | RL_L: -62.60 | Pred_L: 0.010
Step 33000 | R: -15.00 | RL_L: -59.46 | Pred_L: 0.010
Step 33000 | R: -15.00 | RL_L: -37.57 | Pred_L: 0.010
Step 33000 | R: -15.00 | RL_L: -96.97 | Pred_L: 0.010
Step 33000 | R: -15.00 | RL_L: -73.45 | Pred_L: 0.011
Step 33000 | R: -15.00 | RL_L: -100.65 | Pred_L: 0.010
Step 33000 | R: -15.00 | RL_L: -7.70 | Pred_L: 0.010
Step 33000 | R: -15.00 | RL_L: -102.58 | Pred_L: 0.011
Step 33000 | R: -15.00 | RL_L: -54.45 | Pred_L: 0.010
Step 33000 | R: -15.00 | RL_L: -50.93 | Pred_L: 0.011
Step 33000 | R: -15.00 | RL_L: -47.00 | Pred_L: 0.010
Step 33000 | R: -15.00 | RL_L: -39.63 | Pred_L: 0.010
Step 33000 | R: -15.00 | RL_L: -47.94 | Pred_L: 0.011
Step 33000 | R: -15.00 | RL_L: -80.47 | Pred_L: 0.010
Step 33000 | R: -15.00 | RL_L: -65.28 | Pred_L: 0.010
Step 33000 | R: -15.00 | RL_L: -45.55 | Pred_L: 0.010
Step 33000 | R: -15.00 | RL_L: -84.60 | Pred_L: 0.010
Step 33000 | R: -15.00 | RL_L: -73.77 | Pred_L: 0.010
Step 33000 | R: -15.00 | RL_L: -32.74 | Pred_L: 0.010
Step 33000 | R: -15.00 | RL_L: -43.83 | Pred_L: 0.010
Step 33000 | R: -15.00 | RL_L: -41.54 | Pred_L: 0.011

>>> EVALUATION AT STEP 35000
====================================================================================================
--- Step 0 ---
Leader (True): [ 0.000, -0.785,  0.000, -2.356,  0.000,  1.571,  0.785]
Leader (Pred): [-0.033, -0.647, -0.026, -2.331, -0.047,  1.784,  0.777]
Follower     : [-0.003, -0.786,  0.002, -2.357, -0.001,  1.570,  0.783]
Action (Tau) : [-29.999, -29.994, 29.993, -29.998, -9.675, -9.982, -9.997]
Error (T-F)  : [ 0.003,  0.001, -0.002,  0.001,  0.001,  0.001,  0.002]
------------------------------------------------------------
--- Step 10 ---
Leader (True): [ 0.000, -0.785,  0.000, -2.356,  0.001,  1.571,  0.785]
Leader (Pred): [-0.033, -0.647, -0.026, -2.331, -0.047,  1.784,  0.777]
Follower     : [-0.061, -0.850,  0.059, -2.435, -0.077,  1.525,  0.648]
Action (Tau) : [27.455, -15.677, -23.362, -26.188, -1.908, -4.629, -9.928]
Error (T-F)  : [ 0.061,  0.065, -0.059,  0.079,  0.078,  0.046,  0.137]
------------------------------------------------------------
--- Step 20 ---
Leader (True): [ 0.007, -0.786,  0.003, -2.355,  0.030,  1.562,  0.785]
Leader (Pred): [-0.033, -0.647, -0.026, -2.331, -0.047,  1.784,  0.777]
Follower     : [ 0.025, -0.989,  0.046, -2.608, -0.178,  1.437,  0.333]
Action (Tau) : [21.882, -14.800,  7.224, -16.908,  6.465, -5.619, -6.317]
Error (T-F)  : [-0.018,  0.203, -0.043,  0.253,  0.208,  0.125,  0.452]
------------------------------------------------------------
--- Step 30 ---
Leader (True): [ 0.013, -0.787,  0.005, -2.355,  0.060,  1.554,  0.786]
Leader (Pred): [-0.033, -0.647, -0.026, -2.331, -0.047,  1.784,  0.777]
Follower     : [ 0.149, -1.196,  0.084, -2.831, -0.160,  1.273, -0.006]
Action (Tau) : [ 2.777, -22.819, 21.896, -11.097,  8.889, -7.423,  7.735]
Error (T-F)  : [-0.136,  0.409, -0.079,  0.476,  0.220,  0.281,  0.791]
------------------------------------------------------------
--- Step 40 ---
Leader (True): [ 0.019, -0.787,  0.007, -2.355,  0.090,  1.547,  0.786]
Leader (Pred): [-0.033, -0.647, -0.026, -2.331, -0.047,  1.784,  0.777]
Follower     : [ 0.259, -1.448,  0.233, -2.979, -0.039,  1.122, -0.175]
Action (Tau) : [-13.273, -20.463, 10.628, -4.813,  7.809, -6.632,  8.694]
Error (T-F)  : [-0.240,  0.661, -0.225,  0.624,  0.129,  0.424,  0.961]
------------------------------------------------------------
--- Step 50 ---
Leader (True): [ 0.026, -0.788,  0.010, -2.355,  0.120,  1.540,  0.787]
Leader (Pred): [-0.033, -0.647, -0.026, -2.331, -0.047,  1.784,  0.777]
Follower     : [ 0.314, -1.692,  0.354, -2.912,  0.005,  1.152, -0.240]
Action (Tau) : [-9.752, -15.961, 11.494,  1.614,  6.558, -4.311,  6.902]
Error (T-F)  : [-0.289,  0.904, -0.344,  0.557,  0.114,  0.388,  1.027]
------------------------------------------------------------
--- Step 60 ---
Leader (True): [ 0.032, -0.788,  0.012, -2.356,  0.150,  1.535,  0.787]
Leader (Pred): [-0.033, -0.647, -0.026, -2.331, -0.047,  1.784,  0.777]
Follower     : [ 0.346, -1.806,  0.497, -2.766,  0.111,  1.128, -0.166]
Action (Tau) : [ 7.081, -9.458, -8.256, -1.228,  6.766, -3.639,  7.144]
Error (T-F)  : [-0.314,  1.018, -0.485,  0.410,  0.039,  0.407,  0.953]
------------------------------------------------------------
--- Step 70 ---
Leader (True): [ 0.038, -0.788,  0.015, -2.357,  0.180,  1.529,  0.787]
Leader (Pred): [-0.033, -0.647, -0.026, -2.331, -0.047,  1.784,  0.777]
Follower     : [ 0.378, -1.769,  0.601, -2.562,  0.278,  1.076,  0.027]
Action (Tau) : [10.618, 10.335, -8.372, 13.461,  5.311,  1.039,  3.448]
Error (T-F)  : [-0.340,  0.981, -0.586,  0.205, -0.098,  0.453,  0.761]
------------------------------------------------------------
--- Step 80 ---
Leader (True): [ 0.044, -0.788,  0.017, -2.359,  0.210,  1.525,  0.788]
Leader (Pred): [-0.033, -0.647, -0.026, -2.331, -0.047,  1.784,  0.777]
Follower     : [ 0.390, -1.686,  0.664, -2.312,  0.496,  1.062,  0.255]
Action (Tau) : [-7.656, 10.991, -11.878, 10.544,  3.320,  3.277,  0.567]
Error (T-F)  : [-0.346,  0.897, -0.646, -0.047, -0.286,  0.463,  0.533]
------------------------------------------------------------
--- Step 90 ---
Leader (True): [ 0.051, -0.788,  0.020, -2.361,  0.240,  1.521,  0.788]
Leader (Pred): [-0.033, -0.647, -0.026, -2.331, -0.047,  1.784,  0.777]
Follower     : [ 0.347, -1.568,  0.696, -2.008,  0.755,  1.099,  0.457]
Action (Tau) : [-15.327,  6.725, -10.988,  5.902,  3.582,  2.463, -1.037]
Error (T-F)  : [-0.296,  0.780, -0.675, -0.353, -0.515,  0.423,  0.331]
------------------------------------------------------------
--- Step 100 ---
Leader (True): [ 0.057, -0.788,  0.023, -2.363,  0.268,  1.519,  0.789]
Leader (Pred): [-0.033, -0.647, -0.026, -2.331, -0.047,  1.784,  0.777]
Follower     : [ 0.228, -1.440,  0.700, -1.637,  1.073,  1.165,  0.605]
Action (Tau) : [-12.351, 10.330, -10.225,  8.113,  5.059,  0.940, -1.050]
Error (T-F)  : [-0.172,  0.652, -0.677, -0.726, -0.806,  0.354,  0.184]
------------------------------------------------------------
--- Step 110 ---
Leader (True): [ 0.058, -0.787,  0.024, -2.364,  0.275,  1.522,  0.789]
Leader (Pred): [-0.033, -0.647, -0.026, -2.331, -0.047,  1.784,  0.777]
Follower     : [ 0.019, -1.283,  0.673, -1.138,  1.477,  1.244,  0.696]
Action (Tau) : [-6.535, 17.956, -12.154, 14.412,  7.357, -1.662, -0.362]
Error (T-F)  : [ 0.039,  0.496, -0.649, -1.226, -1.202,  0.278,  0.092]
------------------------------------------------------------
>>> Avg Reward: -569.08

>>> EVALUATION AT STEP 40000
====================================================================================================
--- Step 0 ---
Leader (True): [ 0.000, -0.785,  0.000, -2.356,  0.000,  1.571,  0.785]
Leader (Pred): [   nan,    nan,    nan,    nan,    nan,    nan,    nan]
Follower     : [-0.000, -0.785, -0.000, -2.356, -0.000,  1.571,  0.785]
Action (Tau) : [   nan,    nan,    nan,    nan,    nan,    nan,    nan]
Error (T-F)  : [ 0.000,  0.000,  0.000,  0.000,  0.000,  0.000,  0.000]
------------------------------------------------------------
--- Step 10 ---
Leader (True): [ 0.000, -0.785,  0.000, -2.356,  0.001,  1.571,  0.785]
Leader (Pred): [   nan,    nan,    nan,    nan,    nan,    nan,    nan]
Follower     : [ 0.000, -0.785,  0.000, -2.356,  0.000,  1.571,  0.785]
Action (Tau) : [   nan,    nan,    nan,    nan,    nan,    nan,    nan]
Error (T-F)  : [ 0.000, -0.000,  0.000,  0.000,  0.001, -0.000,  0.000]
------------------------------------------------------------
--- Step 20 ---
Leader (True): [ 0.007, -0.786,  0.003, -2.355,  0.030,  1.562,  0.785]
Leader (Pred): [   nan,    nan,    nan,    nan,    nan,    nan,    nan]
Follower     : [ 0.000, -0.785,  0.000, -2.356,  0.000,  1.571,  0.785]
Action (Tau) : [   nan,    nan,    nan,    nan,    nan,    nan,    nan]
Error (T-F)  : [ 0.007, -0.001,  0.003,  0.001,  0.030, -0.009,  0.000]
------------------------------------------------------------
--- Step 30 ---
Leader (True): [ 0.013, -0.787,  0.005, -2.355,  0.060,  1.554,  0.786]
Leader (Pred): [   nan,    nan,    nan,    nan,    nan,    nan,    nan]
Follower     : [ 0.000, -0.785,  0.000, -2.356,  0.000,  1.571,  0.785]
Action (Tau) : [   nan,    nan,    nan,    nan,    nan,    nan,    nan]
Error (T-F)  : [ 0.013, -0.002,  0.005,  0.001,  0.060, -0.017,  0.001]
------------------------------------------------------------
--- Step 40 ---
Leader (True): [ 0.019, -0.787,  0.007, -2.355,  0.090,  1.547,  0.786]
Leader (Pred): [   nan,    nan,    nan,    nan,    nan,    nan,    nan]
Follower     : [ 0.000, -0.785,  0.000, -2.356,  0.000,  1.571,  0.785]
Action (Tau) : [   nan,    nan,    nan,    nan,    nan,    nan,    nan]
Error (T-F)  : [ 0.019, -0.002,  0.007,  0.001,  0.090, -0.024,  0.001]
------------------------------------------------------------
--- Step 50 ---
Leader (True): [ 0.026, -0.788,  0.010, -2.355,  0.120,  1.540,  0.787]
Leader (Pred): [   nan,    nan,    nan,    nan,    nan,    nan,    nan]
Follower     : [ 0.000, -0.785,  0.000, -2.356,  0.000,  1.571,  0.785]
Action (Tau) : [   nan,    nan,    nan,    nan,    nan,    nan,    nan]
Error (T-F)  : [ 0.026, -0.003,  0.010,  0.001,  0.120, -0.030,  0.002]
------------------------------------------------------------
--- Step 60 ---
Leader (True): [ 0.032, -0.788,  0.012, -2.356,  0.150,  1.535,  0.787]
Leader (Pred): [   nan,    nan,    nan,    nan,    nan,    nan,    nan]
Follower     : [ 0.000, -0.785,  0.000, -2.356,  0.000,  1.571,  0.785]
Action (Tau) : [   nan,    nan,    nan,    nan,    nan,    nan,    nan]
Error (T-F)  : [ 0.032, -0.003,  0.012, -0.000,  0.150, -0.036,  0.002]
------------------------------------------------------------
--- Step 70 ---
Leader (True): [ 0.038, -0.788,  0.015, -2.357,  0.180,  1.529,  0.787]
Leader (Pred): [   nan,    nan,    nan,    nan,    nan,    nan,    nan]
Follower     : [ 0.000, -0.785,  0.000, -2.356,  0.000,  1.571,  0.785]
Action (Tau) : [   nan,    nan,    nan,    nan,    nan,    nan,    nan]
Error (T-F)  : [ 0.038, -0.003,  0.015, -0.001,  0.180, -0.041,  0.002]
------------------------------------------------------------
--- Step 80 ---
Leader (True): [ 0.044, -0.788,  0.017, -2.359,  0.210,  1.525,  0.788]
Leader (Pred): [   nan,    nan,    nan,    nan,    nan,    nan,    nan]
Follower     : [ 0.000, -0.785,  0.000, -2.356,  0.000,  1.571,  0.785]
Action (Tau) : [   nan,    nan,    nan,    nan,    nan,    nan,    nan]
Error (T-F)  : [ 0.044, -0.003,  0.017, -0.003,  0.210, -0.046,  0.003]
------------------------------------------------------------
--- Step 90 ---
Leader (True): [ 0.051, -0.788,  0.020, -2.361,  0.240,  1.521,  0.788]
Leader (Pred): [   nan,    nan,    nan,    nan,    nan,    nan,    nan]
Follower     : [ 0.000, -0.785,  0.000, -2.356,  0.000,  1.571,  0.785]
Action (Tau) : [   nan,    nan,    nan,    nan,    nan,    nan,    nan]
Error (T-F)  : [ 0.051, -0.003,  0.020, -0.005,  0.240, -0.049,  0.003]
------------------------------------------------------------
--- Step 100 ---
Leader (True): [ 0.057, -0.788,  0.023, -2.363,  0.268,  1.519,  0.789]
Leader (Pred): [   nan,    nan,    nan,    nan,    nan,    nan,    nan]
Follower     : [ 0.000, -0.785,  0.000, -2.356,  0.000,  1.571,  0.785]
Action (Tau) : [   nan,    nan,    nan,    nan,    nan,    nan,    nan]
Error (T-F)  : [ 0.057, -0.003,  0.023, -0.007,  0.268, -0.052,  0.004]
------------------------------------------------------------
--- Step 110 ---
Leader (True): [ 0.058, -0.787,  0.024, -2.364,  0.275,  1.522,  0.789]
Leader (Pred): [   nan,    nan,    nan,    nan,    nan,    nan,    nan]
Follower     : [ 0.000, -0.785,  0.000, -2.356,  0.000,  1.571,  0.785]
Action (Tau) : [   nan,    nan,    nan,    nan,    nan,    nan,    nan]
Error (T-F)  : [ 0.058, -0.002,  0.024, -0.008,  0.275, -0.049,  0.004]
------------------------------------------------------------
--- Step 120 ---
Leader (True): [ 0.060, -0.786,  0.025, -2.365,  0.287,  1.532,  0.789]
Leader (Pred): [   nan,    nan,    nan,    nan,    nan,    nan,    nan]
Follower     : [ 0.000, -0.785,  0.000, -2.356,  0.000,  1.571,  0.785]
Action (Tau) : [   nan,    nan,    nan,    nan,    nan,    nan,    nan]
Error (T-F)  : [ 0.060, -0.001,  0.025, -0.009,  0.287, -0.038,  0.004]
------------------------------------------------------------
--- Step 130 ---
Leader (True): [ 0.062, -0.783,  0.027, -2.367,  0.297,  1.549,  0.789]
Leader (Pred): [   nan,    nan,    nan,    nan,    nan,    nan,    nan]
Follower     : [ 0.000, -0.785,  0.000, -2.356,  0.000,  1.571,  0.785]
Action (Tau) : [   nan,    nan,    nan,    nan,    nan,    nan,    nan]
Error (T-F)  : [ 0.062,  0.002,  0.027, -0.011,  0.297, -0.022,  0.004]
------------------------------------------------------------
--- Step 140 ---
Leader (True): [ 0.064, -0.781,  0.029, -2.368,  0.306,  1.568,  0.790]
Leader (Pred): [   nan,    nan,    nan,    nan,    nan,    nan,    nan]
Follower     : [ 0.000, -0.785,  0.000, -2.356,  0.000,  1.571,  0.785]
Action (Tau) : [   nan,    nan,    nan,    nan,    nan,    nan,    nan]
Error (T-F)  : [ 0.064,  0.004,  0.029, -0.012,  0.306, -0.003,  0.005]
------------------------------------------------------------
--- Step 150 ---
Leader (True): [ 0.066, -0.778,  0.032, -2.370,  0.314,  1.588,  0.790]
Leader (Pred): [   nan,    nan,    nan,    nan,    nan,    nan,    nan]
Follower     : [ 0.000, -0.785,  0.000, -2.356,  0.000,  1.571,  0.785]
Action (Tau) : [   nan,    nan,    nan,    nan,    nan,    nan,    nan]
Error (T-F)  : [ 0.066,  0.007,  0.032, -0.014,  0.314,  0.017,  0.005]
------------------------------------------------------------
--- Step 160 ---
Leader (True): [ 0.068, -0.775,  0.034, -2.371,  0.320,  1.609,  0.790]
Leader (Pred): [   nan,    nan,    nan,    nan,    nan,    nan,    nan]
Follower     : [ 0.000, -0.785,  0.000, -2.356,  0.000,  1.571,  0.785]
Action (Tau) : [   nan,    nan,    nan,    nan,    nan,    nan,    nan]
Error (T-F)  : [ 0.068,  0.010,  0.034, -0.015,  0.320,  0.038,  0.005]
------------------------------------------------------------
--- Step 170 ---
Leader (True): [ 0.070, -0.771,  0.036, -2.372,  0.326,  1.631,  0.790]
Leader (Pred): [   nan,    nan,    nan,    nan,    nan,    nan,    nan]
Follower     : [ 0.000, -0.785,  0.000, -2.356,  0.000,  1.571,  0.785]
Action (Tau) : [   nan,    nan,    nan,    nan,    nan,    nan,    nan]
Error (T-F)  : [ 0.070,  0.014,  0.036, -0.016,  0.326,  0.060,  0.005]
------------------------------------------------------------
--- Step 180 ---
Leader (True): [ 0.072, -0.768,  0.038, -2.373,  0.332,  1.653,  0.790]
Leader (Pred): [   nan,    nan,    nan,    nan,    nan,    nan,    nan]
Follower     : [ 0.000, -0.785,  0.000, -2.356,  0.000,  1.571,  0.785]
Action (Tau) : [   nan,    nan,    nan,    nan,    nan,    nan,    nan]
Error (T-F)  : [ 0.072,  0.017,  0.038, -0.017,  0.332,  0.082,  0.005]
------------------------------------------------------------
--- Step 190 ---
Leader (True): [ 0.074, -0.764,  0.041, -2.375,  0.337,  1.675,  0.790]
Leader (Pred): [   nan,    nan,    nan,    nan,    nan,    nan,    nan]
Follower     : [ 0.000, -0.785,  0.000, -2.356,  0.000,  1.571,  0.785]
Action (Tau) : [   nan,    nan,    nan,    nan,    nan,    nan,    nan]
Error (T-F)  : [ 0.074,  0.021,  0.041, -0.019,  0.337,  0.104,  0.005]
------------------------------------------------------------
--- Step 200 ---
Leader (True): [ 0.077, -0.760,  0.043, -2.376,  0.341,  1.696,  0.790]
Leader (Pred): [   nan,    nan,    nan,    nan,    nan,    nan,    nan]
Follower     : [ 0.000, -0.785,  0.000, -2.356,  0.000,  1.571,  0.785]
Action (Tau) : [   nan,    nan,    nan,    nan,    nan,    nan,    nan]
Error (T-F)  : [ 0.077,  0.025,  0.043, -0.020,  0.341,  0.126,  0.005]
------------------------------------------------------------
--- Step 210 ---
Leader (True): [ 0.079, -0.755,  0.046, -2.376,  0.346,  1.718,  0.790]
Leader (Pred): [   nan,    nan,    nan,    nan,    nan,    nan,    nan]
Follower     : [ 0.000, -0.785,  0.000, -2.356,  0.000,  1.571,  0.785]
Action (Tau) : [   nan,    nan,    nan,    nan,    nan,    nan,    nan]
Error (T-F)  : [ 0.079,  0.030,  0.046, -0.020,  0.346,  0.147,  0.005]
------------------------------------------------------------
--- Step 220 ---
Leader (True): [ 0.081, -0.751,  0.048, -2.377,  0.350,  1.740,  0.790]
Leader (Pred): [   nan,    nan,    nan,    nan,    nan,    nan,    nan]
Follower     : [ 0.000, -0.785,  0.000, -2.356,  0.000,  1.571,  0.785]
Action (Tau) : [   nan,    nan,    nan,    nan,    nan,    nan,    nan]
Error (T-F)  : [ 0.081,  0.034,  0.048, -0.021,  0.350,  0.169,  0.005]
------------------------------------------------------------
--- Step 230 ---
Leader (True): [ 0.084, -0.746,  0.051, -2.378,  0.354,  1.761,  0.790]
Leader (Pred): [   nan,    nan,    nan,    nan,    nan,    nan,    nan]
Follower     : [ 0.000, -0.785,  0.000, -2.356,  0.000,  1.571,  0.785]
Action (Tau) : [   nan,    nan,    nan,    nan,    nan,    nan,    nan]
Error (T-F)  : [ 0.084,  0.039,  0.051, -0.022,  0.354,  0.191,  0.005]
------------------------------------------------------------
--- Step 240 ---
Leader (True): [ 0.086, -0.741,  0.054, -2.378,  0.358,  1.783,  0.790]
Leader (Pred): [   nan,    nan,    nan,    nan,    nan,    nan,    nan]
Follower     : [ 0.000, -0.785,  0.000, -2.356,  0.000,  1.571,  0.785]
Action (Tau) : [   nan,    nan,    nan,    nan,    nan,    nan,    nan]
Error (T-F)  : [ 0.086,  0.044,  0.054, -0.022,  0.358,  0.212,  0.005]
------------------------------------------------------------
--- Step 250 ---
Leader (True): [ 0.088, -0.736,  0.056, -2.379,  0.362,  1.804,  0.789]
Leader (Pred): [   nan,    nan,    nan,    nan,    nan,    nan,    nan]
Follower     : [ 0.000, -0.785,  0.000, -2.356,  0.000,  1.571,  0.785]
Action (Tau) : [   nan,    nan,    nan,    nan,    nan,    nan,    nan]
Error (T-F)  : [ 0.088,  0.049,  0.056, -0.023,  0.362,  0.233,  0.004]
------------------------------------------------------------
--- Step 260 ---
Leader (True): [ 0.091, -0.730,  0.059, -2.379,  0.365,  1.825,  0.789]
Leader (Pred): [   nan,    nan,    nan,    nan,    nan,    nan,    nan]
Follower     : [ 0.000, -0.785,  0.000, -2.356,  0.000,  1.571,  0.785]
Action (Tau) : [   nan,    nan,    nan,    nan,    nan,    nan,    nan]
Error (T-F)  : [ 0.091,  0.055,  0.059, -0.023,  0.365,  0.254,  0.004]
------------------------------------------------------------
--- Step 270 ---
Leader (True): [ 0.093, -0.725,  0.062, -2.378,  0.368,  1.846,  0.789]
Leader (Pred): [   nan,    nan,    nan,    nan,    nan,    nan,    nan]
Follower     : [ 0.000, -0.785,  0.000, -2.356,  0.000,  1.571,  0.785]
Action (Tau) : [   nan,    nan,    nan,    nan,    nan,    nan,    nan]
Error (T-F)  : [ 0.093,  0.060,  0.062, -0.022,  0.368,  0.275,  0.004]
------------------------------------------------------------
--- Step 280 ---
Leader (True): [ 0.096, -0.719,  0.064, -2.378,  0.372,  1.866,  0.789]
Leader (Pred): [   nan,    nan,    nan,    nan,    nan,    nan,    nan]
Follower     : [ 0.000, -0.785,  0.000, -2.356,  0.000,  1.571,  0.785]
Action (Tau) : [   nan,    nan,    nan,    nan,    nan,    nan,    nan]
Error (T-F)  : [ 0.096,  0.066,  0.064, -0.022,  0.372,  0.295,  0.004]
------------------------------------------------------------
--- Step 290 ---
Leader (True): [ 0.098, -0.713,  0.067, -2.378,  0.375,  1.886,  0.789]
Leader (Pred): [   nan,    nan,    nan,    nan,    nan,    nan,    nan]
Follower     : [ 0.000, -0.785,  0.000, -2.356,  0.000,  1.571,  0.785]
Action (Tau) : [   nan,    nan,    nan,    nan,    nan,    nan,    nan]
Error (T-F)  : [ 0.098,  0.072,  0.067, -0.022,  0.375,  0.316,  0.004]
------------------------------------------------------------
--- Step 300 ---
Leader (True): [ 0.101, -0.706,  0.070, -2.377,  0.377,  1.906,  0.789]
Leader (Pred): [   nan,    nan,    nan,    nan,    nan,    nan,    nan]
Follower     : [ 0.000, -0.785,  0.000, -2.356,  0.000,  1.571,  0.785]
Action (Tau) : [   nan,    nan,    nan,    nan,    nan,    nan,    nan]
Error (T-F)  : [ 0.101,  0.079,  0.070, -0.021,  0.377,  0.336,  0.004]
------------------------------------------------------------
--- Step 310 ---
Leader (True): [ 0.103, -0.699,  0.072, -2.376,  0.380,  1.926,  0.789]
Leader (Pred): [   nan,    nan,    nan,    nan,    nan,    nan,    nan]
Follower     : [ 0.000, -0.785,  0.000, -2.356,  0.000,  1.571,  0.785]
Action (Tau) : [   nan,    nan,    nan,    nan,    nan,    nan,    nan]
Error (T-F)  : [ 0.103,  0.086,  0.072, -0.020,  0.380,  0.355,  0.004]
------------------------------------------------------------
--- Step 320 ---
Leader (True): [ 0.105, -0.693,  0.075, -2.375,  0.383,  1.945,  0.789]
Leader (Pred): [   nan,    nan,    nan,    nan,    nan,    nan,    nan]
Follower     : [ 0.000, -0.785,  0.000, -2.356,  0.000,  1.571,  0.785]
Action (Tau) : [   nan,    nan,    nan,    nan,    nan,    nan,    nan]
Error (T-F)  : [ 0.105,  0.092,  0.075, -0.019,  0.383,  0.374,  0.004]
------------------------------------------------------------
--- Step 330 ---
Leader (True): [ 0.108, -0.685,  0.078, -2.373,  0.385,  1.964,  0.789]
Leader (Pred): [   nan,    nan,    nan,    nan,    nan,    nan,    nan]
Follower     : [ 0.000, -0.785,  0.000, -2.356,  0.000,  1.571,  0.785]
Action (Tau) : [   nan,    nan,    nan,    nan,    nan,    nan,    nan]
Error (T-F)  : [ 0.108,  0.100,  0.078, -0.017,  0.385,  0.393,  0.004]
------------------------------------------------------------
--- Step 340 ---
Leader (True): [ 0.110, -0.678,  0.081, -2.372,  0.387,  1.982,  0.788]
Leader (Pred): [   nan,    nan,    nan,    nan,    nan,    nan,    nan]
Follower     : [ 0.000, -0.785,  0.000, -2.356,  0.000,  1.571,  0.785]
Action (Tau) : [   nan,    nan,    nan,    nan,    nan,    nan,    nan]
Error (T-F)  : [ 0.110,  0.107,  0.081, -0.016,  0.387,  0.411,  0.003]
------------------------------------------------------------
--- Step 350 ---
Leader (True): [ 0.113, -0.671,  0.083, -2.370,  0.389,  2.000,  0.788]
Leader (Pred): [   nan,    nan,    nan,    nan,    nan,    nan,    nan]
Follower     : [ 0.000, -0.785,  0.000, -2.356,  0.000,  1.571,  0.785]
Action (Tau) : [   nan,    nan,    nan,    nan,    nan,    nan,    nan]
Error (T-F)  : [ 0.113,  0.114,  0.083, -0.014,  0.389,  0.429,  0.003]
------------------------------------------------------------
--- Step 360 ---
Leader (True): [ 0.115, -0.663,  0.086, -2.367,  0.391,  2.017,  0.788]
Leader (Pred): [   nan,    nan,    nan,    nan,    nan,    nan,    nan]
Follower     : [ 0.000, -0.785,  0.000, -2.356,  0.000,  1.571,  0.785]
Action (Tau) : [   nan,    nan,    nan,    nan,    nan,    nan,    nan]
Error (T-F)  : [ 0.115,  0.122,  0.086, -0.011,  0.391,  0.447,  0.003]
------------------------------------------------------------
--- Step 370 ---
Leader (True): [ 0.117, -0.655,  0.088, -2.365,  0.393,  2.034,  0.788]
Leader (Pred): [   nan,    nan,    nan,    nan,    nan,    nan,    nan]
Follower     : [ 0.000, -0.785,  0.000, -2.356,  0.000,  1.571,  0.785]
Action (Tau) : [   nan,    nan,    nan,    nan,    nan,    nan,    nan]
Error (T-F)  : [ 0.117,  0.130,  0.088, -0.009,  0.393,  0.463,  0.003]
------------------------------------------------------------
--- Step 380 ---
Leader (True): [ 0.120, -0.647,  0.091, -2.362,  0.395,  2.051,  0.788]
Leader (Pred): [   nan,    nan,    nan,    nan,    nan,    nan,    nan]
Follower     : [ 0.000, -0.785,  0.000, -2.356,  0.000,  1.571,  0.785]
Action (Tau) : [   nan,    nan,    nan,    nan,    nan,    nan,    nan]
Error (T-F)  : [ 0.120,  0.138,  0.091, -0.006,  0.395,  0.480,  0.003]
------------------------------------------------------------
--- Step 390 ---
Leader (True): [ 0.122, -0.639,  0.093, -2.359,  0.396,  2.067,  0.788]
Leader (Pred): [   nan,    nan,    nan,    nan,    nan,    nan,    nan]
Follower     : [ 0.000, -0.785,  0.000, -2.356,  0.000,  1.571,  0.785]
Action (Tau) : [   nan,    nan,    nan,    nan,    nan,    nan,    nan]
Error (T-F)  : [ 0.122,  0.146,  0.093, -0.003,  0.396,  0.496,  0.003]
------------------------------------------------------------
--- Step 400 ---
Leader (True): [ 0.124, -0.631,  0.095, -2.356,  0.398,  2.082,  0.788]
Leader (Pred): [   nan,    nan,    nan,    nan,    nan,    nan,    nan]
Follower     : [ 0.000, -0.785,  0.000, -2.356,  0.000,  1.571,  0.785]
Action (Tau) : [   nan,    nan,    nan,    nan,    nan,    nan,    nan]
Error (T-F)  : [ 0.124,  0.154,  0.095, -0.000,  0.398,  0.511,  0.003]
------------------------------------------------------------
--- Step 410 ---
Leader (True): [ 0.127, -0.622,  0.098, -2.353,  0.399,  2.097,  0.788]
Leader (Pred): [   nan,    nan,    nan,    nan,    nan,    nan,    nan]
Follower     : [ 0.000, -0.785,  0.000, -2.356,  0.000,  1.571,  0.785]
Action (Tau) : [   nan,    nan,    nan,    nan,    nan,    nan,    nan]
Error (T-F)  : [ 0.127,  0.163,  0.098,  0.003,  0.399,  0.527,  0.003]
------------------------------------------------------------
--- Step 420 ---
Leader (True): [ 0.129, -0.614,  0.100, -2.349,  0.400,  2.112,  0.788]
Leader (Pred): [   nan,    nan,    nan,    nan,    nan,    nan,    nan]
Follower     : [ 0.000, -0.785,  0.000, -2.356,  0.000,  1.571,  0.785]
Action (Tau) : [   nan,    nan,    nan,    nan,    nan,    nan,    nan]
Error (T-F)  : [ 0.129,  0.171,  0.100,  0.007,  0.400,  0.541,  0.003]
------------------------------------------------------------
--- Step 430 ---
Leader (True): [ 0.131, -0.605,  0.102, -2.346,  0.401,  2.126,  0.787]
Leader (Pred): [   nan,    nan,    nan,    nan,    nan,    nan,    nan]
Follower     : [ 0.000, -0.785,  0.000, -2.356,  0.000,  1.571,  0.785]
Action (Tau) : [   nan,    nan,    nan,    nan,    nan,    nan,    nan]
Error (T-F)  : [ 0.131,  0.180,  0.102,  0.010,  0.401,  0.555,  0.002]
------------------------------------------------------------
--- Step 440 ---
Leader (True): [ 0.133, -0.597,  0.104, -2.342,  0.402,  2.139,  0.787]
Leader (Pred): [   nan,    nan,    nan,    nan,    nan,    nan,    nan]
Follower     : [ 0.000, -0.785,  0.000, -2.356,  0.000,  1.571,  0.785]
Action (Tau) : [   nan,    nan,    nan,    nan,    nan,    nan,    nan]
Error (T-F)  : [ 0.133,  0.188,  0.104,  0.014,  0.402,  0.569,  0.002]
------------------------------------------------------------
--- Step 450 ---
Leader (True): [ 0.135, -0.588,  0.106, -2.338,  0.403,  2.152,  0.787]
Leader (Pred): [   nan,    nan,    nan,    nan,    nan,    nan,    nan]
Follower     : [ 0.000, -0.785,  0.000, -2.356,  0.000,  1.571,  0.785]
Action (Tau) : [   nan,    nan,    nan,    nan,    nan,    nan,    nan]
Error (T-F)  : [ 0.135,  0.197,  0.106,  0.018,  0.403,  0.582,  0.002]
------------------------------------------------------------
--- Step 460 ---
Leader (True): [ 0.137, -0.579,  0.108, -2.333,  0.404,  2.165,  0.787]
Leader (Pred): [   nan,    nan,    nan,    nan,    nan,    nan,    nan]
Follower     : [ 0.000, -0.785,  0.000, -2.356,  0.000,  1.571,  0.785]
Action (Tau) : [   nan,    nan,    nan,    nan,    nan,    nan,    nan]
Error (T-F)  : [ 0.137,  0.206,  0.108,  0.023,  0.404,  0.594,  0.002]
------------------------------------------------------------
--- Step 470 ---
Leader (True): [ 0.139, -0.571,  0.110, -2.329,  0.405,  2.177,  0.787]
Leader (Pred): [   nan,    nan,    nan,    nan,    nan,    nan,    nan]
Follower     : [ 0.000, -0.785,  0.000, -2.356,  0.000,  1.571,  0.785]
Action (Tau) : [   nan,    nan,    nan,    nan,    nan,    nan,    nan]
Error (T-F)  : [ 0.139,  0.214,  0.110,  0.027,  0.405,  0.606,  0.002]
------------------------------------------------------------
--- Step 480 ---
Leader (True): [ 0.141, -0.562,  0.112, -2.324,  0.406,  2.189,  0.787]
Leader (Pred): [   nan,    nan,    nan,    nan,    nan,    nan,    nan]
Follower     : [ 0.000, -0.785,  0.000, -2.356,  0.000,  1.571,  0.785]
Action (Tau) : [   nan,    nan,    nan,    nan,    nan,    nan,    nan]
Error (T-F)  : [ 0.141,  0.223,  0.112,  0.032,  0.406,  0.618,  0.002]
------------------------------------------------------------
--- Step 490 ---
Leader (True): [ 0.143, -0.554,  0.114, -2.320,  0.407,  2.200,  0.787]
Leader (Pred): [   nan,    nan,    nan,    nan,    nan,    nan,    nan]
Follower     : [ 0.000, -0.785,  0.000, -2.356,  0.000,  1.571,  0.785]
Action (Tau) : [   nan,    nan,    nan,    nan,    nan,    nan,    nan]
Error (T-F)  : [ 0.143,  0.231,  0.114,  0.036,  0.407,  0.629,  0.002]
------------------------------------------------------------
--- Step 500 ---
Leader (True): [ 0.145, -0.545,  0.116, -2.315,  0.407,  2.210,  0.787]
Leader (Pred): [   nan,    nan,    nan,    nan,    nan,    nan,    nan]
Follower     : [ 0.000, -0.785,  0.000, -2.356,  0.000,  1.571,  0.785]
Action (Tau) : [   nan,    nan,    nan,    nan,    nan,    nan,    nan]
Error (T-F)  : [ 0.145,  0.240,  0.116,  0.041,  0.407,  0.639,  0.002]
------------------------------------------------------------
--- Step 510 ---
Leader (True): [ 0.147, -0.536,  0.117, -2.310,  0.408,  2.220,  0.787]
Leader (Pred): [   nan,    nan,    nan,    nan,    nan,    nan,    nan]
Follower     : [ 0.000, -0.785,  0.000, -2.356,  0.000,  1.571,  0.785]
Action (Tau) : [   nan,    nan,    nan,    nan,    nan,    nan,    nan]
Error (T-F)  : [ 0.147,  0.249,  0.117,  0.046,  0.408,  0.650,  0.002]
------------------------------------------------------------
--- Step 520 ---
Leader (True): [ 0.149, -0.528,  0.119, -2.305,  0.409,  2.230,  0.787]
Leader (Pred): [   nan,    nan,    nan,    nan,    nan,    nan,    nan]
Follower     : [ 0.000, -0.785,  0.000, -2.356,  0.000,  1.571,  0.785]
Action (Tau) : [   nan,    nan,    nan,    nan,    nan,    nan,    nan]
Error (T-F)  : [ 0.149,  0.257,  0.119,  0.051,  0.409,  0.659,  0.002]
------------------------------------------------------------
--- Step 530 ---
Leader (True): [ 0.151, -0.519,  0.121, -2.300,  0.409,  2.239,  0.787]
Leader (Pred): [   nan,    nan,    nan,    nan,    nan,    nan,    nan]
Follower     : [ 0.000, -0.785,  0.000, -2.356,  0.000,  1.571,  0.785]
Action (Tau) : [   nan,    nan,    nan,    nan,    nan,    nan,    nan]
Error (T-F)  : [ 0.151,  0.266,  0.121,  0.056,  0.409,  0.669,  0.002]
------------------------------------------------------------
--- Step 540 ---
Leader (True): [ 0.153, -0.511,  0.122, -2.295,  0.410,  2.248,  0.787]
Leader (Pred): [   nan,    nan,    nan,    nan,    nan,    nan,    nan]
Follower     : [ 0.000, -0.785,  0.000, -2.356,  0.000,  1.571,  0.785]
Action (Tau) : [   nan,    nan,    nan,    nan,    nan,    nan,    nan]
Error (T-F)  : [ 0.153,  0.274,  0.122,  0.061,  0.410,  0.677,  0.002]
------------------------------------------------------------
--- Step 550 ---
Leader (True): [ 0.154, -0.503,  0.124, -2.289,  0.411,  2.257,  0.787]
Leader (Pred): [   nan,    nan,    nan,    nan,    nan,    nan,    nan]
Follower     : [ 0.000, -0.785,  0.000, -2.356,  0.000,  1.571,  0.785]
Action (Tau) : [   nan,    nan,    nan,    nan,    nan,    nan,    nan]
Error (T-F)  : [ 0.154,  0.282,  0.124,  0.067,  0.411,  0.686,  0.002]
------------------------------------------------------------
--- Step 560 ---
Leader (True): [ 0.156, -0.495,  0.125, -2.284,  0.411,  2.265,  0.787]
Leader (Pred): [   nan,    nan,    nan,    nan,    nan,    nan,    nan]
Follower     : [ 0.000, -0.785,  0.000, -2.356,  0.000,  1.571,  0.785]
Action (Tau) : [   nan,    nan,    nan,    nan,    nan,    nan,    nan]
Error (T-F)  : [ 0.156,  0.290,  0.125,  0.072,  0.411,  0.694,  0.002]
------------------------------------------------------------
--- Step 570 ---
Leader (True): [ 0.157, -0.487,  0.127, -2.279,  0.412,  2.272,  0.787]
Leader (Pred): [   nan,    nan,    nan,    nan,    nan,    nan,    nan]
Follower     : [ 0.000, -0.785,  0.000, -2.356,  0.000,  1.571,  0.785]
Action (Tau) : [   nan,    nan,    nan,    nan,    nan,    nan,    nan]
Error (T-F)  : [ 0.157,  0.298,  0.127,  0.077,  0.412,  0.702,  0.002]
------------------------------------------------------------
--- Step 580 ---
Leader (True): [ 0.159, -0.479,  0.129, -2.274,  0.413,  2.280,  0.787]
Leader (Pred): [   nan,    nan,    nan,    nan,    nan,    nan,    nan]
Follower     : [ 0.000, -0.785,  0.000, -2.356,  0.000,  1.571,  0.785]
Action (Tau) : [   nan,    nan,    nan,    nan,    nan,    nan,    nan]
Error (T-F)  : [ 0.159,  0.306,  0.129,  0.082,  0.413,  0.709,  0.002]
------------------------------------------------------------
--- Step 590 ---
Leader (True): [ 0.160, -0.471,  0.130, -2.269,  0.413,  2.286,  0.787]
Leader (Pred): [   nan,    nan,    nan,    nan,    nan,    nan,    nan]
Follower     : [ 0.000, -0.785,  0.000, -2.356,  0.000,  1.571,  0.785]
Action (Tau) : [   nan,    nan,    nan,    nan,    nan,    nan,    nan]
Error (T-F)  : [ 0.160,  0.314,  0.130,  0.087,  0.413,  0.716,  0.002]
------------------------------------------------------------
--- Step 600 ---
Leader (True): [ 0.162, -0.464,  0.132, -2.263,  0.414,  2.293,  0.787]
Leader (Pred): [   nan,    nan,    nan,    nan,    nan,    nan,    nan]
Follower     : [ 0.000, -0.785,  0.000, -2.356,  0.000,  1.571,  0.785]
Action (Tau) : [   nan,    nan,    nan,    nan,    nan,    nan,    nan]
Error (T-F)  : [ 0.162,  0.321,  0.132,  0.093,  0.414,  0.722,  0.002]
------------------------------------------------------------
--- Step 610 ---
Leader (True): [ 0.163, -0.456,  0.133, -2.258,  0.415,  2.299,  0.787]
Leader (Pred): [   nan,    nan,    nan,    nan,    nan,    nan,    nan]
Follower     : [ 0.000, -0.785,  0.000, -2.356,  0.000,  1.571,  0.785]
Action (Tau) : [   nan,    nan,    nan,    nan,    nan,    nan,    nan]
Error (T-F)  : [ 0.163,  0.329,  0.133,  0.098,  0.415,  0.728,  0.002]
------------------------------------------------------------
--- Step 620 ---
Leader (True): [ 0.165, -0.449,  0.135, -2.253,  0.415,  2.305,  0.787]
Leader (Pred): [   nan,    nan,    nan,    nan,    nan,    nan,    nan]
Follower     : [ 0.000, -0.785,  0.000, -2.356,  0.000,  1.571,  0.785]
Action (Tau) : [   nan,    nan,    nan,    nan,    nan,    nan,    nan]
Error (T-F)  : [ 0.165,  0.336,  0.135,  0.103,  0.415,  0.734,  0.002]
------------------------------------------------------------
--- Step 630 ---
Leader (True): [ 0.166, -0.442,  0.136, -2.248,  0.416,  2.311,  0.787]
Leader (Pred): [   nan,    nan,    nan,    nan,    nan,    nan,    nan]
Follower     : [ 0.000, -0.785,  0.000, -2.356,  0.000,  1.571,  0.785]
Action (Tau) : [   nan,    nan,    nan,    nan,    nan,    nan,    nan]
Error (T-F)  : [ 0.166,  0.343,  0.136,  0.108,  0.416,  0.740,  0.002]
------------------------------------------------------------
--- Step 640 ---
Leader (True): [ 0.167, -0.435,  0.138, -2.243,  0.417,  2.316,  0.787]
Leader (Pred): [   nan,    nan,    nan,    nan,    nan,    nan,    nan]
Follower     : [ 0.000, -0.785,  0.000, -2.356,  0.000,  1.571,  0.785]
Action (Tau) : [   nan,    nan,    nan,    nan,    nan,    nan,    nan]
Error (T-F)  : [ 0.167,  0.350,  0.138,  0.113,  0.417,  0.745,  0.002]
------------------------------------------------------------
--- Step 650 ---
Leader (True): [ 0.168, -0.429,  0.139, -2.238,  0.418,  2.321,  0.786]
Leader (Pred): [   nan,    nan,    nan,    nan,    nan,    nan,    nan]
Follower     : [ 0.000, -0.785,  0.000, -2.356,  0.000,  1.571,  0.785]
Action (Tau) : [   nan,    nan,    nan,    nan,    nan,    nan,    nan]
Error (T-F)  : [ 0.168,  0.356,  0.139,  0.118,  0.418,  0.750,  0.001]
------------------------------------------------------------
--- Step 660 ---
Leader (True): [ 0.169, -0.422,  0.141, -2.233,  0.419,  2.325,  0.786]
Leader (Pred): [   nan,    nan,    nan,    nan,    nan,    nan,    nan]
Follower     : [ 0.000, -0.785,  0.000, -2.356,  0.000,  1.571,  0.785]
Action (Tau) : [   nan,    nan,    nan,    nan,    nan,    nan,    nan]
Error (T-F)  : [ 0.169,  0.363,  0.141,  0.123,  0.419,  0.755,  0.001]
------------------------------------------------------------
--- Step 670 ---
Leader (True): [ 0.171, -0.416,  0.142, -2.228,  0.420,  2.330,  0.786]
Leader (Pred): [   nan,    nan,    nan,    nan,    nan,    nan,    nan]
Follower     : [ 0.000, -0.785,  0.000, -2.356,  0.000,  1.571,  0.785]
Action (Tau) : [   nan,    nan,    nan,    nan,    nan,    nan,    nan]
Error (T-F)  : [ 0.171,  0.369,  0.142,  0.128,  0.420,  0.759,  0.001]
------------------------------------------------------------
--- Step 680 ---
Leader (True): [ 0.172, -0.410,  0.144, -2.224,  0.421,  2.334,  0.786]
Leader (Pred): [   nan,    nan,    nan,    nan,    nan,    nan,    nan]
Follower     : [ 0.000, -0.785,  0.000, -2.356,  0.000,  1.571,  0.785]
Action (Tau) : [   nan,    nan,    nan,    nan,    nan,    nan,    nan]
Error (T-F)  : [ 0.172,  0.375,  0.144,  0.132,  0.421,  0.763,  0.001]
------------------------------------------------------------
--- Step 690 ---
Leader (True): [ 0.173, -0.404,  0.145, -2.219,  0.422,  2.338,  0.786]
Leader (Pred): [   nan,    nan,    nan,    nan,    nan,    nan,    nan]
Follower     : [ 0.000, -0.785,  0.000, -2.356,  0.000,  1.571,  0.785]
Action (Tau) : [   nan,    nan,    nan,    nan,    nan,    nan,    nan]
Error (T-F)  : [ 0.173,  0.381,  0.145,  0.137,  0.422,  0.767,  0.001]
------------------------------------------------------------
--- Step 700 ---
Leader (True): [ 0.174, -0.398,  0.147, -2.215,  0.423,  2.341,  0.786]
Leader (Pred): [   nan,    nan,    nan,    nan,    nan,    nan,    nan]
Follower     : [ 0.000, -0.785,  0.000, -2.356,  0.000,  1.571,  0.785]
Action (Tau) : [   nan,    nan,    nan,    nan,    nan,    nan,    nan]
Error (T-F)  : [ 0.174,  0.387,  0.147,  0.141,  0.423,  0.771,  0.001]
------------------------------------------------------------
--- Step 710 ---
Leader (True): [ 0.175, -0.393,  0.148, -2.210,  0.424,  2.345,  0.786]
Leader (Pred): [   nan,    nan,    nan,    nan,    nan,    nan,    nan]
Follower     : [ 0.000, -0.785,  0.000, -2.356,  0.000,  1.571,  0.785]
Action (Tau) : [   nan,    nan,    nan,    nan,    nan,    nan,    nan]
Error (T-F)  : [ 0.175,  0.392,  0.148,  0.146,  0.424,  0.774,  0.001]
------------------------------------------------------------
--- Step 720 ---
Leader (True): [ 0.175, -0.387,  0.150, -2.206,  0.425,  2.348,  0.786]
Leader (Pred): [   nan,    nan,    nan,    nan,    nan,    nan,    nan]
Follower     : [ 0.000, -0.785,  0.000, -2.356,  0.000,  1.571,  0.785]
Action (Tau) : [   nan,    nan,    nan,    nan,    nan,    nan,    nan]
Error (T-F)  : [ 0.175,  0.398,  0.150,  0.150,  0.425,  0.777,  0.001]
------------------------------------------------------------
--- Step 730 ---
Leader (True): [ 0.176, -0.382,  0.151, -2.202,  0.426,  2.351,  0.786]
Leader (Pred): [   nan,    nan,    nan,    nan,    nan,    nan,    nan]
Follower     : [ 0.000, -0.785,  0.000, -2.356,  0.000,  1.571,  0.785]
Action (Tau) : [   nan,    nan,    nan,    nan,    nan,    nan,    nan]
Error (T-F)  : [ 0.176,  0.403,  0.151,  0.154,  0.426,  0.780,  0.001]
------------------------------------------------------------
--- Step 740 ---
Leader (True): [ 0.177, -0.378,  0.153, -2.198,  0.427,  2.353,  0.786]
Leader (Pred): [   nan,    nan,    nan,    nan,    nan,    nan,    nan]
Follower     : [ 0.000, -0.785,  0.000, -2.356,  0.000,  1.571,  0.785]
Action (Tau) : [   nan,    nan,    nan,    nan,    nan,    nan,    nan]
Error (T-F)  : [ 0.177,  0.407,  0.153,  0.158,  0.427,  0.782,  0.001]
------------------------------------------------------------
--- Step 750 ---
Leader (True): [ 0.178, -0.373,  0.154, -2.194,  0.429,  2.356,  0.786]
Leader (Pred): [   nan,    nan,    nan,    nan,    nan,    nan,    nan]
Follower     : [ 0.000, -0.785,  0.000, -2.356,  0.000,  1.571,  0.785]
Action (Tau) : [   nan,    nan,    nan,    nan,    nan,    nan,    nan]
Error (T-F)  : [ 0.178,  0.412,  0.154,  0.162,  0.429,  0.785,  0.001]
------------------------------------------------------------
--- Step 760 ---
Leader (True): [ 0.179, -0.369,  0.156, -2.191,  0.430,  2.358,  0.786]
Leader (Pred): [   nan,    nan,    nan,    nan,    nan,    nan,    nan]
Follower     : [ 0.000, -0.785,  0.000, -2.356,  0.000,  1.571,  0.785]
Action (Tau) : [   nan,    nan,    nan,    nan,    nan,    nan,    nan]
Error (T-F)  : [ 0.179,  0.416,  0.156,  0.165,  0.430,  0.787,  0.001]
------------------------------------------------------------
--- Step 770 ---
Leader (True): [ 0.180, -0.364,  0.157, -2.187,  0.432,  2.360,  0.786]
Leader (Pred): [   nan,    nan,    nan,    nan,    nan,    nan,    nan]
Follower     : [ 0.000, -0.785,  0.000, -2.356,  0.000,  1.571,  0.785]
Action (Tau) : [   nan,    nan,    nan,    nan,    nan,    nan,    nan]
Error (T-F)  : [ 0.180,  0.421,  0.157,  0.169,  0.432,  0.789,  0.001]
------------------------------------------------------------
--- Step 780 ---
Leader (True): [ 0.180, -0.361,  0.159, -2.184,  0.433,  2.362,  0.786]
Leader (Pred): [   nan,    nan,    nan,    nan,    nan,    nan,    nan]
Follower     : [ 0.000, -0.785,  0.000, -2.356,  0.000,  1.571,  0.785]
Action (Tau) : [   nan,    nan,    nan,    nan,    nan,    nan,    nan]
Error (T-F)  : [ 0.180,  0.424,  0.159,  0.172,  0.433,  0.791,  0.001]
------------------------------------------------------------
--- Step 790 ---
Leader (True): [ 0.181, -0.357,  0.160, -2.181,  0.435,  2.363,  0.786]
Leader (Pred): [   nan,    nan,    nan,    nan,    nan,    nan,    nan]
Follower     : [ 0.000, -0.785,  0.000, -2.356,  0.000,  1.571,  0.785]
Action (Tau) : [   nan,    nan,    nan,    nan,    nan,    nan,    nan]
Error (T-F)  : [ 0.181,  0.428,  0.160,  0.175,  0.435,  0.792,  0.001]
------------------------------------------------------------
--- Step 800 ---
Leader (True): [ 0.182, -0.353,  0.162, -2.178,  0.436,  2.365,  0.786]
Leader (Pred): [   nan,    nan,    nan,    nan,    nan,    nan,    nan]
Follower     : [ 0.000, -0.785,  0.000, -2.356,  0.000,  1.571,  0.785]
Action (Tau) : [   nan,    nan,    nan,    nan,    nan,    nan,    nan]
Error (T-F)  : [ 0.182,  0.432,  0.162,  0.178,  0.436,  0.794,  0.001]
------------------------------------------------------------
--- Step 810 ---
Leader (True): [ 0.183, -0.350,  0.163, -2.175,  0.438,  2.366,  0.786]
Leader (Pred): [   nan,    nan,    nan,    nan,    nan,    nan,    nan]
Follower     : [ 0.000, -0.785,  0.000, -2.356,  0.000,  1.571,  0.785]
Action (Tau) : [   nan,    nan,    nan,    nan,    nan,    nan,    nan]
Error (T-F)  : [ 0.183,  0.435,  0.163,  0.181,  0.438,  0.795,  0.001]
------------------------------------------------------------
--- Step 820 ---
Leader (True): [ 0.183, -0.347,  0.165, -2.172,  0.440,  2.367,  0.786]
Leader (Pred): [   nan,    nan,    nan,    nan,    nan,    nan,    nan]
Follower     : [ 0.000, -0.785,  0.000, -2.356,  0.000,  1.571,  0.785]
Action (Tau) : [   nan,    nan,    nan,    nan,    nan,    nan,    nan]
Error (T-F)  : [ 0.183,  0.438,  0.165,  0.184,  0.440,  0.796,  0.001]
------------------------------------------------------------
--- Step 830 ---
Leader (True): [ 0.184, -0.344,  0.166, -2.170,  0.442,  2.368,  0.786]
Leader (Pred): [   nan,    nan,    nan,    nan,    nan,    nan,    nan]
Follower     : [ 0.000, -0.785,  0.000, -2.356,  0.000,  1.571,  0.785]
Action (Tau) : [   nan,    nan,    nan,    nan,    nan,    nan,    nan]
Error (T-F)  : [ 0.184,  0.441,  0.166,  0.186,  0.442,  0.797,  0.001]
------------------------------------------------------------
--- Step 840 ---
Leader (True): [ 0.185, -0.342,  0.168, -2.168,  0.444,  2.368,  0.785]
Leader (Pred): [   nan,    nan,    nan,    nan,    nan,    nan,    nan]
Follower     : [ 0.000, -0.785,  0.000, -2.356,  0.000,  1.571,  0.785]
Action (Tau) : [   nan,    nan,    nan,    nan,    nan,    nan,    nan]
Error (T-F)  : [ 0.185,  0.443,  0.168,  0.188,  0.444,  0.797,  0.000]
------------------------------------------------------------
--- Step 850 ---
Leader (True): [ 0.185, -0.340,  0.169, -2.166,  0.446,  2.369,  0.785]
Leader (Pred): [   nan,    nan,    nan,    nan,    nan,    nan,    nan]
Follower     : [ 0.000, -0.785,  0.000, -2.356,  0.000,  1.571,  0.785]
Action (Tau) : [   nan,    nan,    nan,    nan,    nan,    nan,    nan]
Error (T-F)  : [ 0.185,  0.445,  0.169,  0.190,  0.446,  0.798,  0.000]
------------------------------------------------------------
--- Step 860 ---
Leader (True): [ 0.186, -0.338,  0.171, -2.164,  0.448,  2.369,  0.785]
Leader (Pred): [   nan,    nan,    nan,    nan,    nan,    nan,    nan]
Follower     : [ 0.000, -0.785,  0.000, -2.356,  0.000,  1.571,  0.785]
Action (Tau) : [   nan,    nan,    nan,    nan,    nan,    nan,    nan]
Error (T-F)  : [ 0.186,  0.447,  0.171,  0.192,  0.448,  0.798,  0.000]
------------------------------------------------------------
--- Step 870 ---
Leader (True): [ 0.187, -0.336,  0.172, -2.162,  0.450,  2.369,  0.785]
Leader (Pred): [   nan,    nan,    nan,    nan,    nan,    nan,    nan]
Follower     : [ 0.000, -0.785,  0.000, -2.356,  0.000,  1.571,  0.785]
Action (Tau) : [   nan,    nan,    nan,    nan,    nan,    nan,    nan]
Error (T-F)  : [ 0.187,  0.449,  0.172,  0.194,  0.450,  0.798,  0.000]
------------------------------------------------------------
--- Step 880 ---
Leader (True): [ 0.188, -0.334,  0.174, -2.160,  0.453,  2.369,  0.785]
Leader (Pred): [   nan,    nan,    nan,    nan,    nan,    nan,    nan]
Follower     : [ 0.000, -0.785,  0.000, -2.356,  0.000,  1.571,  0.785]
Action (Tau) : [   nan,    nan,    nan,    nan,    nan,    nan,    nan]
Error (T-F)  : [ 0.188,  0.451,  0.174,  0.196,  0.453,  0.798,  0.000]
------------------------------------------------------------
--- Step 890 ---
Leader (True): [ 0.188, -0.333,  0.175, -2.159,  0.455,  2.369,  0.785]
Leader (Pred): [   nan,    nan,    nan,    nan,    nan,    nan,    nan]
Follower     : [ 0.000, -0.785,  0.000, -2.356,  0.000,  1.571,  0.785]
Action (Tau) : [   nan,    nan,    nan,    nan,    nan,    nan,    nan]
Error (T-F)  : [ 0.188,  0.452,  0.175,  0.197,  0.455,  0.798,  0.000]
------------------------------------------------------------
--- Step 900 ---
Leader (True): [ 0.189, -0.332,  0.176, -2.158,  0.457,  2.368,  0.785]
Leader (Pred): [   nan,    nan,    nan,    nan,    nan,    nan,    nan]
Follower     : [ 0.000, -0.785,  0.000, -2.356,  0.000,  1.571,  0.785]
Action (Tau) : [   nan,    nan,    nan,    nan,    nan,    nan,    nan]
Error (T-F)  : [ 0.189,  0.453,  0.176,  0.198,  0.457,  0.797,  0.000]
------------------------------------------------------------
--- Step 910 ---
Leader (True): [ 0.190, -0.331,  0.177, -2.157,  0.460,  2.367,  0.785]
Leader (Pred): [   nan,    nan,    nan,    nan,    nan,    nan,    nan]
Follower     : [ 0.000, -0.785,  0.000, -2.356,  0.000,  1.571,  0.785]
Action (Tau) : [   nan,    nan,    nan,    nan,    nan,    nan,    nan]
Error (T-F)  : [ 0.190,  0.454,  0.177,  0.199,  0.460,  0.797, -0.000]
------------------------------------------------------------
--- Step 920 ---
Leader (True): [ 0.191, -0.330,  0.179, -2.156,  0.462,  2.367,  0.785]
Leader (Pred): [   nan,    nan,    nan,    nan,    nan,    nan,    nan]
Follower     : [ 0.000, -0.785,  0.000, -2.356,  0.000,  1.571,  0.785]
Action (Tau) : [   nan,    nan,    nan,    nan,    nan,    nan,    nan]
Error (T-F)  : [ 0.191,  0.455,  0.179,  0.200,  0.462,  0.796, -0.000]
------------------------------------------------------------
--- Step 930 ---
Leader (True): [ 0.192, -0.329,  0.180, -2.155,  0.465,  2.366,  0.785]
Leader (Pred): [   nan,    nan,    nan,    nan,    nan,    nan,    nan]
Follower     : [ 0.000, -0.785,  0.000, -2.356,  0.000,  1.571,  0.785]
Action (Tau) : [   nan,    nan,    nan,    nan,    nan,    nan,    nan]
Error (T-F)  : [ 0.192,  0.456,  0.180,  0.201,  0.465,  0.795, -0.000]
------------------------------------------------------------
--- Step 940 ---
Leader (True): [ 0.193, -0.329,  0.181, -2.155,  0.468,  2.365,  0.785]
Leader (Pred): [   nan,    nan,    nan,    nan,    nan,    nan,    nan]
Follower     : [ 0.000, -0.785,  0.000, -2.356,  0.000,  1.571,  0.785]
Action (Tau) : [   nan,    nan,    nan,    nan,    nan,    nan,    nan]
Error (T-F)  : [ 0.193,  0.456,  0.181,  0.201,  0.468,  0.794, -0.000]
------------------------------------------------------------
--- Step 950 ---
Leader (True): [ 0.194, -0.329,  0.182, -2.155,  0.470,  2.363,  0.785]
Leader (Pred): [   nan,    nan,    nan,    nan,    nan,    nan,    nan]
Follower     : [ 0.000, -0.785,  0.000, -2.356,  0.000,  1.571,  0.785]
Action (Tau) : [   nan,    nan,    nan,    nan,    nan,    nan,    nan]
Error (T-F)  : [ 0.194,  0.456,  0.182,  0.201,  0.470,  0.792, -0.000]
------------------------------------------------------------
--- Step 960 ---
Leader (True): [ 0.194, -0.329,  0.183, -2.154,  0.473,  2.362,  0.785]
Leader (Pred): [   nan,    nan,    nan,    nan,    nan,    nan,    nan]
Follower     : [ 0.000, -0.785,  0.000, -2.356,  0.000,  1.571,  0.785]
Action (Tau) : [   nan,    nan,    nan,    nan,    nan,    nan,    nan]
Error (T-F)  : [ 0.194,  0.456,  0.183,  0.202,  0.473,  0.791, -0.000]
------------------------------------------------------------
--- Step 970 ---
Leader (True): [ 0.195, -0.329,  0.184, -2.154,  0.476,  2.360,  0.784]
Leader (Pred): [   nan,    nan,    nan,    nan,    nan,    nan,    nan]
Follower     : [ 0.000, -0.785,  0.000, -2.356,  0.000,  1.571,  0.785]
Action (Tau) : [   nan,    nan,    nan,    nan,    nan,    nan,    nan]
Error (T-F)  : [ 0.195,  0.456,  0.184,  0.202,  0.476,  0.789, -0.001]
------------------------------------------------------------
--- Step 980 ---
Leader (True): [ 0.196, -0.329,  0.184, -2.154,  0.479,  2.358,  0.784]
Leader (Pred): [   nan,    nan,    nan,    nan,    nan,    nan,    nan]
Follower     : [ 0.000, -0.785,  0.000, -2.356,  0.000,  1.571,  0.785]
Action (Tau) : [   nan,    nan,    nan,    nan,    nan,    nan,    nan]
Error (T-F)  : [ 0.196,  0.456,  0.184,  0.202,  0.479,  0.788, -0.001]
------------------------------------------------------------
--- Step 990 ---
Leader (True): [ 0.197, -0.330,  0.185, -2.155,  0.482,  2.357,  0.784]
Leader (Pred): [   nan,    nan,    nan,    nan,    nan,    nan,    nan]
Follower     : [ 0.000, -0.785,  0.000, -2.356,  0.000,  1.571,  0.785]
Action (Tau) : [   nan,    nan,    nan,    nan,    nan,    nan,    nan]
Error (T-F)  : [ 0.197,  0.455,  0.185,  0.201,  0.482,  0.786, -0.001]
------------------------------------------------------------
--- Step 1000 ---
Leader (True): [ 0.198, -0.331,  0.186, -2.155,  0.484,  2.354,  0.784]
Leader (Pred): [   nan,    nan,    nan,    nan,    nan,    nan,    nan]
Follower     : [ 0.000, -0.785,  0.000, -2.356,  0.000,  1.571,  0.785]
Action (Tau) : [   nan,    nan,    nan,    nan,    nan,    nan,    nan]
Error (T-F)  : [ 0.198,  0.454,  0.186,  0.201,  0.484,  0.784, -0.001]
------------------------------------------------------------
--- Step 1010 ---
Leader (True): [ 0.199, -0.331,  0.187, -2.155,  0.487,  2.352,  0.784]
Leader (Pred): [   nan,    nan,    nan,    nan,    nan,    nan,    nan]
Follower     : [ 0.000, -0.785,  0.000, -2.356,  0.000,  1.571,  0.785]
Action (Tau) : [   nan,    nan,    nan,    nan,    nan,    nan,    nan]
Error (T-F)  : [ 0.199,  0.454,  0.187,  0.201,  0.487,  0.781, -0.001]
------------------------------------------------------------
--- Step 1020 ---
Leader (True): [ 0.200, -0.332,  0.187, -2.156,  0.490,  2.350,  0.784]
Leader (Pred): [   nan,    nan,    nan,    nan,    nan,    nan,    nan]
Follower     : [ 0.000, -0.785,  0.000, -2.356,  0.000,  1.571,  0.785]
Action (Tau) : [   nan,    nan,    nan,    nan,    nan,    nan,    nan]
Error (T-F)  : [ 0.200,  0.453,  0.187,  0.200,  0.490,  0.779, -0.001]
------------------------------------------------------------
--- Step 1030 ---
Leader (True): [ 0.201, -0.333,  0.188, -2.156,  0.493,  2.347,  0.784]
Leader (Pred): [   nan,    nan,    nan,    nan,    nan,    nan,    nan]
Follower     : [ 0.000, -0.785,  0.000, -2.356,  0.000,  1.571,  0.785]
Action (Tau) : [   nan,    nan,    nan,    nan,    nan,    nan,    nan]
Error (T-F)  : [ 0.201,  0.452,  0.188,  0.200,  0.493,  0.776, -0.001]
------------------------------------------------------------
--- Step 1040 ---
Leader (True): [ 0.202, -0.335,  0.188, -2.157,  0.497,  2.344,  0.784]
Leader (Pred): [   nan,    nan,    nan,    nan,    nan,    nan,    nan]
Follower     : [ 0.000, -0.785,  0.000, -2.356,  0.000,  1.571,  0.785]
Action (Tau) : [   nan,    nan,    nan,    nan,    nan,    nan,    nan]
Error (T-F)  : [ 0.202,  0.450,  0.188,  0.199,  0.497,  0.774, -0.001]
------------------------------------------------------------
--- Step 1050 ---
Leader (True): [ 0.204, -0.336,  0.189, -2.158,  0.500,  2.341,  0.784]
Leader (Pred): [   nan,    nan,    nan,    nan,    nan,    nan,    nan]
Follower     : [ 0.000, -0.785,  0.000, -2.356,  0.000,  1.571,  0.785]
Action (Tau) : [   nan,    nan,    nan,    nan,    nan,    nan,    nan]
Error (T-F)  : [ 0.204,  0.449,  0.189,  0.198,  0.500,  0.771, -0.001]
------------------------------------------------------------
--- Step 1060 ---
Leader (True): [ 0.205, -0.337,  0.189, -2.159,  0.503,  2.338,  0.784]
Leader (Pred): [   nan,    nan,    nan,    nan,    nan,    nan,    nan]
Follower     : [ 0.000, -0.785,  0.000, -2.356,  0.000,  1.571,  0.785]
Action (Tau) : [   nan,    nan,    nan,    nan,    nan,    nan,    nan]
Error (T-F)  : [ 0.205,  0.448,  0.189,  0.197,  0.503,  0.767, -0.001]
------------------------------------------------------------
--- Step 1070 ---
Leader (True): [ 0.206, -0.339,  0.190, -2.160,  0.507,  2.335,  0.784]
Leader (Pred): [   nan,    nan,    nan,    nan,    nan,    nan,    nan]
Follower     : [ 0.000, -0.785,  0.000, -2.356,  0.000,  1.571,  0.785]
Action (Tau) : [   nan,    nan,    nan,    nan,    nan,    nan,    nan]
Error (T-F)  : [ 0.206,  0.446,  0.190,  0.196,  0.507,  0.764, -0.001]
------------------------------------------------------------
--- Step 1080 ---
Leader (True): [ 0.207, -0.341,  0.190, -2.161,  0.510,  2.331,  0.783]
Leader (Pred): [   nan,    nan,    nan,    nan,    nan,    nan,    nan]
Follower     : [ 0.000, -0.785,  0.000, -2.356,  0.000,  1.571,  0.785]
Action (Tau) : [   nan,    nan,    nan,    nan,    nan,    nan,    nan]
Error (T-F)  : [ 0.207,  0.444,  0.190,  0.195,  0.510,  0.760, -0.002]
------------------------------------------------------------
--- Step 1090 ---
Leader (True): [ 0.208, -0.343,  0.191, -2.162,  0.514,  2.327,  0.783]
Leader (Pred): [   nan,    nan,    nan,    nan,    nan,    nan,    nan]
Follower     : [ 0.000, -0.785,  0.000, -2.356,  0.000,  1.571,  0.785]
Action (Tau) : [   nan,    nan,    nan,    nan,    nan,    nan,    nan]
Error (T-F)  : [ 0.208,  0.442,  0.191,  0.194,  0.514,  0.756, -0.002]
------------------------------------------------------------
--- Step 1100 ---
Leader (True): [ 0.209, -0.345,  0.191, -2.164,  0.518,  2.323,  0.783]
Leader (Pred): [   nan,    nan,    nan,    nan,    nan,    nan,    nan]
Follower     : [ 0.000, -0.785,  0.000, -2.356,  0.000,  1.571,  0.785]
Action (Tau) : [   nan,    nan,    nan,    nan,    nan,    nan,    nan]
Error (T-F)  : [ 0.209,  0.440,  0.191,  0.192,  0.518,  0.752, -0.002]
------------------------------------------------------------
--- Step 1110 ---
Leader (True): [ 0.211, -0.348,  0.192, -2.165,  0.522,  2.319,  0.783]
Leader (Pred): [   nan,    nan,    nan,    nan,    nan,    nan,    nan]
Follower     : [ 0.000, -0.785,  0.000, -2.356,  0.000,  1.571,  0.785]
Action (Tau) : [   nan,    nan,    nan,    nan,    nan,    nan,    nan]
Error (T-F)  : [ 0.211,  0.437,  0.192,  0.191,  0.522,  0.748, -0.002]
------------------------------------------------------------
--- Step 1120 ---
Leader (True): [ 0.212, -0.350,  0.192, -2.167,  0.526,  2.314,  0.783]
Leader (Pred): [   nan,    nan,    nan,    nan,    nan,    nan,    nan]
Follower     : [ 0.000, -0.785,  0.000, -2.356,  0.000,  1.571,  0.785]
Action (Tau) : [   nan,    nan,    nan,    nan,    nan,    nan,    nan]
Error (T-F)  : [ 0.212,  0.435,  0.192,  0.189,  0.526,  0.743, -0.002]
------------------------------------------------------------
--- Step 1130 ---
Leader (True): [ 0.213, -0.353,  0.193, -2.169,  0.530,  2.309,  0.783]
Leader (Pred): [   nan,    nan,    nan,    nan,    nan,    nan,    nan]
Follower     : [ 0.000, -0.785,  0.000, -2.356,  0.000,  1.571,  0.785]
Action (Tau) : [   nan,    nan,    nan,    nan,    nan,    nan,    nan]
Error (T-F)  : [ 0.213,  0.432,  0.193,  0.187,  0.530,  0.739, -0.002]
------------------------------------------------------------
--- Step 1140 ---
Leader (True): [ 0.214, -0.356,  0.193, -2.171,  0.534,  2.304,  0.783]
Leader (Pred): [   nan,    nan,    nan,    nan,    nan,    nan,    nan]
Follower     : [ 0.000, -0.785,  0.000, -2.356,  0.000,  1.571,  0.785]
Action (Tau) : [   nan,    nan,    nan,    nan,    nan,    nan,    nan]
Error (T-F)  : [ 0.214,  0.429,  0.193,  0.185,  0.534,  0.734, -0.002]
------------------------------------------------------------
--- Step 1150 ---
Leader (True): [ 0.216, -0.359,  0.194, -2.173,  0.539,  2.299,  0.783]
Leader (Pred): [   nan,    nan,    nan,    nan,    nan,    nan,    nan]
Follower     : [ 0.000, -0.785,  0.000, -2.356,  0.000,  1.571,  0.785]
Action (Tau) : [   nan,    nan,    nan,    nan,    nan,    nan,    nan]
Error (T-F)  : [ 0.216,  0.426,  0.194,  0.183,  0.539,  0.728, -0.002]
------------------------------------------------------------
--- Step 1160 ---
Leader (True): [ 0.217, -0.362,  0.194, -2.175,  0.543,  2.294,  0.783]
Leader (Pred): [   nan,    nan,    nan,    nan,    nan,    nan,    nan]
Follower     : [ 0.000, -0.785,  0.000, -2.356,  0.000,  1.571,  0.785]
Action (Tau) : [   nan,    nan,    nan,    nan,    nan,    nan,    nan]
Error (T-F)  : [ 0.217,  0.423,  0.194,  0.181,  0.543,  0.723, -0.002]
------------------------------------------------------------
--- Step 1170 ---
Leader (True): [ 0.218, -0.366,  0.194, -2.178,  0.548,  2.288,  0.782]
Leader (Pred): [   nan,    nan,    nan,    nan,    nan,    nan,    nan]
Follower     : [ 0.000, -0.785,  0.000, -2.356,  0.000,  1.571,  0.785]
Action (Tau) : [   nan,    nan,    nan,    nan,    nan,    nan,    nan]
Error (T-F)  : [ 0.218,  0.419,  0.194,  0.178,  0.548,  0.717, -0.003]
------------------------------------------------------------
--- Step 1180 ---
Leader (True): [ 0.219, -0.370,  0.195, -2.180,  0.553,  2.282,  0.782]
Leader (Pred): [   nan,    nan,    nan,    nan,    nan,    nan,    nan]
Follower     : [ 0.000, -0.785,  0.000, -2.356,  0.000,  1.571,  0.785]
Action (Tau) : [   nan,    nan,    nan,    nan,    nan,    nan,    nan]
Error (T-F)  : [ 0.219,  0.415,  0.195,  0.176,  0.553,  0.711, -0.003]
------------------------------------------------------------
--- Step 1190 ---
Leader (True): [ 0.221, -0.374,  0.195, -2.183,  0.558,  2.276,  0.782]
Leader (Pred): [   nan,    nan,    nan,    nan,    nan,    nan,    nan]
Follower     : [ 0.000, -0.785,  0.000, -2.356,  0.000,  1.571,  0.785]
Action (Tau) : [   nan,    nan,    nan,    nan,    nan,    nan,    nan]
Error (T-F)  : [ 0.221,  0.411,  0.195,  0.173,  0.558,  0.705, -0.003]
------------------------------------------------------------
--- Step 1200 ---
Leader (True): [ 0.222, -0.378,  0.196, -2.186,  0.563,  2.270,  0.782]
Leader (Pred): [   nan,    nan,    nan,    nan,    nan,    nan,    nan]
Follower     : [ 0.000, -0.785,  0.000, -2.356,  0.000,  1.571,  0.785]
Action (Tau) : [   nan,    nan,    nan,    nan,    nan,    nan,    nan]
Error (T-F)  : [ 0.222,  0.407,  0.196,  0.170,  0.563,  0.699, -0.003]
------------------------------------------------------------
--- Step 1210 ---
Leader (True): [ 0.223, -0.382,  0.196, -2.189,  0.568,  2.263,  0.782]
Leader (Pred): [   nan,    nan,    nan,    nan,    nan,    nan,    nan]
Follower     : [ 0.000, -0.785,  0.000, -2.356,  0.000,  1.571,  0.785]
Action (Tau) : [   nan,    nan,    nan,    nan,    nan,    nan,    nan]
Error (T-F)  : [ 0.223,  0.403,  0.196,  0.167,  0.568,  0.693, -0.003]
------------------------------------------------------------
--- Step 1220 ---
Leader (True): [ 0.224, -0.386,  0.196, -2.192,  0.573,  2.257,  0.782]
Leader (Pred): [   nan,    nan,    nan,    nan,    nan,    nan,    nan]
Follower     : [ 0.000, -0.785,  0.000, -2.356,  0.000,  1.571,  0.785]
Action (Tau) : [   nan,    nan,    nan,    nan,    nan,    nan,    nan]
Error (T-F)  : [ 0.224,  0.399,  0.196,  0.164,  0.573,  0.686, -0.003]
------------------------------------------------------------
--- Step 1230 ---
Leader (True): [ 0.225, -0.391,  0.197, -2.195,  0.579,  2.250,  0.782]
Leader (Pred): [   nan,    nan,    nan,    nan,    nan,    nan,    nan]
Follower     : [ 0.000, -0.785,  0.000, -2.356,  0.000,  1.571,  0.785]
Action (Tau) : [   nan,    nan,    nan,    nan,    nan,    nan,    nan]
Error (T-F)  : [ 0.225,  0.394,  0.197,  0.161,  0.579,  0.679, -0.003]
------------------------------------------------------------
--- Step 1240 ---
Leader (True): [ 0.227, -0.395,  0.197, -2.198,  0.584,  2.242,  0.782]
Leader (Pred): [   nan,    nan,    nan,    nan,    nan,    nan,    nan]
Follower     : [ 0.000, -0.785,  0.000, -2.356,  0.000,  1.571,  0.785]
Action (Tau) : [   nan,    nan,    nan,    nan,    nan,    nan,    nan]
Error (T-F)  : [ 0.227,  0.390,  0.197,  0.158,  0.584,  0.671, -0.003]
------------------------------------------------------------
--- Step 1250 ---
Leader (True): [ 0.228, -0.400,  0.197, -2.202,  0.590,  2.235,  0.782]
Leader (Pred): [   nan,    nan,    nan,    nan,    nan,    nan,    nan]
Follower     : [ 0.000, -0.785,  0.000, -2.356,  0.000,  1.571,  0.785]
Action (Tau) : [   nan,    nan,    nan,    nan,    nan,    nan,    nan]
Error (T-F)  : [ 0.228,  0.385,  0.197,  0.154,  0.590,  0.664, -0.003]
------------------------------------------------------------
--- Step 1260 ---
Leader (True): [ 0.229, -0.405,  0.198, -2.205,  0.595,  2.227,  0.781]
Leader (Pred): [   nan,    nan,    nan,    nan,    nan,    nan,    nan]
Follower     : [ 0.000, -0.785,  0.000, -2.356,  0.000,  1.571,  0.785]
Action (Tau) : [   nan,    nan,    nan,    nan,    nan,    nan,    nan]
Error (T-F)  : [ 0.229,  0.380,  0.198,  0.151,  0.595,  0.657, -0.004]
------------------------------------------------------------
--- Step 1270 ---
Leader (True): [ 0.230, -0.410,  0.198, -2.209,  0.601,  2.219,  0.781]
Leader (Pred): [   nan,    nan,    nan,    nan,    nan,    nan,    nan]
Follower     : [ 0.000, -0.785,  0.000, -2.356,  0.000,  1.571,  0.785]
Action (Tau) : [   nan,    nan,    nan,    nan,    nan,    nan,    nan]
Error (T-F)  : [ 0.230,  0.375,  0.198,  0.147,  0.601,  0.649, -0.004]
------------------------------------------------------------
--- Step 1280 ---
Leader (True): [ 0.231, -0.416,  0.198, -2.213,  0.607,  2.211,  0.781]
Leader (Pred): [   nan,    nan,    nan,    nan,    nan,    nan,    nan]
Follower     : [ 0.000, -0.785,  0.000, -2.356,  0.000,  1.571,  0.785]
Action (Tau) : [   nan,    nan,    nan,    nan,    nan,    nan,    nan]
Error (T-F)  : [ 0.231,  0.369,  0.198,  0.143,  0.607,  0.640, -0.004]
------------------------------------------------------------
--- Step 1290 ---
Leader (True): [ 0.232, -0.421,  0.199, -2.216,  0.612,  2.203,  0.781]
Leader (Pred): [   nan,    nan,    nan,    nan,    nan,    nan,    nan]
Follower     : [ 0.000, -0.785,  0.000, -2.356,  0.000,  1.571,  0.785]
Action (Tau) : [   nan,    nan,    nan,    nan,    nan,    nan,    nan]
Error (T-F)  : [ 0.232,  0.364,  0.199,  0.140,  0.612,  0.632, -0.004]
------------------------------------------------------------
--- Step 1300 ---
Leader (True): [ 0.233, -0.426,  0.199, -2.220,  0.618,  2.194,  0.781]
Leader (Pred): [   nan,    nan,    nan,    nan,    nan,    nan,    nan]
Follower     : [ 0.000, -0.785,  0.000, -2.356,  0.000,  1.571,  0.785]
Action (Tau) : [   nan,    nan,    nan,    nan,    nan,    nan,    nan]
Error (T-F)  : [ 0.233,  0.359,  0.199,  0.136,  0.618,  0.623, -0.004]
------------------------------------------------------------
--- Step 1310 ---
Leader (True): [ 0.234, -0.432,  0.199, -2.224,  0.624,  2.186,  0.781]
Leader (Pred): [   nan,    nan,    nan,    nan,    nan,    nan,    nan]
Follower     : [ 0.000, -0.785,  0.000, -2.356,  0.000,  1.571,  0.785]
Action (Tau) : [   nan,    nan,    nan,    nan,    nan,    nan,    nan]
Error (T-F)  : [ 0.234,  0.353,  0.199,  0.132,  0.624,  0.615, -0.004]
------------------------------------------------------------
--- Step 1320 ---
Leader (True): [ 0.235, -0.438,  0.200, -2.228,  0.630,  2.177,  0.781]
Leader (Pred): [   nan,    nan,    nan,    nan,    nan,    nan,    nan]
Follower     : [ 0.000, -0.785,  0.000, -2.356,  0.000,  1.571,  0.785]
Action (Tau) : [   nan,    nan,    nan,    nan,    nan,    nan,    nan]
Error (T-F)  : [ 0.235,  0.347,  0.200,  0.128,  0.630,  0.606, -0.004]
------------------------------------------------------------
--- Step 1330 ---
Leader (True): [ 0.235, -0.444,  0.200, -2.232,  0.636,  2.167,  0.781]
Leader (Pred): [   nan,    nan,    nan,    nan,    nan,    nan,    nan]
Follower     : [ 0.000, -0.785,  0.000, -2.356,  0.000,  1.571,  0.785]
Action (Tau) : [   nan,    nan,    nan,    nan,    nan,    nan,    nan]
Error (T-F)  : [ 0.235,  0.341,  0.200,  0.124,  0.636,  0.596, -0.004]
------------------------------------------------------------
--- Step 1340 ---
Leader (True): [ 0.236, -0.449,  0.200, -2.236,  0.642,  2.158,  0.781]
Leader (Pred): [   nan,    nan,    nan,    nan,    nan,    nan,    nan]
Follower     : [ 0.000, -0.785,  0.000, -2.356,  0.000,  1.571,  0.785]
Action (Tau) : [   nan,    nan,    nan,    nan,    nan,    nan,    nan]
Error (T-F)  : [ 0.236,  0.336,  0.200,  0.120,  0.642,  0.587, -0.004]
------------------------------------------------------------
--- Step 1350 ---
Leader (True): [ 0.237, -0.455,  0.201, -2.240,  0.648,  2.148,  0.781]
Leader (Pred): [   nan,    nan,    nan,    nan,    nan,    nan,    nan]
Follower     : [ 0.000, -0.785,  0.000, -2.356,  0.000,  1.571,  0.785]
Action (Tau) : [   nan,    nan,    nan,    nan,    nan,    nan,    nan]
Error (T-F)  : [ 0.237,  0.330,  0.201,  0.116,  0.648,  0.577, -0.004]
------------------------------------------------------------
--- Step 1360 ---
Leader (True): [ 0.238, -0.461,  0.201, -2.244,  0.654,  2.138,  0.781]
Leader (Pred): [   nan,    nan,    nan,    nan,    nan,    nan,    nan]
Follower     : [ 0.000, -0.785,  0.000, -2.356,  0.000,  1.571,  0.785]
Action (Tau) : [   nan,    nan,    nan,    nan,    nan,    nan,    nan]
Error (T-F)  : [ 0.238,  0.324,  0.201,  0.112,  0.654,  0.567, -0.004]
------------------------------------------------------------
--- Step 1370 ---
Leader (True): [ 0.238, -0.467,  0.201, -2.249,  0.660,  2.128,  0.780]
Leader (Pred): [   nan,    nan,    nan,    nan,    nan,    nan,    nan]
Follower     : [ 0.000, -0.785,  0.000, -2.356,  0.000,  1.571,  0.785]
Action (Tau) : [   nan,    nan,    nan,    nan,    nan,    nan,    nan]
Error (T-F)  : [ 0.238,  0.318,  0.201,  0.107,  0.660,  0.557, -0.005]
------------------------------------------------------------
--- Step 1380 ---
Leader (True): [ 0.239, -0.474,  0.201, -2.253,  0.666,  2.117,  0.780]
Leader (Pred): [   nan,    nan,    nan,    nan,    nan,    nan,    nan]
Follower     : [ 0.000, -0.785,  0.000, -2.356,  0.000,  1.571,  0.785]
Action (Tau) : [   nan,    nan,    nan,    nan,    nan,    nan,    nan]
Error (T-F)  : [ 0.239,  0.311,  0.201,  0.103,  0.666,  0.547, -0.005]
------------------------------------------------------------
--- Step 1390 ---
Leader (True): [ 0.240, -0.480,  0.202, -2.257,  0.672,  2.107,  0.780]
Leader (Pred): [   nan,    nan,    nan,    nan,    nan,    nan,    nan]
Follower     : [ 0.000, -0.785,  0.000, -2.356,  0.000,  1.571,  0.785]
Action (Tau) : [   nan,    nan,    nan,    nan,    nan,    nan,    nan]
Error (T-F)  : [ 0.240,  0.305,  0.202,  0.099,  0.672,  0.536, -0.005]
------------------------------------------------------------
--- Step 1400 ---
Leader (True): [ 0.240, -0.486,  0.202, -2.261,  0.678,  2.096,  0.780]
Leader (Pred): [   nan,    nan,    nan,    nan,    nan,    nan,    nan]
Follower     : [ 0.000, -0.785,  0.000, -2.356,  0.000,  1.571,  0.785]
Action (Tau) : [   nan,    nan,    nan,    nan,    nan,    nan,    nan]
Error (T-F)  : [ 0.240,  0.299,  0.202,  0.095,  0.678,  0.525, -0.005]
------------------------------------------------------------
--- Step 1410 ---
Leader (True): [ 0.241, -0.492,  0.202, -2.266,  0.684,  2.085,  0.780]
Leader (Pred): [   nan,    nan,    nan,    nan,    nan,    nan,    nan]
Follower     : [ 0.000, -0.785,  0.000, -2.356,  0.000,  1.571,  0.785]
Action (Tau) : [   nan,    nan,    nan,    nan,    nan,    nan,    nan]
Error (T-F)  : [ 0.241,  0.293,  0.202,  0.090,  0.684,  0.514, -0.005]
------------------------------------------------------------
--- Step 1420 ---
Leader (True): [ 0.241, -0.499,  0.202, -2.270,  0.690,  2.073,  0.780]
Leader (Pred): [   nan,    nan,    nan,    nan,    nan,    nan,    nan]
Follower     : [ 0.000, -0.785,  0.000, -2.356,  0.000,  1.571,  0.785]
Action (Tau) : [   nan,    nan,    nan,    nan,    nan,    nan,    nan]
Error (T-F)  : [ 0.241,  0.286,  0.202,  0.086,  0.690,  0.503, -0.005]
------------------------------------------------------------
--- Step 1430 ---
Leader (True): [ 0.242, -0.505,  0.202, -2.274,  0.696,  2.062,  0.780]
Leader (Pred): [   nan,    nan,    nan,    nan,    nan,    nan,    nan]
Follower     : [ 0.000, -0.785,  0.000, -2.356,  0.000,  1.571,  0.785]
Action (Tau) : [   nan,    nan,    nan,    nan,    nan,    nan,    nan]
Error (T-F)  : [ 0.242,  0.280,  0.202,  0.082,  0.696,  0.491, -0.005]
------------------------------------------------------------
--- Step 1440 ---
Leader (True): [ 0.242, -0.511,  0.203, -2.279,  0.702,  2.050,  0.780]
Leader (Pred): [   nan,    nan,    nan,    nan,    nan,    nan,    nan]
Follower     : [ 0.000, -0.785,  0.000, -2.356,  0.000,  1.571,  0.785]
Action (Tau) : [   nan,    nan,    nan,    nan,    nan,    nan,    nan]
Error (T-F)  : [ 0.242,  0.274,  0.203,  0.077,  0.702,  0.479, -0.005]
------------------------------------------------------------
--- Step 1450 ---
Leader (True): [ 0.243, -0.518,  0.203, -2.283,  0.708,  2.038,  0.780]
Leader (Pred): [   nan,    nan,    nan,    nan,    nan,    nan,    nan]
Follower     : [ 0.000, -0.785,  0.000, -2.356,  0.000,  1.571,  0.785]
Action (Tau) : [   nan,    nan,    nan,    nan,    nan,    nan,    nan]
Error (T-F)  : [ 0.243,  0.267,  0.203,  0.073,  0.708,  0.467, -0.005]
------------------------------------------------------------
--- Step 1460 ---
Leader (True): [ 0.243, -0.524,  0.203, -2.287,  0.714,  2.026,  0.780]
Leader (Pred): [   nan,    nan,    nan,    nan,    nan,    nan,    nan]
Follower     : [ 0.000, -0.785,  0.000, -2.356,  0.000,  1.571,  0.785]
Action (Tau) : [   nan,    nan,    nan,    nan,    nan,    nan,    nan]
Error (T-F)  : [ 0.243,  0.261,  0.203,  0.069,  0.714,  0.455, -0.005]
------------------------------------------------------------
--- Step 1470 ---
Leader (True): [ 0.243, -0.530,  0.203, -2.291,  0.720,  2.014,  0.781]
Leader (Pred): [   nan,    nan,    nan,    nan,    nan,    nan,    nan]
Follower     : [ 0.000, -0.785,  0.000, -2.356,  0.000,  1.571,  0.785]
Action (Tau) : [   nan,    nan,    nan,    nan,    nan,    nan,    nan]
Error (T-F)  : [ 0.243,  0.255,  0.203,  0.065,  0.720,  0.443, -0.004]
------------------------------------------------------------
--- Step 1480 ---
Leader (True): [ 0.244, -0.537,  0.203, -2.296,  0.725,  2.001,  0.781]
Leader (Pred): [   nan,    nan,    nan,    nan,    nan,    nan,    nan]
Follower     : [ 0.000, -0.785,  0.000, -2.356,  0.000,  1.571,  0.785]
Action (Tau) : [   nan,    nan,    nan,    nan,    nan,    nan,    nan]
Error (T-F)  : [ 0.244,  0.248,  0.203,  0.060,  0.725,  0.430, -0.004]
------------------------------------------------------------
--- Step 1490 ---
Leader (True): [ 0.244, -0.543,  0.203, -2.300,  0.731,  1.988,  0.781]
Leader (Pred): [   nan,    nan,    nan,    nan,    nan,    nan,    nan]
Follower     : [ 0.000, -0.785,  0.000, -2.356,  0.000,  1.571,  0.785]
Action (Tau) : [   nan,    nan,    nan,    nan,    nan,    nan,    nan]
Error (T-F)  : [ 0.244,  0.242,  0.203,  0.056,  0.731,  0.417, -0.004]
------------------------------------------------------------
--- Step 1500 ---
Leader (True): [ 0.244, -0.549,  0.203, -2.304,  0.737,  1.975,  0.781]
Leader (Pred): [   nan,    nan,    nan,    nan,    nan,    nan,    nan]
Follower     : [ 0.000, -0.785,  0.000, -2.356,  0.000,  1.571,  0.785]
Action (Tau) : [   nan,    nan,    nan,    nan,    nan,    nan,    nan]
Error (T-F)  : [ 0.244,  0.236,  0.203,  0.052,  0.737,  0.405, -0.004]
------------------------------------------------------------
--- Step 1510 ---
Leader (True): [ 0.245, -0.555,  0.203, -2.308,  0.742,  1.962,  0.781]
Leader (Pred): [   nan,    nan,    nan,    nan,    nan,    nan,    nan]
Follower     : [ 0.000, -0.785,  0.000, -2.356,  0.000,  1.571,  0.785]
Action (Tau) : [   nan,    nan,    nan,    nan,    nan,    nan,    nan]
Error (T-F)  : [ 0.245,  0.230,  0.203,  0.048,  0.742,  0.392, -0.004]
------------------------------------------------------------
--- Step 1520 ---
Leader (True): [ 0.245, -0.562,  0.203, -2.312,  0.748,  1.949,  0.781]
Leader (Pred): [   nan,    nan,    nan,    nan,    nan,    nan,    nan]
Follower     : [ 0.000, -0.785,  0.000, -2.356,  0.000,  1.571,  0.785]
Action (Tau) : [   nan,    nan,    nan,    nan,    nan,    nan,    nan]
Error (T-F)  : [ 0.245,  0.223,  0.203,  0.044,  0.748,  0.378, -0.004]
------------------------------------------------------------
--- Step 1530 ---
Leader (True): [ 0.245, -0.568,  0.203, -2.317,  0.753,  1.935,  0.781]
Leader (Pred): [   nan,    nan,    nan,    nan,    nan,    nan,    nan]
Follower     : [ 0.000, -0.785,  0.000, -2.356,  0.000,  1.571,  0.785]
Action (Tau) : [   nan,    nan,    nan,    nan,    nan,    nan,    nan]
Error (T-F)  : [ 0.245,  0.217,  0.203,  0.039,  0.753,  0.365, -0.004]
------------------------------------------------------------
--- Step 1540 ---
Leader (True): [ 0.245, -0.574,  0.203, -2.321,  0.758,  1.922,  0.781]
Leader (Pred): [   nan,    nan,    nan,    nan,    nan,    nan,    nan]
Follower     : [ 0.000, -0.785,  0.000, -2.356,  0.000,  1.571,  0.785]
Action (Tau) : [   nan,    nan,    nan,    nan,    nan,    nan,    nan]
Error (T-F)  : [ 0.245,  0.211,  0.203,  0.035,  0.758,  0.351, -0.004]
------------------------------------------------------------
--- Step 1550 ---
Leader (True): [ 0.246, -0.580,  0.203, -2.325,  0.764,  1.908,  0.781]
Leader (Pred): [   nan,    nan,    nan,    nan,    nan,    nan,    nan]
Follower     : [ 0.000, -0.785,  0.000, -2.356,  0.000,  1.571,  0.785]
Action (Tau) : [   nan,    nan,    nan,    nan,    nan,    nan,    nan]
Error (T-F)  : [ 0.246,  0.205,  0.203,  0.031,  0.764,  0.337, -0.004]
------------------------------------------------------------
--- Step 1560 ---
Leader (True): [ 0.246, -0.586,  0.203, -2.329,  0.769,  1.894,  0.782]
Leader (Pred): [   nan,    nan,    nan,    nan,    nan,    nan,    nan]
Follower     : [ 0.000, -0.785,  0.000, -2.356,  0.000,  1.571,  0.785]
Action (Tau) : [   nan,    nan,    nan,    nan,    nan,    nan,    nan]
Error (T-F)  : [ 0.246,  0.199,  0.203,  0.027,  0.769,  0.323, -0.003]
------------------------------------------------------------
--- Step 1570 ---
Leader (True): [ 0.246, -0.592,  0.203, -2.333,  0.774,  1.880,  0.782]
Leader (Pred): [   nan,    nan,    nan,    nan,    nan,    nan,    nan]
Follower     : [ 0.000, -0.785,  0.000, -2.356,  0.000,  1.571,  0.785]
Action (Tau) : [   nan,    nan,    nan,    nan,    nan,    nan,    nan]
Error (T-F)  : [ 0.246,  0.193,  0.203,  0.023,  0.774,  0.310, -0.003]
------------------------------------------------------------
--- Step 1580 ---
Leader (True): [ 0.246, -0.598,  0.202, -2.337,  0.779,  1.866,  0.782]
Leader (Pred): [   nan,    nan,    nan,    nan,    nan,    nan,    nan]
Follower     : [ 0.000, -0.785,  0.000, -2.356,  0.000,  1.571,  0.785]
Action (Tau) : [   nan,    nan,    nan,    nan,    nan,    nan,    nan]
Error (T-F)  : [ 0.246,  0.187,  0.202,  0.019,  0.779,  0.295, -0.003]
------------------------------------------------------------
--- Step 1590 ---
Leader (True): [ 0.247, -0.603,  0.202, -2.341,  0.784,  1.852,  0.782]
Leader (Pred): [   nan,    nan,    nan,    nan,    nan,    nan,    nan]
Follower     : [ 0.000, -0.785,  0.000, -2.356,  0.000,  1.571,  0.785]
Action (Tau) : [   nan,    nan,    nan,    nan,    nan,    nan,    nan]
Error (T-F)  : [ 0.247,  0.182,  0.202,  0.015,  0.784,  0.281, -0.003]
------------------------------------------------------------
--- Step 1600 ---
Leader (True): [ 0.247, -0.609,  0.202, -2.345,  0.789,  1.838,  0.782]
Leader (Pred): [   nan,    nan,    nan,    nan,    nan,    nan,    nan]
Follower     : [ 0.000, -0.785,  0.000, -2.356,  0.000,  1.571,  0.785]
Action (Tau) : [   nan,    nan,    nan,    nan,    nan,    nan,    nan]
Error (T-F)  : [ 0.247,  0.176,  0.202,  0.011,  0.789,  0.267, -0.003]
------------------------------------------------------------
--- Step 1610 ---
Leader (True): [ 0.247, -0.615,  0.202, -2.348,  0.794,  1.823,  0.783]
Leader (Pred): [   nan,    nan,    nan,    nan,    nan,    nan,    nan]
Follower     : [ 0.000, -0.785,  0.000, -2.356,  0.000,  1.571,  0.785]
Action (Tau) : [   nan,    nan,    nan,    nan,    nan,    nan,    nan]
Error (T-F)  : [ 0.247,  0.170,  0.202,  0.008,  0.794,  0.253, -0.002]
------------------------------------------------------------
--- Step 1620 ---
Leader (True): [ 0.248, -0.620,  0.202, -2.352,  0.798,  1.809,  0.783]
Leader (Pred): [   nan,    nan,    nan,    nan,    nan,    nan,    nan]
Follower     : [ 0.000, -0.785,  0.000, -2.356,  0.000,  1.571,  0.785]
Action (Tau) : [   nan,    nan,    nan,    nan,    nan,    nan,    nan]
Error (T-F)  : [ 0.248,  0.165,  0.202,  0.004,  0.798,  0.238, -0.002]
------------------------------------------------------------
--- Step 1630 ---
Leader (True): [ 0.248, -0.626,  0.201, -2.356,  0.803,  1.794,  0.783]
Leader (Pred): [   nan,    nan,    nan,    nan,    nan,    nan,    nan]
Follower     : [ 0.000, -0.785,  0.000, -2.356,  0.000,  1.571,  0.785]
Action (Tau) : [   nan,    nan,    nan,    nan,    nan,    nan,    nan]
Error (T-F)  : [ 0.248,  0.159,  0.201, -0.000,  0.803,  0.224, -0.002]
------------------------------------------------------------
--- Step 1640 ---
Leader (True): [ 0.248, -0.631,  0.201, -2.360,  0.807,  1.780,  0.783]
Leader (Pred): [   nan,    nan,    nan,    nan,    nan,    nan,    nan]
Follower     : [ 0.000, -0.785,  0.000, -2.356,  0.000,  1.571,  0.785]
Action (Tau) : [   nan,    nan,    nan,    nan,    nan,    nan,    nan]
Error (T-F)  : [ 0.248,  0.154,  0.201, -0.004,  0.807,  0.209, -0.002]
------------------------------------------------------------
--- Step 1650 ---
Leader (True): [ 0.249, -0.636,  0.201, -2.364,  0.812,  1.765,  0.784]
Leader (Pred): [   nan,    nan,    nan,    nan,    nan,    nan,    nan]
Follower     : [ 0.000, -0.785,  0.000, -2.356,  0.000,  1.571,  0.785]
Action (Tau) : [   nan,    nan,    nan,    nan,    nan,    nan,    nan]
Error (T-F)  : [ 0.249,  0.149,  0.201, -0.008,  0.812,  0.194, -0.001]
------------------------------------------------------------
--- Step 1660 ---
Leader (True): [ 0.249, -0.641,  0.201, -2.367,  0.816,  1.751,  0.784]
Leader (Pred): [   nan,    nan,    nan,    nan,    nan,    nan,    nan]
Follower     : [ 0.000, -0.785,  0.000, -2.356,  0.000,  1.571,  0.785]
Action (Tau) : [   nan,    nan,    nan,    nan,    nan,    nan,    nan]
Error (T-F)  : [ 0.249,  0.144,  0.201, -0.011,  0.816,  0.180, -0.001]
------------------------------------------------------------
--- Step 1670 ---
Leader (True): [ 0.249, -0.646,  0.201, -2.371,  0.820,  1.736,  0.784]
Leader (Pred): [   nan,    nan,    nan,    nan,    nan,    nan,    nan]
Follower     : [ 0.000, -0.785,  0.000, -2.356,  0.000,  1.571,  0.785]
Action (Tau) : [   nan,    nan,    nan,    nan,    nan,    nan,    nan]
Error (T-F)  : [ 0.249,  0.139,  0.201, -0.015,  0.820,  0.165, -0.001]
------------------------------------------------------------
--- Step 1680 ---
Leader (True): [ 0.250, -0.651,  0.200, -2.375,  0.824,  1.721,  0.785]
Leader (Pred): [   nan,    nan,    nan,    nan,    nan,    nan,    nan]
Follower     : [ 0.000, -0.785,  0.000, -2.356,  0.000,  1.571,  0.785]
Action (Tau) : [   nan,    nan,    nan,    nan,    nan,    nan,    nan]
Error (T-F)  : [ 0.250,  0.134,  0.200, -0.019,  0.824,  0.151, -0.000]
------------------------------------------------------------
--- Step 1690 ---
Leader (True): [ 0.250, -0.656,  0.200, -2.378,  0.828,  1.707,  0.785]
Leader (Pred): [   nan,    nan,    nan,    nan,    nan,    nan,    nan]
Follower     : [ 0.000, -0.785,  0.000, -2.356,  0.000,  1.571,  0.785]
Action (Tau) : [   nan,    nan,    nan,    nan,    nan,    nan,    nan]
Error (T-F)  : [ 0.250,  0.129,  0.200, -0.022,  0.828,  0.136, -0.000]
------------------------------------------------------------
--- Step 1700 ---
Leader (True): [ 0.251, -0.661,  0.200, -2.382,  0.832,  1.692,  0.785]
Leader (Pred): [   nan,    nan,    nan,    nan,    nan,    nan,    nan]
Follower     : [ 0.000, -0.785,  0.000, -2.356,  0.000,  1.571,  0.785]
Action (Tau) : [   nan,    nan,    nan,    nan,    nan,    nan,    nan]
Error (T-F)  : [ 0.251,  0.124,  0.200, -0.026,  0.832,  0.121,  0.000]
------------------------------------------------------------
--- Step 1710 ---
Leader (True): [ 0.251, -0.666,  0.200, -2.385,  0.835,  1.678,  0.786]
Leader (Pred): [   nan,    nan,    nan,    nan,    nan,    nan,    nan]
Follower     : [ 0.000, -0.785,  0.000, -2.356,  0.000,  1.571,  0.785]
Action (Tau) : [   nan,    nan,    nan,    nan,    nan,    nan,    nan]
Error (T-F)  : [ 0.251,  0.119,  0.200, -0.029,  0.835,  0.107,  0.001]
------------------------------------------------------------
--- Step 1720 ---
Leader (True): [ 0.252, -0.670,  0.199, -2.389,  0.839,  1.663,  0.786]
Leader (Pred): [   nan,    nan,    nan,    nan,    nan,    nan,    nan]
Follower     : [ 0.000, -0.785,  0.000, -2.356,  0.000,  1.571,  0.785]
Action (Tau) : [   nan,    nan,    nan,    nan,    nan,    nan,    nan]
Error (T-F)  : [ 0.252,  0.115,  0.199, -0.033,  0.839,  0.092,  0.001]
------------------------------------------------------------
--- Step 1730 ---
Leader (True): [ 0.252, -0.675,  0.199, -2.392,  0.843,  1.648,  0.786]
Leader (Pred): [   nan,    nan,    nan,    nan,    nan,    nan,    nan]
Follower     : [ 0.000, -0.785,  0.000, -2.356,  0.000,  1.571,  0.785]
Action (Tau) : [   nan,    nan,    nan,    nan,    nan,    nan,    nan]
Error (T-F)  : [ 0.252,  0.110,  0.199, -0.036,  0.843,  0.078,  0.001]
------------------------------------------------------------
--- Step 1740 ---
Leader (True): [ 0.253, -0.679,  0.199, -2.396,  0.846,  1.634,  0.787]
Leader (Pred): [   nan,    nan,    nan,    nan,    nan,    nan,    nan]
Follower     : [ 0.000, -0.785,  0.000, -2.356,  0.000,  1.571,  0.785]
Action (Tau) : [   nan,    nan,    nan,    nan,    nan,    nan,    nan]
Error (T-F)  : [ 0.253,  0.106,  0.199, -0.040,  0.846,  0.063,  0.002]
------------------------------------------------------------
--- Step 1750 ---
Leader (True): [ 0.253, -0.683,  0.199, -2.399,  0.849,  1.620,  0.787]
Leader (Pred): [   nan,    nan,    nan,    nan,    nan,    nan,    nan]
Follower     : [ 0.000, -0.785,  0.000, -2.356,  0.000,  1.571,  0.785]
Action (Tau) : [   nan,    nan,    nan,    nan,    nan,    nan,    nan]
Error (T-F)  : [ 0.253,  0.102,  0.199, -0.043,  0.849,  0.049,  0.002]
------------------------------------------------------------
--- Step 1760 ---
Leader (True): [ 0.254, -0.687,  0.199, -2.402,  0.853,  1.605,  0.787]
Leader (Pred): [   nan,    nan,    nan,    nan,    nan,    nan,    nan]
Follower     : [ 0.000, -0.785,  0.000, -2.356,  0.000,  1.571,  0.785]
Action (Tau) : [   nan,    nan,    nan,    nan,    nan,    nan,    nan]
Error (T-F)  : [ 0.254,  0.098,  0.199, -0.046,  0.853,  0.034,  0.002]
------------------------------------------------------------
--- Step 1770 ---
Leader (True): [ 0.254, -0.691,  0.199, -2.406,  0.856,  1.591,  0.788]
Leader (Pred): [   nan,    nan,    nan,    nan,    nan,    nan,    nan]
Follower     : [ 0.000, -0.785,  0.000, -2.356,  0.000,  1.571,  0.785]
Action (Tau) : [   nan,    nan,    nan,    nan,    nan,    nan,    nan]
Error (T-F)  : [ 0.254,  0.094,  0.199, -0.050,  0.856,  0.020,  0.003]
------------------------------------------------------------
--- Step 1780 ---
Leader (True): [ 0.255, -0.695,  0.199, -2.409,  0.859,  1.577,  0.788]
Leader (Pred): [   nan,    nan,    nan,    nan,    nan,    nan,    nan]
Follower     : [ 0.000, -0.785,  0.000, -2.356,  0.000,  1.571,  0.785]
Action (Tau) : [   nan,    nan,    nan,    nan,    nan,    nan,    nan]
Error (T-F)  : [ 0.255,  0.090,  0.199, -0.053,  0.859,  0.006,  0.003]
------------------------------------------------------------
--- Step 1790 ---
Leader (True): [ 0.256, -0.699,  0.199, -2.412,  0.862,  1.563,  0.788]
Leader (Pred): [   nan,    nan,    nan,    nan,    nan,    nan,    nan]
Follower     : [ 0.000, -0.785,  0.000, -2.356,  0.000,  1.571,  0.785]
Action (Tau) : [   nan,    nan,    nan,    nan,    nan,    nan,    nan]
Error (T-F)  : [ 0.256,  0.086,  0.199, -0.056,  0.862, -0.008,  0.003]
------------------------------------------------------------
--- Step 1800 ---
Leader (True): [ 0.256, -0.703,  0.199, -2.416,  0.865,  1.549,  0.789]
Leader (Pred): [   nan,    nan,    nan,    nan,    nan,    nan,    nan]
Follower     : [ 0.000, -0.785,  0.000, -2.356,  0.000,  1.571,  0.785]
Action (Tau) : [   nan,    nan,    nan,    nan,    nan,    nan,    nan]
Error (T-F)  : [ 0.256,  0.082,  0.199, -0.060,  0.865, -0.022,  0.004]
------------------------------------------------------------
--- Step 1810 ---
Leader (True): [ 0.257, -0.707,  0.199, -2.419,  0.867,  1.535,  0.789]
Leader (Pred): [   nan,    nan,    nan,    nan,    nan,    nan,    nan]
Follower     : [ 0.000, -0.785,  0.000, -2.356,  0.000,  1.571,  0.785]
Action (Tau) : [   nan,    nan,    nan,    nan,    nan,    nan,    nan]
Error (T-F)  : [ 0.257,  0.078,  0.199, -0.063,  0.867, -0.036,  0.004]
------------------------------------------------------------
--- Step 1820 ---
Leader (True): [ 0.258, -0.710,  0.199, -2.422,  0.870,  1.521,  0.790]
Leader (Pred): [   nan,    nan,    nan,    nan,    nan,    nan,    nan]
Follower     : [ 0.000, -0.785,  0.000, -2.356,  0.000,  1.571,  0.785]
Action (Tau) : [   nan,    nan,    nan,    nan,    nan,    nan,    nan]
Error (T-F)  : [ 0.258,  0.075,  0.199, -0.066,  0.870, -0.050,  0.005]
------------------------------------------------------------
--- Step 1830 ---
Leader (True): [ 0.259, -0.714,  0.199, -2.425,  0.873,  1.507,  0.790]
Leader (Pred): [   nan,    nan,    nan,    nan,    nan,    nan,    nan]
Follower     : [ 0.000, -0.785,  0.000, -2.356,  0.000,  1.571,  0.785]
Action (Tau) : [   nan,    nan,    nan,    nan,    nan,    nan,    nan]
Error (T-F)  : [ 0.259,  0.071,  0.199, -0.069,  0.873, -0.063,  0.005]
------------------------------------------------------------
--- Step 1840 ---
Leader (True): [ 0.259, -0.717,  0.199, -2.428,  0.875,  1.494,  0.790]
Leader (Pred): [   nan,    nan,    nan,    nan,    nan,    nan,    nan]
Follower     : [ 0.000, -0.785,  0.000, -2.356,  0.000,  1.571,  0.785]
Action (Tau) : [   nan,    nan,    nan,    nan,    nan,    nan,    nan]
Error (T-F)  : [ 0.259,  0.068,  0.199, -0.072,  0.875, -0.077,  0.005]
------------------------------------------------------------
--- Step 1850 ---
Leader (True): [ 0.260, -0.721,  0.199, -2.431,  0.878,  1.481,  0.791]
Leader (Pred): [   nan,    nan,    nan,    nan,    nan,    nan,    nan]
Follower     : [ 0.000, -0.785,  0.000, -2.356,  0.000,  1.571,  0.785]
Action (Tau) : [   nan,    nan,    nan,    nan,    nan,    nan,    nan]
Error (T-F)  : [ 0.260,  0.064,  0.199, -0.075,  0.878, -0.090,  0.006]
------------------------------------------------------------
--- Step 1860 ---
Leader (True): [ 0.261, -0.724,  0.199, -2.434,  0.880,  1.468,  0.791]
Leader (Pred): [   nan,    nan,    nan,    nan,    nan,    nan,    nan]
Follower     : [ 0.000, -0.785,  0.000, -2.356,  0.000,  1.571,  0.785]
Action (Tau) : [   nan,    nan,    nan,    nan,    nan,    nan,    nan]
Error (T-F)  : [ 0.261,  0.061,  0.199, -0.078,  0.880, -0.103,  0.006]
------------------------------------------------------------
--- Step 1870 ---
Leader (True): [ 0.262, -0.727,  0.199, -2.437,  0.882,  1.454,  0.791]
Leader (Pred): [   nan,    nan,    nan,    nan,    nan,    nan,    nan]
Follower     : [ 0.000, -0.785,  0.000, -2.356,  0.000,  1.571,  0.785]
Action (Tau) : [   nan,    nan,    nan,    nan,    nan,    nan,    nan]
Error (T-F)  : [ 0.262,  0.058,  0.199, -0.081,  0.882, -0.116,  0.006]
------------------------------------------------------------
--- Step 1880 ---
Leader (True): [ 0.263, -0.730,  0.200, -2.440,  0.884,  1.442,  0.792]
Leader (Pred): [   nan,    nan,    nan,    nan,    nan,    nan,    nan]
Follower     : [ 0.000, -0.785,  0.000, -2.356,  0.000,  1.571,  0.785]
Action (Tau) : [   nan,    nan,    nan,    nan,    nan,    nan,    nan]
Error (T-F)  : [ 0.263,  0.055,  0.200, -0.084,  0.884, -0.129,  0.007]
------------------------------------------------------------
--- Step 1890 ---
Leader (True): [ 0.263, -0.733,  0.200, -2.443,  0.886,  1.429,  0.792]
Leader (Pred): [   nan,    nan,    nan,    nan,    nan,    nan,    nan]
Follower     : [ 0.000, -0.785,  0.000, -2.356,  0.000,  1.571,  0.785]
Action (Tau) : [   nan,    nan,    nan,    nan,    nan,    nan,    nan]
Error (T-F)  : [ 0.263,  0.052,  0.200, -0.087,  0.886, -0.142,  0.007]
------------------------------------------------------------
--- Step 1900 ---
Leader (True): [ 0.264, -0.736,  0.200, -2.446,  0.888,  1.416,  0.793]
Leader (Pred): [   nan,    nan,    nan,    nan,    nan,    nan,    nan]
Follower     : [ 0.000, -0.785,  0.000, -2.356,  0.000,  1.571,  0.785]
Action (Tau) : [   nan,    nan,    nan,    nan,    nan,    nan,    nan]
Error (T-F)  : [ 0.264,  0.049,  0.200, -0.090,  0.888, -0.155,  0.008]
------------------------------------------------------------
--- Step 1910 ---
Leader (True): [ 0.265, -0.739,  0.200, -2.449,  0.890,  1.404,  0.793]
Leader (Pred): [   nan,    nan,    nan,    nan,    nan,    nan,    nan]
Follower     : [ 0.000, -0.785,  0.000, -2.356,  0.000,  1.571,  0.785]
Action (Tau) : [   nan,    nan,    nan,    nan,    nan,    nan,    nan]
Error (T-F)  : [ 0.265,  0.046,  0.200, -0.093,  0.890, -0.167,  0.008]
------------------------------------------------------------
--- Step 1920 ---
Leader (True): [ 0.266, -0.742,  0.201, -2.452,  0.892,  1.392,  0.793]
Leader (Pred): [   nan,    nan,    nan,    nan,    nan,    nan,    nan]
Follower     : [ 0.000, -0.785,  0.000, -2.356,  0.000,  1.571,  0.785]
Action (Tau) : [   nan,    nan,    nan,    nan,    nan,    nan,    nan]
Error (T-F)  : [ 0.266,  0.043,  0.201, -0.096,  0.892, -0.179,  0.008]
------------------------------------------------------------
--- Step 1930 ---
Leader (True): [ 0.267, -0.745,  0.201, -2.455,  0.893,  1.379,  0.794]
Leader (Pred): [   nan,    nan,    nan,    nan,    nan,    nan,    nan]
Follower     : [ 0.000, -0.785,  0.000, -2.356,  0.000,  1.571,  0.785]
Action (Tau) : [   nan,    nan,    nan,    nan,    nan,    nan,    nan]
Error (T-F)  : [ 0.267,  0.040,  0.201, -0.099,  0.893, -0.191,  0.009]
------------------------------------------------------------
--- Step 1940 ---
Leader (True): [ 0.268, -0.748,  0.201, -2.458,  0.895,  1.367,  0.794]
Leader (Pred): [   nan,    nan,    nan,    nan,    nan,    nan,    nan]
Follower     : [ 0.000, -0.785,  0.000, -2.356,  0.000,  1.571,  0.785]
Action (Tau) : [   nan,    nan,    nan,    nan,    nan,    nan,    nan]
Error (T-F)  : [ 0.268,  0.037,  0.201, -0.102,  0.895, -0.203,  0.009]
------------------------------------------------------------
--- Step 1950 ---
Leader (True): [ 0.269, -0.750,  0.202, -2.461,  0.896,  1.356,  0.794]
Leader (Pred): [   nan,    nan,    nan,    nan,    nan,    nan,    nan]
Follower     : [ 0.000, -0.785,  0.000, -2.356,  0.000,  1.571,  0.785]
Action (Tau) : [   nan,    nan,    nan,    nan,    nan,    nan,    nan]
Error (T-F)  : [ 0.269,  0.035,  0.202, -0.105,  0.896, -0.215,  0.009]
------------------------------------------------------------
--- Step 1960 ---
Leader (True): [ 0.270, -0.753,  0.202, -2.464,  0.898,  1.344,  0.795]
Leader (Pred): [   nan,    nan,    nan,    nan,    nan,    nan,    nan]
Follower     : [ 0.000, -0.785,  0.000, -2.356,  0.000,  1.571,  0.785]
Action (Tau) : [   nan,    nan,    nan,    nan,    nan,    nan,    nan]
Error (T-F)  : [ 0.270,  0.032,  0.202, -0.108,  0.898, -0.227,  0.010]
------------------------------------------------------------
--- Step 1970 ---
Leader (True): [ 0.271, -0.756,  0.202, -2.466,  0.899,  1.333,  0.795]
Leader (Pred): [   nan,    nan,    nan,    nan,    nan,    nan,    nan]
Follower     : [ 0.000, -0.785,  0.000, -2.356,  0.000,  1.571,  0.785]
Action (Tau) : [   nan,    nan,    nan,    nan,    nan,    nan,    nan]
Error (T-F)  : [ 0.271,  0.029,  0.202, -0.110,  0.899, -0.238,  0.010]
------------------------------------------------------------
--- Step 1980 ---
Leader (True): [ 0.271, -0.758,  0.203, -2.469,  0.900,  1.322,  0.795]
Leader (Pred): [   nan,    nan,    nan,    nan,    nan,    nan,    nan]
Follower     : [ 0.000, -0.785,  0.000, -2.356,  0.000,  1.571,  0.785]
Action (Tau) : [   nan,    nan,    nan,    nan,    nan,    nan,    nan]
Error (T-F)  : [ 0.271,  0.027,  0.203, -0.113,  0.900, -0.249,  0.010]
------------------------------------------------------------
--- Step 1990 ---
Leader (True): [ 0.272, -0.761,  0.203, -2.472,  0.901,  1.311,  0.796]
Leader (Pred): [   nan,    nan,    nan,    nan,    nan,    nan,    nan]
Follower     : [ 0.000, -0.785,  0.000, -2.356,  0.000,  1.571,  0.785]
Action (Tau) : [   nan,    nan,    nan,    nan,    nan,    nan,    nan]
Error (T-F)  : [ 0.272,  0.024,  0.203, -0.116,  0.901, -0.260,  0.011]
------------------------------------------------------------
--- Step 2000 ---
Leader (True): [ 0.273, -0.763,  0.204, -2.474,  0.902,  1.300,  0.796]
Leader (Pred): [   nan,    nan,    nan,    nan,    nan,    nan,    nan]
Follower     : [ 0.000, -0.785,  0.000, -2.356,  0.000,  1.571,  0.785]
Action (Tau) : [   nan,    nan,    nan,    nan,    nan,    nan,    nan]
Error (T-F)  : [ 0.273,  0.022,  0.204, -0.118,  0.902, -0.271,  0.011]
------------------------------------------------------------
--- Step 2010 ---
Leader (True): [ 0.274, -0.765,  0.204, -2.477,  0.903,  1.289,  0.796]
Leader (Pred): [   nan,    nan,    nan,    nan,    nan,    nan,    nan]
Follower     : [ 0.000, -0.785,  0.000, -2.356,  0.000,  1.571,  0.785]
Action (Tau) : [   nan,    nan,    nan,    nan,    nan,    nan,    nan]
Error (T-F)  : [ 0.274,  0.020,  0.204, -0.121,  0.903, -0.282,  0.011]
------------------------------------------------------------
--- Step 2020 ---
Leader (True): [ 0.275, -0.768,  0.205, -2.479,  0.904,  1.279,  0.796]
Leader (Pred): [   nan,    nan,    nan,    nan,    nan,    nan,    nan]
Follower     : [ 0.000, -0.785,  0.000, -2.356,  0.000,  1.571,  0.785]
Action (Tau) : [   nan,    nan,    nan,    nan,    nan,    nan,    nan]
Error (T-F)  : [ 0.275,  0.017,  0.205, -0.123,  0.904, -0.292,  0.011]
------------------------------------------------------------
--- Step 2030 ---
Leader (True): [ 0.276, -0.770,  0.205, -2.482,  0.905,  1.269,  0.797]
Leader (Pred): [   nan,    nan,    nan,    nan,    nan,    nan,    nan]
Follower     : [ 0.000, -0.785,  0.000, -2.356,  0.000,  1.571,  0.785]
Action (Tau) : [   nan,    nan,    nan,    nan,    nan,    nan,    nan]
Error (T-F)  : [ 0.276,  0.015,  0.205, -0.126,  0.905, -0.302,  0.012]
------------------------------------------------------------
--- Step 2040 ---
Leader (True): [ 0.277, -0.772,  0.205, -2.484,  0.905,  1.258,  0.797]
Leader (Pred): [   nan,    nan,    nan,    nan,    nan,    nan,    nan]
Follower     : [ 0.000, -0.785,  0.000, -2.356,  0.000,  1.571,  0.785]
Action (Tau) : [   nan,    nan,    nan,    nan,    nan,    nan,    nan]
Error (T-F)  : [ 0.277,  0.013,  0.205, -0.128,  0.905, -0.312,  0.012]
------------------------------------------------------------
--- Step 2050 ---
Leader (True): [ 0.278, -0.774,  0.206, -2.487,  0.906,  1.249,  0.797]
Leader (Pred): [   nan,    nan,    nan,    nan,    nan,    nan,    nan]
Follower     : [ 0.000, -0.785,  0.000, -2.356,  0.000,  1.571,  0.785]
Action (Tau) : [   nan,    nan,    nan,    nan,    nan,    nan,    nan]
Error (T-F)  : [ 0.278,  0.011,  0.206, -0.131,  0.906, -0.322,  0.012]
------------------------------------------------------------
--- Step 2060 ---
Leader (True): [ 0.278, -0.776,  0.206, -2.489,  0.906,  1.239,  0.798]
Leader (Pred): [   nan,    nan,    nan,    nan,    nan,    nan,    nan]
Follower     : [ 0.000, -0.785,  0.000, -2.356,  0.000,  1.571,  0.785]
Action (Tau) : [   nan,    nan,    nan,    nan,    nan,    nan,    nan]
Error (T-F)  : [ 0.278,  0.009,  0.206, -0.133,  0.906, -0.332,  0.013]
------------------------------------------------------------
--- Step 2070 ---
Leader (True): [ 0.279, -0.778,  0.207, -2.491,  0.907,  1.229,  0.798]
Leader (Pred): [   nan,    nan,    nan,    nan,    nan,    nan,    nan]
Follower     : [ 0.000, -0.785,  0.000, -2.356,  0.000,  1.571,  0.785]
Action (Tau) : [   nan,    nan,    nan,    nan,    nan,    nan,    nan]
Error (T-F)  : [ 0.279,  0.007,  0.207, -0.135,  0.907, -0.341,  0.013]
------------------------------------------------------------
--- Step 2080 ---
Leader (True): [ 0.280, -0.780,  0.207, -2.494,  0.907,  1.220,  0.798]
Leader (Pred): [   nan,    nan,    nan,    nan,    nan,    nan,    nan]
Follower     : [ 0.000, -0.785,  0.000, -2.356,  0.000,  1.571,  0.785]
Action (Tau) : [   nan,    nan,    nan,    nan,    nan,    nan,    nan]
Error (T-F)  : [ 0.280,  0.005,  0.207, -0.138,  0.907, -0.351,  0.013]
------------------------------------------------------------
--- Step 2090 ---
Leader (True): [ 0.281, -0.782,  0.207, -2.496,  0.907,  1.211,  0.798]
Leader (Pred): [   nan,    nan,    nan,    nan,    nan,    nan,    nan]
Follower     : [ 0.000, -0.785,  0.000, -2.356,  0.000,  1.571,  0.785]
Action (Tau) : [   nan,    nan,    nan,    nan,    nan,    nan,    nan]
Error (T-F)  : [ 0.281,  0.003,  0.207, -0.140,  0.907, -0.360,  0.013]
------------------------------------------------------------
--- Step 2100 ---
Leader (True): [ 0.281, -0.784,  0.208, -2.498,  0.907,  1.202,  0.798]
Leader (Pred): [   nan,    nan,    nan,    nan,    nan,    nan,    nan]
Follower     : [ 0.000, -0.785,  0.000, -2.356,  0.000,  1.571,  0.785]
Action (Tau) : [   nan,    nan,    nan,    nan,    nan,    nan,    nan]
Error (T-F)  : [ 0.281,  0.001,  0.208, -0.142,  0.907, -0.369,  0.013]
------------------------------------------------------------
--- Step 2110 ---
Leader (True): [ 0.282, -0.786,  0.208, -2.500,  0.907,  1.193,  0.799]
Leader (Pred): [   nan,    nan,    nan,    nan,    nan,    nan,    nan]
Follower     : [ 0.000, -0.785,  0.000, -2.356,  0.000,  1.571,  0.785]
Action (Tau) : [   nan,    nan,    nan,    nan,    nan,    nan,    nan]
Error (T-F)  : [ 0.282, -0.001,  0.208, -0.144,  0.907, -0.377,  0.014]
------------------------------------------------------------
--- Step 2120 ---
Leader (True): [ 0.283, -0.788,  0.208, -2.502,  0.907,  1.185,  0.799]
Leader (Pred): [   nan,    nan,    nan,    nan,    nan,    nan,    nan]
Follower     : [ 0.000, -0.785,  0.000, -2.356,  0.000,  1.571,  0.785]
Action (Tau) : [   nan,    nan,    nan,    nan,    nan,    nan,    nan]
Error (T-F)  : [ 0.283, -0.003,  0.208, -0.146,  0.907, -0.386,  0.014]
------------------------------------------------------------
--- Step 2130 ---
Leader (True): [ 0.283, -0.790,  0.208, -2.504,  0.906,  1.177,  0.799]
Leader (Pred): [   nan,    nan,    nan,    nan,    nan,    nan,    nan]
Follower     : [ 0.000, -0.785,  0.000, -2.356,  0.000,  1.571,  0.785]
Action (Tau) : [   nan,    nan,    nan,    nan,    nan,    nan,    nan]
Error (T-F)  : [ 0.283, -0.005,  0.208, -0.148,  0.906, -0.394,  0.014]
------------------------------------------------------------
--- Step 2140 ---
Leader (True): [ 0.284, -0.792,  0.209, -2.506,  0.906,  1.168,  0.799]
Leader (Pred): [   nan,    nan,    nan,    nan,    nan,    nan,    nan]
Follower     : [ 0.000, -0.785,  0.000, -2.356,  0.000,  1.571,  0.785]
Action (Tau) : [   nan,    nan,    nan,    nan,    nan,    nan,    nan]
Error (T-F)  : [ 0.284, -0.007,  0.209, -0.150,  0.906, -0.402,  0.014]
------------------------------------------------------------
--- Step 2150 ---
Leader (True): [ 0.284, -0.793,  0.209, -2.508,  0.906,  1.161,  0.799]
Leader (Pred): [   nan,    nan,    nan,    nan,    nan,    nan,    nan]
Follower     : [ 0.000, -0.785,  0.000, -2.356,  0.000,  1.571,  0.785]
Action (Tau) : [   nan,    nan,    nan,    nan,    nan,    nan,    nan]
Error (T-F)  : [ 0.284, -0.008,  0.209, -0.152,  0.906, -0.410,  0.014]
------------------------------------------------------------
--- Step 2160 ---
Leader (True): [ 0.285, -0.795,  0.209, -2.510,  0.905,  1.153,  0.800]
Leader (Pred): [   nan,    nan,    nan,    nan,    nan,    nan,    nan]
Follower     : [ 0.000, -0.785,  0.000, -2.356,  0.000,  1.571,  0.785]
Action (Tau) : [   nan,    nan,    nan,    nan,    nan,    nan,    nan]
Error (T-F)  : [ 0.285, -0.010,  0.209, -0.154,  0.905, -0.418,  0.015]
------------------------------------------------------------
--- Step 2170 ---
Leader (True): [ 0.285, -0.797,  0.209, -2.512,  0.904,  1.145,  0.800]
Leader (Pred): [   nan,    nan,    nan,    nan,    nan,    nan,    nan]
Follower     : [ 0.000, -0.785,  0.000, -2.356,  0.000,  1.571,  0.785]
Action (Tau) : [   nan,    nan,    nan,    nan,    nan,    nan,    nan]
Error (T-F)  : [ 0.285, -0.012,  0.209, -0.156,  0.904, -0.425,  0.015]
------------------------------------------------------------
--- Step 2180 ---
Leader (True): [ 0.285, -0.798,  0.209, -2.513,  0.904,  1.138,  0.800]
Leader (Pred): [   nan,    nan,    nan,    nan,    nan,    nan,    nan]
Follower     : [ 0.000, -0.785,  0.000, -2.356,  0.000,  1.571,  0.785]
Action (Tau) : [   nan,    nan,    nan,    nan,    nan,    nan,    nan]
Error (T-F)  : [ 0.285, -0.013,  0.209, -0.157,  0.904, -0.433,  0.015]
------------------------------------------------------------
--- Step 2190 ---
Leader (True): [ 0.286, -0.800,  0.209, -2.515,  0.903,  1.131,  0.800]
Leader (Pred): [   nan,    nan,    nan,    nan,    nan,    nan,    nan]
Follower     : [ 0.000, -0.785,  0.000, -2.356,  0.000,  1.571,  0.785]
Action (Tau) : [   nan,    nan,    nan,    nan,    nan,    nan,    nan]
Error (T-F)  : [ 0.286, -0.015,  0.209, -0.159,  0.903, -0.440,  0.015]
------------------------------------------------------------
--- Step 2200 ---
Leader (True): [ 0.286, -0.802,  0.209, -2.517,  0.902,  1.124,  0.800]
Leader (Pred): [   nan,    nan,    nan,    nan,    nan,    nan,    nan]
Follower     : [ 0.000, -0.785,  0.000, -2.356,  0.000,  1.571,  0.785]
Action (Tau) : [   nan,    nan,    nan,    nan,    nan,    nan,    nan]
Error (T-F)  : [ 0.286, -0.017,  0.209, -0.161,  0.902, -0.447,  0.015]
------------------------------------------------------------
--- Step 2210 ---
Leader (True): [ 0.286, -0.803,  0.209, -2.518,  0.901,  1.117,  0.800]
Leader (Pred): [   nan,    nan,    nan,    nan,    nan,    nan,    nan]
Follower     : [ 0.000, -0.785,  0.000, -2.356,  0.000,  1.571,  0.785]
Action (Tau) : [   nan,    nan,    nan,    nan,    nan,    nan,    nan]
Error (T-F)  : [ 0.286, -0.018,  0.209, -0.162,  0.901, -0.454,  0.015]
------------------------------------------------------------
--- Step 2220 ---
Leader (True): [ 0.286, -0.804,  0.209, -2.520,  0.900,  1.111,  0.800]
Leader (Pred): [   nan,    nan,    nan,    nan,    nan,    nan,    nan]
Follower     : [ 0.000, -0.785,  0.000, -2.356,  0.000,  1.571,  0.785]
Action (Tau) : [   nan,    nan,    nan,    nan,    nan,    nan,    nan]
Error (T-F)  : [ 0.286, -0.019,  0.209, -0.164,  0.900, -0.460,  0.015]
------------------------------------------------------------
--- Step 2230 ---
Leader (True): [ 0.286, -0.806,  0.208, -2.521,  0.898,  1.104,  0.801]
Leader (Pred): [   nan,    nan,    nan,    nan,    nan,    nan,    nan]
Follower     : [ 0.000, -0.785,  0.000, -2.356,  0.000,  1.571,  0.785]
Action (Tau) : [   nan,    nan,    nan,    nan,    nan,    nan,    nan]
Error (T-F)  : [ 0.286, -0.021,  0.208, -0.165,  0.898, -0.466,  0.016]
------------------------------------------------------------
--- Step 2240 ---
Leader (True): [ 0.286, -0.807,  0.208, -2.522,  0.897,  1.098,  0.801]
Leader (Pred): [   nan,    nan,    nan,    nan,    nan,    nan,    nan]
Follower     : [ 0.000, -0.785,  0.000, -2.356,  0.000,  1.571,  0.785]
Action (Tau) : [   nan,    nan,    nan,    nan,    nan,    nan,    nan]
Error (T-F)  : [ 0.286, -0.022,  0.208, -0.166,  0.897, -0.473,  0.016]
------------------------------------------------------------
--- Step 2250 ---
Leader (True): [ 0.286, -0.809,  0.208, -2.524,  0.895,  1.092,  0.801]
Leader (Pred): [   nan,    nan,    nan,    nan,    nan,    nan,    nan]
Follower     : [ 0.000, -0.785,  0.000, -2.356,  0.000,  1.571,  0.785]
Action (Tau) : [   nan,    nan,    nan,    nan,    nan,    nan,    nan]
Error (T-F)  : [ 0.286, -0.024,  0.208, -0.168,  0.895, -0.479,  0.016]
------------------------------------------------------------
--- Step 2260 ---
Leader (True): [ 0.286, -0.810,  0.208, -2.525,  0.894,  1.087,  0.801]
Leader (Pred): [   nan,    nan,    nan,    nan,    nan,    nan,    nan]
Follower     : [ 0.000, -0.785,  0.000, -2.356,  0.000,  1.571,  0.785]
Action (Tau) : [   nan,    nan,    nan,    nan,    nan,    nan,    nan]
Error (T-F)  : [ 0.286, -0.025,  0.208, -0.169,  0.894, -0.484,  0.016]
------------------------------------------------------------
--- Step 2270 ---
Leader (True): [ 0.286, -0.811,  0.207, -2.526,  0.892,  1.081,  0.801]
Leader (Pred): [   nan,    nan,    nan,    nan,    nan,    nan,    nan]
Follower     : [ 0.000, -0.785,  0.000, -2.356,  0.000,  1.571,  0.785]
Action (Tau) : [   nan,    nan,    nan,    nan,    nan,    nan,    nan]
Error (T-F)  : [ 0.286, -0.026,  0.207, -0.170,  0.892, -0.490,  0.016]
------------------------------------------------------------
--- Step 2280 ---
Leader (True): [ 0.286, -0.812,  0.207, -2.527,  0.891,  1.076,  0.801]
Leader (Pred): [   nan,    nan,    nan,    nan,    nan,    nan,    nan]
Follower     : [ 0.000, -0.785,  0.000, -2.356,  0.000,  1.571,  0.785]
Action (Tau) : [   nan,    nan,    nan,    nan,    nan,    nan,    nan]
Error (T-F)  : [ 0.286, -0.027,  0.207, -0.171,  0.891, -0.495,  0.016]
------------------------------------------------------------
--- Step 2290 ---
Leader (True): [ 0.286, -0.813,  0.206, -2.528,  0.889,  1.071,  0.801]
Leader (Pred): [   nan,    nan,    nan,    nan,    nan,    nan,    nan]
Follower     : [ 0.000, -0.785,  0.000, -2.356,  0.000,  1.571,  0.785]
Action (Tau) : [   nan,    nan,    nan,    nan,    nan,    nan,    nan]
Error (T-F)  : [ 0.286, -0.028,  0.206, -0.172,  0.889, -0.500,  0.016]
------------------------------------------------------------
--- Step 2300 ---
Leader (True): [ 0.285, -0.814,  0.206, -2.529,  0.887,  1.066,  0.801]
Leader (Pred): [   nan,    nan,    nan,    nan,    nan,    nan,    nan]
Follower     : [ 0.000, -0.785,  0.000, -2.356,  0.000,  1.571,  0.785]
Action (Tau) : [   nan,    nan,    nan,    nan,    nan,    nan,    nan]
Error (T-F)  : [ 0.285, -0.029,  0.206, -0.173,  0.887, -0.505,  0.016]
------------------------------------------------------------
--- Step 2310 ---
Leader (True): [ 0.285, -0.815,  0.205, -2.530,  0.885,  1.061,  0.801]
Leader (Pred): [   nan,    nan,    nan,    nan,    nan,    nan,    nan]
Follower     : [ 0.000, -0.785,  0.000, -2.356,  0.000,  1.571,  0.785]
Action (Tau) : [   nan,    nan,    nan,    nan,    nan,    nan,    nan]
Error (T-F)  : [ 0.285, -0.030,  0.205, -0.174,  0.885, -0.510,  0.016]
------------------------------------------------------------
--- Step 2320 ---
Leader (True): [ 0.285, -0.816,  0.204, -2.530,  0.883,  1.057,  0.801]
Leader (Pred): [   nan,    nan,    nan,    nan,    nan,    nan,    nan]
Follower     : [ 0.000, -0.785,  0.000, -2.356,  0.000,  1.571,  0.785]
Action (Tau) : [   nan,    nan,    nan,    nan,    nan,    nan,    nan]
Error (T-F)  : [ 0.285, -0.031,  0.204, -0.174,  0.883, -0.514,  0.016]
------------------------------------------------------------
--- Step 2330 ---
Leader (True): [ 0.284, -0.817,  0.204, -2.531,  0.881,  1.052,  0.801]
Leader (Pred): [   nan,    nan,    nan,    nan,    nan,    nan,    nan]
Follower     : [ 0.000, -0.785,  0.000, -2.356,  0.000,  1.571,  0.785]
Action (Tau) : [   nan,    nan,    nan,    nan,    nan,    nan,    nan]
Error (T-F)  : [ 0.284, -0.032,  0.204, -0.175,  0.881, -0.518,  0.016]
------------------------------------------------------------
--- Step 2340 ---
Leader (True): [ 0.284, -0.818,  0.203, -2.532,  0.879,  1.048,  0.801]
Leader (Pred): [   nan,    nan,    nan,    nan,    nan,    nan,    nan]
Follower     : [ 0.000, -0.785,  0.000, -2.356,  0.000,  1.571,  0.785]
Action (Tau) : [   nan,    nan,    nan,    nan,    nan,    nan,    nan]
Error (T-F)  : [ 0.284, -0.033,  0.203, -0.176,  0.879, -0.523,  0.016]
------------------------------------------------------------
--- Step 2350 ---
Leader (True): [ 0.283, -0.819,  0.202, -2.532,  0.876,  1.044,  0.801]
Leader (Pred): [   nan,    nan,    nan,    nan,    nan,    nan,    nan]
Follower     : [ 0.000, -0.785,  0.000, -2.356,  0.000,  1.571,  0.785]
Action (Tau) : [   nan,    nan,    nan,    nan,    nan,    nan,    nan]
Error (T-F)  : [ 0.283, -0.034,  0.202, -0.176,  0.876, -0.527,  0.016]
------------------------------------------------------------
--- Step 2360 ---
Leader (True): [ 0.283, -0.820,  0.202, -2.533,  0.874,  1.040,  0.801]
Leader (Pred): [   nan,    nan,    nan,    nan,    nan,    nan,    nan]
Follower     : [ 0.000, -0.785,  0.000, -2.356,  0.000,  1.571,  0.785]
Action (Tau) : [   nan,    nan,    nan,    nan,    nan,    nan,    nan]
Error (T-F)  : [ 0.283, -0.035,  0.202, -0.177,  0.874, -0.530,  0.016]
------------------------------------------------------------
--- Step 2370 ---
Leader (True): [ 0.282, -0.821,  0.201, -2.533,  0.872,  1.037,  0.801]
Leader (Pred): [   nan,    nan,    nan,    nan,    nan,    nan,    nan]
Follower     : [ 0.000, -0.785,  0.000, -2.356,  0.000,  1.571,  0.785]
Action (Tau) : [   nan,    nan,    nan,    nan,    nan,    nan,    nan]
Error (T-F)  : [ 0.282, -0.036,  0.201, -0.177,  0.872, -0.534,  0.016]
------------------------------------------------------------
--- Step 2380 ---
Leader (True): [ 0.282, -0.821,  0.200, -2.534,  0.869,  1.033,  0.801]
Leader (Pred): [   nan,    nan,    nan,    nan,    nan,    nan,    nan]
Follower     : [ 0.000, -0.785,  0.000, -2.356,  0.000,  1.571,  0.785]
Action (Tau) : [   nan,    nan,    nan,    nan,    nan,    nan,    nan]
Error (T-F)  : [ 0.282, -0.036,  0.200, -0.178,  0.869, -0.538,  0.016]
------------------------------------------------------------
--- Step 2390 ---
Leader (True): [ 0.281, -0.822,  0.199, -2.534,  0.867,  1.030,  0.801]
Leader (Pred): [   nan,    nan,    nan,    nan,    nan,    nan,    nan]
Follower     : [ 0.000, -0.785,  0.000, -2.356,  0.000,  1.571,  0.785]
Action (Tau) : [   nan,    nan,    nan,    nan,    nan,    nan,    nan]
Error (T-F)  : [ 0.281, -0.037,  0.199, -0.178,  0.867, -0.541,  0.016]
------------------------------------------------------------
--- Step 2400 ---
Leader (True): [ 0.280, -0.823,  0.198, -2.534,  0.864,  1.026,  0.801]
Leader (Pred): [   nan,    nan,    nan,    nan,    nan,    nan,    nan]
Follower     : [ 0.000, -0.785,  0.000, -2.356,  0.000,  1.571,  0.785]
Action (Tau) : [   nan,    nan,    nan,    nan,    nan,    nan,    nan]
Error (T-F)  : [ 0.280, -0.038,  0.198, -0.178,  0.864, -0.545,  0.016]
------------------------------------------------------------
--- Step 2410 ---
Leader (True): [ 0.280, -0.823,  0.197, -2.534,  0.861,  1.023,  0.801]
Leader (Pred): [   nan,    nan,    nan,    nan,    nan,    nan,    nan]
Follower     : [ 0.000, -0.785,  0.000, -2.356,  0.000,  1.571,  0.785]
Action (Tau) : [   nan,    nan,    nan,    nan,    nan,    nan,    nan]
Error (T-F)  : [ 0.280, -0.038,  0.197, -0.178,  0.861, -0.548,  0.016]
------------------------------------------------------------
--- Step 2420 ---
Leader (True): [ 0.279, -0.824,  0.196, -2.534,  0.858,  1.019,  0.801]
Leader (Pred): [   nan,    nan,    nan,    nan,    nan,    nan,    nan]
Follower     : [ 0.000, -0.785,  0.000, -2.356,  0.000,  1.571,  0.785]
Action (Tau) : [   nan,    nan,    nan,    nan,    nan,    nan,    nan]
Error (T-F)  : [ 0.279, -0.039,  0.196, -0.178,  0.858, -0.551,  0.016]
------------------------------------------------------------
--- Step 2430 ---
Leader (True): [ 0.278, -0.825,  0.194, -2.535,  0.855,  1.016,  0.801]
Leader (Pred): [   nan,    nan,    nan,    nan,    nan,    nan,    nan]
Follower     : [ 0.000, -0.785,  0.000, -2.356,  0.000,  1.571,  0.785]
Action (Tau) : [   nan,    nan,    nan,    nan,    nan,    nan,    nan]
Error (T-F)  : [ 0.278, -0.040,  0.194, -0.179,  0.855, -0.555,  0.016]
------------------------------------------------------------
--- Step 2440 ---
Leader (True): [ 0.277, -0.826,  0.193, -2.535,  0.851,  1.013,  0.801]
Leader (Pred): [   nan,    nan,    nan,    nan,    nan,    nan,    nan]
Follower     : [ 0.000, -0.785,  0.000, -2.356,  0.000,  1.571,  0.785]
Action (Tau) : [   nan,    nan,    nan,    nan,    nan,    nan,    nan]
Error (T-F)  : [ 0.277, -0.041,  0.193, -0.179,  0.851, -0.558,  0.016]
------------------------------------------------------------
--- Step 2450 ---
Leader (True): [ 0.276, -0.826,  0.192, -2.535,  0.848,  1.009,  0.801]
Leader (Pred): [   nan,    nan,    nan,    nan,    nan,    nan,    nan]
Follower     : [ 0.000, -0.785,  0.000, -2.356,  0.000,  1.571,  0.785]
Action (Tau) : [   nan,    nan,    nan,    nan,    nan,    nan,    nan]
Error (T-F)  : [ 0.276, -0.041,  0.192, -0.179,  0.848, -0.561,  0.016]
------------------------------------------------------------
--- Step 2460 ---
Leader (True): [ 0.274, -0.827,  0.190, -2.535,  0.844,  1.006,  0.801]
Leader (Pred): [   nan,    nan,    nan,    nan,    nan,    nan,    nan]
Follower     : [ 0.000, -0.785,  0.000, -2.356,  0.000,  1.571,  0.785]
Action (Tau) : [   nan,    nan,    nan,    nan,    nan,    nan,    nan]
Error (T-F)  : [ 0.274, -0.042,  0.190, -0.179,  0.844, -0.564,  0.016]
------------------------------------------------------------
--- Step 2470 ---
Leader (True): [ 0.273, -0.828,  0.189, -2.534,  0.840,  1.003,  0.801]
Leader (Pred): [   nan,    nan,    nan,    nan,    nan,    nan,    nan]
Follower     : [ 0.000, -0.785,  0.000, -2.356,  0.000,  1.571,  0.785]
Action (Tau) : [   nan,    nan,    nan,    nan,    nan,    nan,    nan]
Error (T-F)  : [ 0.273, -0.043,  0.189, -0.178,  0.840, -0.568,  0.016]
------------------------------------------------------------
--- Step 2480 ---
Leader (True): [ 0.271, -0.828,  0.187, -2.534,  0.835,  1.000,  0.801]
Leader (Pred): [   nan,    nan,    nan,    nan,    nan,    nan,    nan]
Follower     : [ 0.000, -0.785,  0.000, -2.356,  0.000,  1.571,  0.785]
Action (Tau) : [   nan,    nan,    nan,    nan,    nan,    nan,    nan]
Error (T-F)  : [ 0.271, -0.043,  0.187, -0.178,  0.835, -0.571,  0.016]
------------------------------------------------------------
--- Step 2490 ---
Leader (True): [ 0.270, -0.829,  0.185, -2.534,  0.831,  0.997,  0.801]
Leader (Pred): [   nan,    nan,    nan,    nan,    nan,    nan,    nan]
Follower     : [ 0.000, -0.785,  0.000, -2.356,  0.000,  1.571,  0.785]
Action (Tau) : [   nan,    nan,    nan,    nan,    nan,    nan,    nan]
Error (T-F)  : [ 0.270, -0.044,  0.185, -0.178,  0.831, -0.574,  0.016]
------------------------------------------------------------
>>> Avg Reward: nan
Step 41000 | R: nan | RL_L: nan | Pred_L: nan
Step 41000 | R: nan | RL_L: nan | Pred_L: nan
Step 41000 | R: nan | RL_L: nan | Pred_L: nan
Step 41000 | R: nan | RL_L: nan | Pred_L: nan
Step 41000 | R: nan | RL_L: nan | Pred_L: nan
Step 41000 | R: nan | RL_L: nan | Pred_L: nan
Step 41000 | R: nan | RL_L: nan | Pred_L: nan
Step 41000 | R: nan | RL_L: nan | Pred_L: nan
Step 41000 | R: nan | RL_L: nan | Pred_L: nan
Step 41000 | R: nan | RL_L: nan | Pred_L: nan
Step 41000 | R: nan | RL_L: nan | Pred_L: nan
Step 41000 | R: nan | RL_L: nan | Pred_L: nan
Step 41000 | R: nan | RL_L: nan | Pred_L: nan
Step 41000 | R: nan | RL_L: nan | Pred_L: nan
Step 41000 | R: nan | RL_L: nan | Pred_L: nan
Step 41000 | R: nan | RL_L: nan | Pred_L: nan
Step 41000 | R: nan | RL_L: nan | Pred_L: nan
Step 41000 | R: nan | RL_L: nan | Pred_L: nan
Step 41000 | R: nan | RL_L: nan | Pred_L: nan
Step 41000 | R: nan | RL_L: nan | Pred_L: nan
Step 41000 | R: nan | RL_L: nan | Pred_L: nan
Step 41000 | R: nan | RL_L: nan | Pred_L: nan
Step 41000 | R: nan | RL_L: nan | Pred_L: nan
Step 41000 | R: nan | RL_L: nan | Pred_L: nan
Step 41000 | R: nan | RL_L: nan | Pred_L: nan
Step 41000 | R: nan | RL_L: nan | Pred_L: nan
Step 41000 | R: nan | RL_L: nan | Pred_L: nan
Step 41000 | R: nan | RL_L: nan | Pred_L: nan
Step 41000 | R: nan | RL_L: nan | Pred_L: nan
Step 41000 | R: nan | RL_L: nan | Pred_L: nan
Step 41000 | R: nan | RL_L: nan | Pred_L: nan
Step 41000 | R: nan | RL_L: nan | Pred_L: nan

>>> EVALUATION AT STEP 45000
====================================================================================================
--- Step 0 ---
Leader (True): [ 0.000, -0.785,  0.000, -2.356,  0.000,  1.571,  0.785]
Leader (Pred): [   nan,    nan,    nan,    nan,    nan,    nan,    nan]
Follower     : [ 0.000, -0.785, -0.000, -2.356,  0.000,  1.571,  0.785]
Action (Tau) : [   nan,    nan,    nan,    nan,    nan,    nan,    nan]
Error (T-F)  : [-0.000,  0.000,  0.000,  0.000, -0.000,  0.000,  0.000]
------------------------------------------------------------
--- Step 10 ---
Leader (True): [ 0.000, -0.785,  0.000, -2.356,  0.001,  1.571,  0.785]
Leader (Pred): [   nan,    nan,    nan,    nan,    nan,    nan,    nan]
Follower     : [ 0.000, -0.785, -0.000, -2.356,  0.000,  1.571,  0.785]
Action (Tau) : [   nan,    nan,    nan,    nan,    nan,    nan,    nan]
Error (T-F)  : [ 0.000, -0.000,  0.000,  0.000,  0.001, -0.000,  0.000]
------------------------------------------------------------
--- Step 20 ---
Leader (True): [ 0.007, -0.786,  0.003, -2.355,  0.030,  1.562,  0.785]
Leader (Pred): [   nan,    nan,    nan,    nan,    nan,    nan,    nan]
Follower     : [ 0.000, -0.785, -0.000, -2.356,  0.000,  1.571,  0.785]
Action (Tau) : [   nan,    nan,    nan,    nan,    nan,    nan,    nan]
Error (T-F)  : [ 0.007, -0.001,  0.003,  0.001,  0.030, -0.009,  0.000]
------------------------------------------------------------
--- Step 30 ---
Leader (True): [ 0.013, -0.787,  0.005, -2.355,  0.060,  1.554,  0.786]
Leader (Pred): [   nan,    nan,    nan,    nan,    nan,    nan,    nan]
Follower     : [ 0.000, -0.785, -0.000, -2.356,  0.000,  1.571,  0.785]
Action (Tau) : [   nan,    nan,    nan,    nan,    nan,    nan,    nan]
Error (T-F)  : [ 0.013, -0.002,  0.005,  0.001,  0.060, -0.017,  0.001]
------------------------------------------------------------
--- Step 40 ---
Leader (True): [ 0.019, -0.787,  0.007, -2.355,  0.090,  1.547,  0.786]
Leader (Pred): [   nan,    nan,    nan,    nan,    nan,    nan,    nan]
Follower     : [ 0.000, -0.785, -0.000, -2.356,  0.000,  1.571,  0.785]
Action (Tau) : [   nan,    nan,    nan,    nan,    nan,    nan,    nan]
Error (T-F)  : [ 0.019, -0.002,  0.007,  0.001,  0.090, -0.024,  0.001]
------------------------------------------------------------
--- Step 50 ---
Leader (True): [ 0.026, -0.788,  0.010, -2.355,  0.120,  1.540,  0.787]
Leader (Pred): [   nan,    nan,    nan,    nan,    nan,    nan,    nan]
Follower     : [ 0.000, -0.785, -0.000, -2.356,  0.000,  1.571,  0.785]
Action (Tau) : [   nan,    nan,    nan,    nan,    nan,    nan,    nan]
Error (T-F)  : [ 0.026, -0.003,  0.010,  0.001,  0.120, -0.030,  0.002]
------------------------------------------------------------
--- Step 60 ---
Leader (True): [ 0.032, -0.788,  0.012, -2.356,  0.150,  1.535,  0.787]
Leader (Pred): [   nan,    nan,    nan,    nan,    nan,    nan,    nan]
Follower     : [ 0.000, -0.785, -0.000, -2.356,  0.000,  1.571,  0.785]
Action (Tau) : [   nan,    nan,    nan,    nan,    nan,    nan,    nan]
Error (T-F)  : [ 0.032, -0.003,  0.012, -0.000,  0.150, -0.036,  0.002]
------------------------------------------------------------
--- Step 70 ---
Leader (True): [ 0.038, -0.788,  0.015, -2.357,  0.180,  1.529,  0.787]
Leader (Pred): [   nan,    nan,    nan,    nan,    nan,    nan,    nan]
Follower     : [ 0.000, -0.785, -0.000, -2.356,  0.000,  1.571,  0.785]
Action (Tau) : [   nan,    nan,    nan,    nan,    nan,    nan,    nan]
Error (T-F)  : [ 0.038, -0.003,  0.015, -0.001,  0.180, -0.041,  0.002]
------------------------------------------------------------
--- Step 80 ---
Leader (True): [ 0.044, -0.788,  0.017, -2.359,  0.210,  1.525,  0.788]
Leader (Pred): [   nan,    nan,    nan,    nan,    nan,    nan,    nan]
Follower     : [ 0.000, -0.785, -0.000, -2.356,  0.000,  1.571,  0.785]
Action (Tau) : [   nan,    nan,    nan,    nan,    nan,    nan,    nan]
Error (T-F)  : [ 0.044, -0.003,  0.017, -0.003,  0.210, -0.046,  0.003]
------------------------------------------------------------
--- Step 90 ---
Leader (True): [ 0.051, -0.788,  0.020, -2.361,  0.240,  1.521,  0.788]
Leader (Pred): [   nan,    nan,    nan,    nan,    nan,    nan,    nan]
Follower     : [ 0.000, -0.785, -0.000, -2.356,  0.000,  1.571,  0.785]
Action (Tau) : [   nan,    nan,    nan,    nan,    nan,    nan,    nan]
Error (T-F)  : [ 0.051, -0.003,  0.020, -0.005,  0.240, -0.049,  0.003]
------------------------------------------------------------
--- Step 100 ---
Leader (True): [ 0.057, -0.788,  0.023, -2.363,  0.268,  1.519,  0.789]
Leader (Pred): [   nan,    nan,    nan,    nan,    nan,    nan,    nan]
Follower     : [ 0.000, -0.785, -0.000, -2.356,  0.000,  1.571,  0.785]
Action (Tau) : [   nan,    nan,    nan,    nan,    nan,    nan,    nan]
Error (T-F)  : [ 0.057, -0.003,  0.023, -0.007,  0.268, -0.052,  0.004]
------------------------------------------------------------
--- Step 110 ---
Leader (True): [ 0.058, -0.787,  0.024, -2.364,  0.275,  1.522,  0.789]
Leader (Pred): [   nan,    nan,    nan,    nan,    nan,    nan,    nan]
Follower     : [ 0.000, -0.785, -0.000, -2.356,  0.000,  1.571,  0.785]
Action (Tau) : [   nan,    nan,    nan,    nan,    nan,    nan,    nan]
Error (T-F)  : [ 0.058, -0.002,  0.024, -0.008,  0.275, -0.049,  0.004]
------------------------------------------------------------
--- Step 120 ---
Leader (True): [ 0.060, -0.786,  0.025, -2.365,  0.287,  1.532,  0.789]
Leader (Pred): [   nan,    nan,    nan,    nan,    nan,    nan,    nan]
Follower     : [ 0.000, -0.785, -0.000, -2.356,  0.000,  1.571,  0.785]
Action (Tau) : [   nan,    nan,    nan,    nan,    nan,    nan,    nan]
Error (T-F)  : [ 0.060, -0.001,  0.025, -0.009,  0.287, -0.038,  0.004]
------------------------------------------------------------
--- Step 130 ---
Leader (True): [ 0.062, -0.783,  0.027, -2.367,  0.297,  1.549,  0.789]
Leader (Pred): [   nan,    nan,    nan,    nan,    nan,    nan,    nan]
Follower     : [ 0.000, -0.785, -0.000, -2.356,  0.000,  1.571,  0.785]
Action (Tau) : [   nan,    nan,    nan,    nan,    nan,    nan,    nan]
Error (T-F)  : [ 0.062,  0.002,  0.027, -0.011,  0.297, -0.022,  0.004]
------------------------------------------------------------
--- Step 140 ---
Leader (True): [ 0.064, -0.781,  0.029, -2.368,  0.306,  1.568,  0.790]
Leader (Pred): [   nan,    nan,    nan,    nan,    nan,    nan,    nan]
Follower     : [ 0.000, -0.785, -0.000, -2.356,  0.000,  1.571,  0.785]
Action (Tau) : [   nan,    nan,    nan,    nan,    nan,    nan,    nan]
Error (T-F)  : [ 0.064,  0.004,  0.029, -0.012,  0.306, -0.003,  0.005]
------------------------------------------------------------
--- Step 150 ---
Leader (True): [ 0.066, -0.778,  0.032, -2.370,  0.314,  1.588,  0.790]
Leader (Pred): [   nan,    nan,    nan,    nan,    nan,    nan,    nan]
Follower     : [ 0.000, -0.785, -0.000, -2.356,  0.000,  1.571,  0.785]
Action (Tau) : [   nan,    nan,    nan,    nan,    nan,    nan,    nan]
Error (T-F)  : [ 0.066,  0.007,  0.032, -0.014,  0.314,  0.017,  0.005]
------------------------------------------------------------
--- Step 160 ---
Leader (True): [ 0.068, -0.775,  0.034, -2.371,  0.320,  1.609,  0.790]
Leader (Pred): [   nan,    nan,    nan,    nan,    nan,    nan,    nan]
Follower     : [ 0.000, -0.785, -0.000, -2.356,  0.000,  1.571,  0.785]
Action (Tau) : [   nan,    nan,    nan,    nan,    nan,    nan,    nan]
Error (T-F)  : [ 0.068,  0.010,  0.034, -0.015,  0.320,  0.038,  0.005]
------------------------------------------------------------
--- Step 170 ---
Leader (True): [ 0.070, -0.771,  0.036, -2.372,  0.326,  1.631,  0.790]
Leader (Pred): [   nan,    nan,    nan,    nan,    nan,    nan,    nan]
Follower     : [ 0.000, -0.785, -0.000, -2.356,  0.000,  1.571,  0.785]
Action (Tau) : [   nan,    nan,    nan,    nan,    nan,    nan,    nan]
Error (T-F)  : [ 0.070,  0.014,  0.036, -0.016,  0.326,  0.060,  0.005]
------------------------------------------------------------
--- Step 180 ---
Leader (True): [ 0.072, -0.768,  0.038, -2.373,  0.332,  1.653,  0.790]
Leader (Pred): [   nan,    nan,    nan,    nan,    nan,    nan,    nan]
Follower     : [ 0.000, -0.785, -0.000, -2.356,  0.000,  1.571,  0.785]
Action (Tau) : [   nan,    nan,    nan,    nan,    nan,    nan,    nan]
Error (T-F)  : [ 0.072,  0.017,  0.038, -0.017,  0.332,  0.082,  0.005]
------------------------------------------------------------
--- Step 190 ---
Leader (True): [ 0.074, -0.764,  0.041, -2.375,  0.337,  1.675,  0.790]
Leader (Pred): [   nan,    nan,    nan,    nan,    nan,    nan,    nan]
Follower     : [ 0.000, -0.785, -0.000, -2.356,  0.000,  1.571,  0.785]
Action (Tau) : [   nan,    nan,    nan,    nan,    nan,    nan,    nan]
Error (T-F)  : [ 0.074,  0.021,  0.041, -0.019,  0.337,  0.104,  0.005]
------------------------------------------------------------
--- Step 200 ---
Leader (True): [ 0.077, -0.760,  0.043, -2.376,  0.341,  1.696,  0.790]
Leader (Pred): [   nan,    nan,    nan,    nan,    nan,    nan,    nan]
Follower     : [ 0.000, -0.785, -0.000, -2.356,  0.000,  1.571,  0.785]
Action (Tau) : [   nan,    nan,    nan,    nan,    nan,    nan,    nan]
Error (T-F)  : [ 0.077,  0.025,  0.043, -0.020,  0.341,  0.126,  0.005]
------------------------------------------------------------
--- Step 210 ---
Leader (True): [ 0.079, -0.755,  0.046, -2.376,  0.346,  1.718,  0.790]
Leader (Pred): [   nan,    nan,    nan,    nan,    nan,    nan,    nan]
Follower     : [ 0.000, -0.785, -0.000, -2.356,  0.000,  1.571,  0.785]
Action (Tau) : [   nan,    nan,    nan,    nan,    nan,    nan,    nan]
Error (T-F)  : [ 0.079,  0.030,  0.046, -0.020,  0.346,  0.147,  0.005]
------------------------------------------------------------
--- Step 220 ---
Leader (True): [ 0.081, -0.751,  0.048, -2.377,  0.350,  1.740,  0.790]
Leader (Pred): [   nan,    nan,    nan,    nan,    nan,    nan,    nan]
Follower     : [ 0.000, -0.785, -0.000, -2.356,  0.000,  1.571,  0.785]
Action (Tau) : [   nan,    nan,    nan,    nan,    nan,    nan,    nan]
Error (T-F)  : [ 0.081,  0.034,  0.048, -0.021,  0.350,  0.169,  0.005]
------------------------------------------------------------
--- Step 230 ---
Leader (True): [ 0.084, -0.746,  0.051, -2.378,  0.354,  1.761,  0.790]
Leader (Pred): [   nan,    nan,    nan,    nan,    nan,    nan,    nan]
Follower     : [ 0.000, -0.785, -0.000, -2.356,  0.000,  1.571,  0.785]
Action (Tau) : [   nan,    nan,    nan,    nan,    nan,    nan,    nan]
Error (T-F)  : [ 0.084,  0.039,  0.051, -0.022,  0.354,  0.191,  0.005]
------------------------------------------------------------
--- Step 240 ---
Leader (True): [ 0.086, -0.741,  0.054, -2.378,  0.358,  1.783,  0.790]
Leader (Pred): [   nan,    nan,    nan,    nan,    nan,    nan,    nan]
Follower     : [ 0.000, -0.785, -0.000, -2.356,  0.000,  1.571,  0.785]
Action (Tau) : [   nan,    nan,    nan,    nan,    nan,    nan,    nan]
Error (T-F)  : [ 0.086,  0.044,  0.054, -0.022,  0.358,  0.212,  0.005]
------------------------------------------------------------
--- Step 250 ---
Leader (True): [ 0.088, -0.736,  0.056, -2.379,  0.362,  1.804,  0.789]
Leader (Pred): [   nan,    nan,    nan,    nan,    nan,    nan,    nan]
Follower     : [ 0.000, -0.785, -0.000, -2.356,  0.000,  1.571,  0.785]
Action (Tau) : [   nan,    nan,    nan,    nan,    nan,    nan,    nan]
Error (T-F)  : [ 0.088,  0.049,  0.056, -0.023,  0.362,  0.233,  0.004]
------------------------------------------------------------
--- Step 260 ---
Leader (True): [ 0.091, -0.730,  0.059, -2.379,  0.365,  1.825,  0.789]
Leader (Pred): [   nan,    nan,    nan,    nan,    nan,    nan,    nan]
Follower     : [ 0.000, -0.785, -0.000, -2.356,  0.000,  1.571,  0.785]
Action (Tau) : [   nan,    nan,    nan,    nan,    nan,    nan,    nan]
Error (T-F)  : [ 0.091,  0.055,  0.059, -0.023,  0.365,  0.254,  0.004]
------------------------------------------------------------
--- Step 270 ---
Leader (True): [ 0.093, -0.725,  0.062, -2.378,  0.368,  1.846,  0.789]
Leader (Pred): [   nan,    nan,    nan,    nan,    nan,    nan,    nan]
Follower     : [ 0.000, -0.785, -0.000, -2.356,  0.000,  1.571,  0.785]
Action (Tau) : [   nan,    nan,    nan,    nan,    nan,    nan,    nan]
Error (T-F)  : [ 0.093,  0.060,  0.062, -0.022,  0.368,  0.275,  0.004]
------------------------------------------------------------
--- Step 280 ---
Leader (True): [ 0.096, -0.719,  0.064, -2.378,  0.372,  1.866,  0.789]
Leader (Pred): [   nan,    nan,    nan,    nan,    nan,    nan,    nan]
Follower     : [ 0.000, -0.785, -0.000, -2.356,  0.000,  1.571,  0.785]
Action (Tau) : [   nan,    nan,    nan,    nan,    nan,    nan,    nan]
Error (T-F)  : [ 0.096,  0.066,  0.064, -0.022,  0.372,  0.295,  0.004]
------------------------------------------------------------
--- Step 290 ---
Leader (True): [ 0.098, -0.713,  0.067, -2.378,  0.375,  1.886,  0.789]
Leader (Pred): [   nan,    nan,    nan,    nan,    nan,    nan,    nan]
Follower     : [ 0.000, -0.785, -0.000, -2.356,  0.000,  1.571,  0.785]
Action (Tau) : [   nan,    nan,    nan,    nan,    nan,    nan,    nan]
Error (T-F)  : [ 0.098,  0.072,  0.067, -0.022,  0.375,  0.316,  0.004]
------------------------------------------------------------
--- Step 300 ---
Leader (True): [ 0.101, -0.706,  0.070, -2.377,  0.377,  1.906,  0.789]
Leader (Pred): [   nan,    nan,    nan,    nan,    nan,    nan,    nan]
Follower     : [ 0.000, -0.785, -0.000, -2.356,  0.000,  1.571,  0.785]
Action (Tau) : [   nan,    nan,    nan,    nan,    nan,    nan,    nan]
Error (T-F)  : [ 0.101,  0.079,  0.070, -0.021,  0.377,  0.336,  0.004]
------------------------------------------------------------
--- Step 310 ---
Leader (True): [ 0.103, -0.699,  0.072, -2.376,  0.380,  1.926,  0.789]
Leader (Pred): [   nan,    nan,    nan,    nan,    nan,    nan,    nan]
Follower     : [ 0.000, -0.785, -0.000, -2.356,  0.000,  1.571,  0.785]
Action (Tau) : [   nan,    nan,    nan,    nan,    nan,    nan,    nan]
Error (T-F)  : [ 0.103,  0.086,  0.072, -0.020,  0.380,  0.355,  0.004]
------------------------------------------------------------
--- Step 320 ---
Leader (True): [ 0.105, -0.693,  0.075, -2.375,  0.383,  1.945,  0.789]
Leader (Pred): [   nan,    nan,    nan,    nan,    nan,    nan,    nan]
Follower     : [ 0.000, -0.785, -0.000, -2.356,  0.000,  1.571,  0.785]
Action (Tau) : [   nan,    nan,    nan,    nan,    nan,    nan,    nan]
Error (T-F)  : [ 0.105,  0.092,  0.075, -0.019,  0.383,  0.374,  0.004]
------------------------------------------------------------
--- Step 330 ---
Leader (True): [ 0.108, -0.685,  0.078, -2.373,  0.385,  1.964,  0.789]
Leader (Pred): [   nan,    nan,    nan,    nan,    nan,    nan,    nan]
Follower     : [ 0.000, -0.785, -0.000, -2.356,  0.000,  1.571,  0.785]
Action (Tau) : [   nan,    nan,    nan,    nan,    nan,    nan,    nan]
Error (T-F)  : [ 0.108,  0.100,  0.078, -0.017,  0.385,  0.393,  0.004]
------------------------------------------------------------
--- Step 340 ---
Leader (True): [ 0.110, -0.678,  0.081, -2.372,  0.387,  1.982,  0.788]
Leader (Pred): [   nan,    nan,    nan,    nan,    nan,    nan,    nan]
Follower     : [ 0.000, -0.785, -0.000, -2.356,  0.000,  1.571,  0.785]
Action (Tau) : [   nan,    nan,    nan,    nan,    nan,    nan,    nan]
Error (T-F)  : [ 0.110,  0.107,  0.081, -0.016,  0.387,  0.411,  0.003]
------------------------------------------------------------
--- Step 350 ---
Leader (True): [ 0.113, -0.671,  0.083, -2.370,  0.389,  2.000,  0.788]
Leader (Pred): [   nan,    nan,    nan,    nan,    nan,    nan,    nan]
Follower     : [ 0.000, -0.785, -0.000, -2.356,  0.000,  1.571,  0.785]
Action (Tau) : [   nan,    nan,    nan,    nan,    nan,    nan,    nan]
Error (T-F)  : [ 0.113,  0.114,  0.083, -0.014,  0.389,  0.429,  0.003]
------------------------------------------------------------
--- Step 360 ---
Leader (True): [ 0.115, -0.663,  0.086, -2.367,  0.391,  2.017,  0.788]
Leader (Pred): [   nan,    nan,    nan,    nan,    nan,    nan,    nan]
Follower     : [ 0.000, -0.785, -0.000, -2.356,  0.000,  1.571,  0.785]
Action (Tau) : [   nan,    nan,    nan,    nan,    nan,    nan,    nan]
Error (T-F)  : [ 0.115,  0.122,  0.086, -0.011,  0.391,  0.447,  0.003]
------------------------------------------------------------
--- Step 370 ---
Leader (True): [ 0.117, -0.655,  0.088, -2.365,  0.393,  2.034,  0.788]
Leader (Pred): [   nan,    nan,    nan,    nan,    nan,    nan,    nan]
Follower     : [ 0.000, -0.785, -0.000, -2.356,  0.000,  1.571,  0.785]
Action (Tau) : [   nan,    nan,    nan,    nan,    nan,    nan,    nan]
Error (T-F)  : [ 0.117,  0.130,  0.088, -0.009,  0.393,  0.463,  0.003]
------------------------------------------------------------
--- Step 380 ---
Leader (True): [ 0.120, -0.647,  0.091, -2.362,  0.395,  2.051,  0.788]
Leader (Pred): [   nan,    nan,    nan,    nan,    nan,    nan,    nan]
Follower     : [ 0.000, -0.785, -0.000, -2.356,  0.000,  1.571,  0.785]
Action (Tau) : [   nan,    nan,    nan,    nan,    nan,    nan,    nan]
Error (T-F)  : [ 0.120,  0.138,  0.091, -0.006,  0.395,  0.480,  0.003]
------------------------------------------------------------
--- Step 390 ---
Leader (True): [ 0.122, -0.639,  0.093, -2.359,  0.396,  2.067,  0.788]
Leader (Pred): [   nan,    nan,    nan,    nan,    nan,    nan,    nan]
Follower     : [ 0.000, -0.785, -0.000, -2.356,  0.000,  1.571,  0.785]
Action (Tau) : [   nan,    nan,    nan,    nan,    nan,    nan,    nan]
Error (T-F)  : [ 0.122,  0.146,  0.093, -0.003,  0.396,  0.496,  0.003]
------------------------------------------------------------
--- Step 400 ---
Leader (True): [ 0.124, -0.631,  0.095, -2.356,  0.398,  2.082,  0.788]
Leader (Pred): [   nan,    nan,    nan,    nan,    nan,    nan,    nan]
Follower     : [ 0.000, -0.785, -0.000, -2.356,  0.000,  1.571,  0.785]
Action (Tau) : [   nan,    nan,    nan,    nan,    nan,    nan,    nan]
Error (T-F)  : [ 0.124,  0.154,  0.095, -0.000,  0.398,  0.511,  0.003]
------------------------------------------------------------
--- Step 410 ---
Leader (True): [ 0.127, -0.622,  0.098, -2.353,  0.399,  2.097,  0.788]
Leader (Pred): [   nan,    nan,    nan,    nan,    nan,    nan,    nan]
Follower     : [ 0.000, -0.785, -0.000, -2.356,  0.000,  1.571,  0.785]
Action (Tau) : [   nan,    nan,    nan,    nan,    nan,    nan,    nan]
Error (T-F)  : [ 0.127,  0.163,  0.098,  0.003,  0.399,  0.527,  0.003]
------------------------------------------------------------
--- Step 420 ---
Leader (True): [ 0.129, -0.614,  0.100, -2.349,  0.400,  2.112,  0.788]
Leader (Pred): [   nan,    nan,    nan,    nan,    nan,    nan,    nan]
Follower     : [ 0.000, -0.785, -0.000, -2.356,  0.000,  1.571,  0.785]
Action (Tau) : [   nan,    nan,    nan,    nan,    nan,    nan,    nan]
Error (T-F)  : [ 0.129,  0.171,  0.100,  0.007,  0.400,  0.541,  0.003]
------------------------------------------------------------
--- Step 430 ---
Leader (True): [ 0.131, -0.605,  0.102, -2.346,  0.401,  2.126,  0.787]
Leader (Pred): [   nan,    nan,    nan,    nan,    nan,    nan,    nan]
Follower     : [ 0.000, -0.785, -0.000, -2.356,  0.000,  1.571,  0.785]
Action (Tau) : [   nan,    nan,    nan,    nan,    nan,    nan,    nan]
Error (T-F)  : [ 0.131,  0.180,  0.102,  0.010,  0.401,  0.555,  0.002]
------------------------------------------------------------
--- Step 440 ---
Leader (True): [ 0.133, -0.597,  0.104, -2.342,  0.402,  2.139,  0.787]
Leader (Pred): [   nan,    nan,    nan,    nan,    nan,    nan,    nan]
Follower     : [ 0.000, -0.785, -0.000, -2.356,  0.000,  1.571,  0.785]
Action (Tau) : [   nan,    nan,    nan,    nan,    nan,    nan,    nan]
Error (T-F)  : [ 0.133,  0.188,  0.104,  0.014,  0.402,  0.569,  0.002]
------------------------------------------------------------
--- Step 450 ---
Leader (True): [ 0.135, -0.588,  0.106, -2.338,  0.403,  2.152,  0.787]
Leader (Pred): [   nan,    nan,    nan,    nan,    nan,    nan,    nan]
Follower     : [ 0.000, -0.785, -0.000, -2.356,  0.000,  1.571,  0.785]
Action (Tau) : [   nan,    nan,    nan,    nan,    nan,    nan,    nan]
Error (T-F)  : [ 0.135,  0.197,  0.106,  0.018,  0.403,  0.582,  0.002]
------------------------------------------------------------
--- Step 460 ---
Leader (True): [ 0.137, -0.579,  0.108, -2.333,  0.404,  2.165,  0.787]
Leader (Pred): [   nan,    nan,    nan,    nan,    nan,    nan,    nan]
Follower     : [ 0.000, -0.785, -0.000, -2.356,  0.000,  1.571,  0.785]
Action (Tau) : [   nan,    nan,    nan,    nan,    nan,    nan,    nan]
Error (T-F)  : [ 0.137,  0.206,  0.108,  0.023,  0.404,  0.594,  0.002]
------------------------------------------------------------
--- Step 470 ---
Leader (True): [ 0.139, -0.571,  0.110, -2.329,  0.405,  2.177,  0.787]
Leader (Pred): [   nan,    nan,    nan,    nan,    nan,    nan,    nan]
Follower     : [ 0.000, -0.785, -0.000, -2.356,  0.000,  1.571,  0.785]
Action (Tau) : [   nan,    nan,    nan,    nan,    nan,    nan,    nan]
Error (T-F)  : [ 0.139,  0.214,  0.110,  0.027,  0.405,  0.606,  0.002]
------------------------------------------------------------
--- Step 480 ---
Leader (True): [ 0.141, -0.562,  0.112, -2.324,  0.406,  2.189,  0.787]
Leader (Pred): [   nan,    nan,    nan,    nan,    nan,    nan,    nan]
Follower     : [ 0.000, -0.785, -0.000, -2.356,  0.000,  1.571,  0.785]
Action (Tau) : [   nan,    nan,    nan,    nan,    nan,    nan,    nan]
Error (T-F)  : [ 0.141,  0.223,  0.112,  0.032,  0.406,  0.618,  0.002]
------------------------------------------------------------
--- Step 490 ---
Leader (True): [ 0.143, -0.554,  0.114, -2.320,  0.407,  2.200,  0.787]
Leader (Pred): [   nan,    nan,    nan,    nan,    nan,    nan,    nan]
Follower     : [ 0.000, -0.785, -0.000, -2.356,  0.000,  1.571,  0.785]
Action (Tau) : [   nan,    nan,    nan,    nan,    nan,    nan,    nan]
Error (T-F)  : [ 0.143,  0.231,  0.114,  0.036,  0.407,  0.629,  0.002]
------------------------------------------------------------
--- Step 500 ---
Leader (True): [ 0.145, -0.545,  0.116, -2.315,  0.407,  2.210,  0.787]
Leader (Pred): [   nan,    nan,    nan,    nan,    nan,    nan,    nan]
Follower     : [ 0.000, -0.785, -0.000, -2.356,  0.000,  1.571,  0.785]
Action (Tau) : [   nan,    nan,    nan,    nan,    nan,    nan,    nan]
Error (T-F)  : [ 0.145,  0.240,  0.116,  0.041,  0.407,  0.639,  0.002]
------------------------------------------------------------
--- Step 510 ---
Leader (True): [ 0.147, -0.536,  0.117, -2.310,  0.408,  2.220,  0.787]
Leader (Pred): [   nan,    nan,    nan,    nan,    nan,    nan,    nan]
Follower     : [ 0.000, -0.785, -0.000, -2.356,  0.000,  1.571,  0.785]
Action (Tau) : [   nan,    nan,    nan,    nan,    nan,    nan,    nan]
Error (T-F)  : [ 0.147,  0.249,  0.117,  0.046,  0.408,  0.650,  0.002]
------------------------------------------------------------
--- Step 520 ---
Leader (True): [ 0.149, -0.528,  0.119, -2.305,  0.409,  2.230,  0.787]
Leader (Pred): [   nan,    nan,    nan,    nan,    nan,    nan,    nan]
Follower     : [ 0.000, -0.785, -0.000, -2.356,  0.000,  1.571,  0.785]
Action (Tau) : [   nan,    nan,    nan,    nan,    nan,    nan,    nan]
Error (T-F)  : [ 0.149,  0.257,  0.119,  0.051,  0.409,  0.659,  0.002]
------------------------------------------------------------
--- Step 530 ---
Leader (True): [ 0.151, -0.519,  0.121, -2.300,  0.409,  2.239,  0.787]
Leader (Pred): [   nan,    nan,    nan,    nan,    nan,    nan,    nan]
Follower     : [ 0.000, -0.785, -0.000, -2.356,  0.000,  1.571,  0.785]
Action (Tau) : [   nan,    nan,    nan,    nan,    nan,    nan,    nan]
Error (T-F)  : [ 0.151,  0.266,  0.121,  0.056,  0.409,  0.669,  0.002]
------------------------------------------------------------
--- Step 540 ---
Leader (True): [ 0.153, -0.511,  0.122, -2.295,  0.410,  2.248,  0.787]
Leader (Pred): [   nan,    nan,    nan,    nan,    nan,    nan,    nan]
Follower     : [ 0.000, -0.785, -0.000, -2.356,  0.000,  1.571,  0.785]
Action (Tau) : [   nan,    nan,    nan,    nan,    nan,    nan,    nan]
Error (T-F)  : [ 0.153,  0.274,  0.122,  0.061,  0.410,  0.677,  0.002]
------------------------------------------------------------
--- Step 550 ---
Leader (True): [ 0.154, -0.503,  0.124, -2.289,  0.411,  2.257,  0.787]
Leader (Pred): [   nan,    nan,    nan,    nan,    nan,    nan,    nan]
Follower     : [ 0.000, -0.785, -0.000, -2.356,  0.000,  1.571,  0.785]
Action (Tau) : [   nan,    nan,    nan,    nan,    nan,    nan,    nan]
Error (T-F)  : [ 0.154,  0.282,  0.124,  0.067,  0.411,  0.686,  0.002]
------------------------------------------------------------
--- Step 560 ---
Leader (True): [ 0.156, -0.495,  0.125, -2.284,  0.411,  2.265,  0.787]
Leader (Pred): [   nan,    nan,    nan,    nan,    nan,    nan,    nan]
Follower     : [ 0.000, -0.785, -0.000, -2.356,  0.000,  1.571,  0.785]
Action (Tau) : [   nan,    nan,    nan,    nan,    nan,    nan,    nan]
Error (T-F)  : [ 0.156,  0.290,  0.125,  0.072,  0.411,  0.694,  0.002]
------------------------------------------------------------
--- Step 570 ---
Leader (True): [ 0.157, -0.487,  0.127, -2.279,  0.412,  2.272,  0.787]
Leader (Pred): [   nan,    nan,    nan,    nan,    nan,    nan,    nan]
Follower     : [ 0.000, -0.785, -0.000, -2.356,  0.000,  1.571,  0.785]
Action (Tau) : [   nan,    nan,    nan,    nan,    nan,    nan,    nan]
Error (T-F)  : [ 0.157,  0.298,  0.127,  0.077,  0.412,  0.702,  0.002]
------------------------------------------------------------
--- Step 580 ---
Leader (True): [ 0.159, -0.479,  0.129, -2.274,  0.413,  2.280,  0.787]
Leader (Pred): [   nan,    nan,    nan,    nan,    nan,    nan,    nan]
Follower     : [ 0.000, -0.785, -0.000, -2.356,  0.000,  1.571,  0.785]
Action (Tau) : [   nan,    nan,    nan,    nan,    nan,    nan,    nan]
Error (T-F)  : [ 0.159,  0.306,  0.129,  0.082,  0.413,  0.709,  0.002]
------------------------------------------------------------
--- Step 590 ---
Leader (True): [ 0.160, -0.471,  0.130, -2.269,  0.413,  2.286,  0.787]
Leader (Pred): [   nan,    nan,    nan,    nan,    nan,    nan,    nan]
Follower     : [ 0.000, -0.785, -0.000, -2.356,  0.000,  1.571,  0.785]
Action (Tau) : [   nan,    nan,    nan,    nan,    nan,    nan,    nan]
Error (T-F)  : [ 0.160,  0.314,  0.130,  0.087,  0.413,  0.716,  0.002]
------------------------------------------------------------
--- Step 600 ---
Leader (True): [ 0.162, -0.464,  0.132, -2.263,  0.414,  2.293,  0.787]
Leader (Pred): [   nan,    nan,    nan,    nan,    nan,    nan,    nan]
Follower     : [ 0.000, -0.785, -0.000, -2.356,  0.000,  1.571,  0.785]
Action (Tau) : [   nan,    nan,    nan,    nan,    nan,    nan,    nan]
Error (T-F)  : [ 0.162,  0.321,  0.132,  0.093,  0.414,  0.722,  0.002]
------------------------------------------------------------
--- Step 610 ---
Leader (True): [ 0.163, -0.456,  0.133, -2.258,  0.415,  2.299,  0.787]
Leader (Pred): [   nan,    nan,    nan,    nan,    nan,    nan,    nan]
Follower     : [ 0.000, -0.785, -0.000, -2.356,  0.000,  1.571,  0.785]
Action (Tau) : [   nan,    nan,    nan,    nan,    nan,    nan,    nan]
Error (T-F)  : [ 0.163,  0.329,  0.133,  0.098,  0.415,  0.728,  0.002]
------------------------------------------------------------
--- Step 620 ---
Leader (True): [ 0.165, -0.449,  0.135, -2.253,  0.415,  2.305,  0.787]
Leader (Pred): [   nan,    nan,    nan,    nan,    nan,    nan,    nan]
Follower     : [ 0.000, -0.785, -0.000, -2.356,  0.000,  1.571,  0.785]
Action (Tau) : [   nan,    nan,    nan,    nan,    nan,    nan,    nan]
Error (T-F)  : [ 0.165,  0.336,  0.135,  0.103,  0.415,  0.734,  0.002]
------------------------------------------------------------
--- Step 630 ---
Leader (True): [ 0.166, -0.442,  0.136, -2.248,  0.416,  2.311,  0.787]
Leader (Pred): [   nan,    nan,    nan,    nan,    nan,    nan,    nan]
Follower     : [ 0.000, -0.785, -0.000, -2.356,  0.000,  1.571,  0.785]
Action (Tau) : [   nan,    nan,    nan,    nan,    nan,    nan,    nan]
Error (T-F)  : [ 0.166,  0.343,  0.136,  0.108,  0.416,  0.740,  0.002]
------------------------------------------------------------
--- Step 640 ---
Leader (True): [ 0.167, -0.435,  0.138, -2.243,  0.417,  2.316,  0.787]
Leader (Pred): [   nan,    nan,    nan,    nan,    nan,    nan,    nan]
Follower     : [ 0.000, -0.785, -0.000, -2.356,  0.000,  1.571,  0.785]
Action (Tau) : [   nan,    nan,    nan,    nan,    nan,    nan,    nan]
Error (T-F)  : [ 0.167,  0.350,  0.138,  0.113,  0.417,  0.745,  0.002]
------------------------------------------------------------
--- Step 650 ---
Leader (True): [ 0.168, -0.429,  0.139, -2.238,  0.418,  2.321,  0.786]
Leader (Pred): [   nan,    nan,    nan,    nan,    nan,    nan,    nan]
Follower     : [ 0.000, -0.785, -0.000, -2.356,  0.000,  1.571,  0.785]
Action (Tau) : [   nan,    nan,    nan,    nan,    nan,    nan,    nan]
Error (T-F)  : [ 0.168,  0.356,  0.139,  0.118,  0.418,  0.750,  0.001]
------------------------------------------------------------
--- Step 660 ---
Leader (True): [ 0.169, -0.422,  0.141, -2.233,  0.419,  2.325,  0.786]
Leader (Pred): [   nan,    nan,    nan,    nan,    nan,    nan,    nan]
Follower     : [ 0.000, -0.785, -0.000, -2.356,  0.000,  1.571,  0.785]
Action (Tau) : [   nan,    nan,    nan,    nan,    nan,    nan,    nan]
Error (T-F)  : [ 0.169,  0.363,  0.141,  0.123,  0.419,  0.755,  0.001]
------------------------------------------------------------
--- Step 670 ---
Leader (True): [ 0.171, -0.416,  0.142, -2.228,  0.420,  2.330,  0.786]
Leader (Pred): [   nan,    nan,    nan,    nan,    nan,    nan,    nan]
Follower     : [ 0.000, -0.785, -0.000, -2.356,  0.000,  1.571,  0.785]
Action (Tau) : [   nan,    nan,    nan,    nan,    nan,    nan,    nan]
Error (T-F)  : [ 0.171,  0.369,  0.142,  0.128,  0.420,  0.759,  0.001]
------------------------------------------------------------
--- Step 680 ---
Leader (True): [ 0.172, -0.410,  0.144, -2.224,  0.421,  2.334,  0.786]
Leader (Pred): [   nan,    nan,    nan,    nan,    nan,    nan,    nan]
Follower     : [ 0.000, -0.785, -0.000, -2.356,  0.000,  1.571,  0.785]
Action (Tau) : [   nan,    nan,    nan,    nan,    nan,    nan,    nan]
Error (T-F)  : [ 0.172,  0.375,  0.144,  0.132,  0.421,  0.763,  0.001]
------------------------------------------------------------
--- Step 690 ---
Leader (True): [ 0.173, -0.404,  0.145, -2.219,  0.422,  2.338,  0.786]
Leader (Pred): [   nan,    nan,    nan,    nan,    nan,    nan,    nan]
Follower     : [ 0.000, -0.785, -0.000, -2.356,  0.000,  1.571,  0.785]
Action (Tau) : [   nan,    nan,    nan,    nan,    nan,    nan,    nan]
Error (T-F)  : [ 0.173,  0.381,  0.145,  0.137,  0.422,  0.767,  0.001]
------------------------------------------------------------
--- Step 700 ---
Leader (True): [ 0.174, -0.398,  0.147, -2.215,  0.423,  2.341,  0.786]
Leader (Pred): [   nan,    nan,    nan,    nan,    nan,    nan,    nan]
Follower     : [ 0.000, -0.785, -0.000, -2.356,  0.000,  1.571,  0.785]
Action (Tau) : [   nan,    nan,    nan,    nan,    nan,    nan,    nan]
Error (T-F)  : [ 0.174,  0.387,  0.147,  0.141,  0.423,  0.771,  0.001]
------------------------------------------------------------
--- Step 710 ---
Leader (True): [ 0.175, -0.393,  0.148, -2.210,  0.424,  2.345,  0.786]
Leader (Pred): [   nan,    nan,    nan,    nan,    nan,    nan,    nan]
Follower     : [ 0.000, -0.785, -0.000, -2.356,  0.000,  1.571,  0.785]
Action (Tau) : [   nan,    nan,    nan,    nan,    nan,    nan,    nan]
Error (T-F)  : [ 0.175,  0.392,  0.148,  0.146,  0.424,  0.774,  0.001]
------------------------------------------------------------
--- Step 720 ---
Leader (True): [ 0.175, -0.387,  0.150, -2.206,  0.425,  2.348,  0.786]
Leader (Pred): [   nan,    nan,    nan,    nan,    nan,    nan,    nan]
Follower     : [ 0.000, -0.785, -0.000, -2.356,  0.000,  1.571,  0.785]
Action (Tau) : [   nan,    nan,    nan,    nan,    nan,    nan,    nan]
Error (T-F)  : [ 0.175,  0.398,  0.150,  0.150,  0.425,  0.777,  0.001]
------------------------------------------------------------
--- Step 730 ---
Leader (True): [ 0.176, -0.382,  0.151, -2.202,  0.426,  2.351,  0.786]
Leader (Pred): [   nan,    nan,    nan,    nan,    nan,    nan,    nan]
Follower     : [ 0.000, -0.785, -0.000, -2.356,  0.000,  1.571,  0.785]
Action (Tau) : [   nan,    nan,    nan,    nan,    nan,    nan,    nan]
Error (T-F)  : [ 0.176,  0.403,  0.151,  0.154,  0.426,  0.780,  0.001]
------------------------------------------------------------
--- Step 740 ---
Leader (True): [ 0.177, -0.378,  0.153, -2.198,  0.427,  2.353,  0.786]
Leader (Pred): [   nan,    nan,    nan,    nan,    nan,    nan,    nan]
Follower     : [ 0.000, -0.785, -0.000, -2.356,  0.000,  1.571,  0.785]
Action (Tau) : [   nan,    nan,    nan,    nan,    nan,    nan,    nan]
Error (T-F)  : [ 0.177,  0.407,  0.153,  0.158,  0.427,  0.782,  0.001]
------------------------------------------------------------
--- Step 750 ---
Leader (True): [ 0.178, -0.373,  0.154, -2.194,  0.429,  2.356,  0.786]
Leader (Pred): [   nan,    nan,    nan,    nan,    nan,    nan,    nan]
Follower     : [ 0.000, -0.785, -0.000, -2.356,  0.000,  1.571,  0.785]
Action (Tau) : [   nan,    nan,    nan,    nan,    nan,    nan,    nan]
Error (T-F)  : [ 0.178,  0.412,  0.154,  0.162,  0.429,  0.785,  0.001]
------------------------------------------------------------
--- Step 760 ---
Leader (True): [ 0.179, -0.369,  0.156, -2.191,  0.430,  2.358,  0.786]
Leader (Pred): [   nan,    nan,    nan,    nan,    nan,    nan,    nan]
Follower     : [ 0.000, -0.785, -0.000, -2.356,  0.000,  1.571,  0.785]
Action (Tau) : [   nan,    nan,    nan,    nan,    nan,    nan,    nan]
Error (T-F)  : [ 0.179,  0.416,  0.156,  0.165,  0.430,  0.787,  0.001]
------------------------------------------------------------
--- Step 770 ---
Leader (True): [ 0.180, -0.364,  0.157, -2.187,  0.432,  2.360,  0.786]
Leader (Pred): [   nan,    nan,    nan,    nan,    nan,    nan,    nan]
Follower     : [ 0.000, -0.785, -0.000, -2.356,  0.000,  1.571,  0.785]
Action (Tau) : [   nan,    nan,    nan,    nan,    nan,    nan,    nan]
Error (T-F)  : [ 0.180,  0.421,  0.157,  0.169,  0.432,  0.789,  0.001]
------------------------------------------------------------
--- Step 780 ---
Leader (True): [ 0.180, -0.361,  0.159, -2.184,  0.433,  2.362,  0.786]
Leader (Pred): [   nan,    nan,    nan,    nan,    nan,    nan,    nan]
Follower     : [ 0.000, -0.785, -0.000, -2.356,  0.000,  1.571,  0.785]
Action (Tau) : [   nan,    nan,    nan,    nan,    nan,    nan,    nan]
Error (T-F)  : [ 0.180,  0.424,  0.159,  0.172,  0.433,  0.791,  0.001]
------------------------------------------------------------
--- Step 790 ---
Leader (True): [ 0.181, -0.357,  0.160, -2.181,  0.435,  2.363,  0.786]
Leader (Pred): [   nan,    nan,    nan,    nan,    nan,    nan,    nan]
Follower     : [ 0.000, -0.785, -0.000, -2.356,  0.000,  1.571,  0.785]
Action (Tau) : [   nan,    nan,    nan,    nan,    nan,    nan,    nan]
Error (T-F)  : [ 0.181,  0.428,  0.160,  0.175,  0.435,  0.792,  0.001]
------------------------------------------------------------
--- Step 800 ---
Leader (True): [ 0.182, -0.353,  0.162, -2.178,  0.436,  2.365,  0.786]
Leader (Pred): [   nan,    nan,    nan,    nan,    nan,    nan,    nan]
Follower     : [ 0.000, -0.785, -0.000, -2.356,  0.000,  1.571,  0.785]
Action (Tau) : [   nan,    nan,    nan,    nan,    nan,    nan,    nan]
Error (T-F)  : [ 0.182,  0.432,  0.162,  0.178,  0.436,  0.794,  0.001]
------------------------------------------------------------
--- Step 810 ---
Leader (True): [ 0.183, -0.350,  0.163, -2.175,  0.438,  2.366,  0.786]
Leader (Pred): [   nan,    nan,    nan,    nan,    nan,    nan,    nan]
Follower     : [ 0.000, -0.785, -0.000, -2.356,  0.000,  1.571,  0.785]
Action (Tau) : [   nan,    nan,    nan,    nan,    nan,    nan,    nan]
Error (T-F)  : [ 0.183,  0.435,  0.163,  0.181,  0.438,  0.795,  0.001]
------------------------------------------------------------
--- Step 820 ---
Leader (True): [ 0.183, -0.347,  0.165, -2.172,  0.440,  2.367,  0.786]
Leader (Pred): [   nan,    nan,    nan,    nan,    nan,    nan,    nan]
Follower     : [ 0.000, -0.785, -0.000, -2.356,  0.000,  1.571,  0.785]
Action (Tau) : [   nan,    nan,    nan,    nan,    nan,    nan,    nan]
Error (T-F)  : [ 0.183,  0.438,  0.165,  0.184,  0.440,  0.796,  0.001]
------------------------------------------------------------
--- Step 830 ---
Leader (True): [ 0.184, -0.344,  0.166, -2.170,  0.442,  2.368,  0.786]
Leader (Pred): [   nan,    nan,    nan,    nan,    nan,    nan,    nan]
Follower     : [ 0.000, -0.785, -0.000, -2.356,  0.000,  1.571,  0.785]
Action (Tau) : [   nan,    nan,    nan,    nan,    nan,    nan,    nan]
Error (T-F)  : [ 0.184,  0.441,  0.166,  0.186,  0.442,  0.797,  0.001]
------------------------------------------------------------
--- Step 840 ---
Leader (True): [ 0.185, -0.342,  0.168, -2.168,  0.444,  2.368,  0.785]
Leader (Pred): [   nan,    nan,    nan,    nan,    nan,    nan,    nan]
Follower     : [ 0.000, -0.785, -0.000, -2.356,  0.000,  1.571,  0.785]
Action (Tau) : [   nan,    nan,    nan,    nan,    nan,    nan,    nan]
Error (T-F)  : [ 0.185,  0.443,  0.168,  0.188,  0.444,  0.797,  0.000]
------------------------------------------------------------
--- Step 850 ---
Leader (True): [ 0.185, -0.340,  0.169, -2.166,  0.446,  2.369,  0.785]
Leader (Pred): [   nan,    nan,    nan,    nan,    nan,    nan,    nan]
Follower     : [ 0.000, -0.785, -0.000, -2.356,  0.000,  1.571,  0.785]
Action (Tau) : [   nan,    nan,    nan,    nan,    nan,    nan,    nan]
Error (T-F)  : [ 0.185,  0.445,  0.169,  0.190,  0.446,  0.798,  0.000]
------------------------------------------------------------
--- Step 860 ---
Leader (True): [ 0.186, -0.338,  0.171, -2.164,  0.448,  2.369,  0.785]
Leader (Pred): [   nan,    nan,    nan,    nan,    nan,    nan,    nan]
Follower     : [ 0.000, -0.785, -0.000, -2.356,  0.000,  1.571,  0.785]
Action (Tau) : [   nan,    nan,    nan,    nan,    nan,    nan,    nan]
Error (T-F)  : [ 0.186,  0.447,  0.171,  0.192,  0.448,  0.798,  0.000]
------------------------------------------------------------
--- Step 870 ---
Leader (True): [ 0.187, -0.336,  0.172, -2.162,  0.450,  2.369,  0.785]
Leader (Pred): [   nan,    nan,    nan,    nan,    nan,    nan,    nan]
Follower     : [ 0.000, -0.785, -0.000, -2.356,  0.000,  1.571,  0.785]
Action (Tau) : [   nan,    nan,    nan,    nan,    nan,    nan,    nan]
Error (T-F)  : [ 0.187,  0.449,  0.172,  0.194,  0.450,  0.798,  0.000]
------------------------------------------------------------
--- Step 880 ---
Leader (True): [ 0.188, -0.334,  0.174, -2.160,  0.453,  2.369,  0.785]
Leader (Pred): [   nan,    nan,    nan,    nan,    nan,    nan,    nan]
Follower     : [ 0.000, -0.785, -0.000, -2.356,  0.000,  1.571,  0.785]
Action (Tau) : [   nan,    nan,    nan,    nan,    nan,    nan,    nan]
Error (T-F)  : [ 0.188,  0.451,  0.174,  0.196,  0.453,  0.798,  0.000]
------------------------------------------------------------
--- Step 890 ---
Leader (True): [ 0.188, -0.333,  0.175, -2.159,  0.455,  2.369,  0.785]
Leader (Pred): [   nan,    nan,    nan,    nan,    nan,    nan,    nan]
Follower     : [ 0.000, -0.785, -0.000, -2.356,  0.000,  1.571,  0.785]
Action (Tau) : [   nan,    nan,    nan,    nan,    nan,    nan,    nan]
Error (T-F)  : [ 0.188,  0.452,  0.175,  0.197,  0.455,  0.798,  0.000]
------------------------------------------------------------
--- Step 900 ---
Leader (True): [ 0.189, -0.332,  0.176, -2.158,  0.457,  2.368,  0.785]
Leader (Pred): [   nan,    nan,    nan,    nan,    nan,    nan,    nan]
Follower     : [ 0.000, -0.785, -0.000, -2.356,  0.000,  1.571,  0.785]
Action (Tau) : [   nan,    nan,    nan,    nan,    nan,    nan,    nan]
Error (T-F)  : [ 0.189,  0.453,  0.176,  0.198,  0.457,  0.797,  0.000]
------------------------------------------------------------
--- Step 910 ---
Leader (True): [ 0.190, -0.331,  0.177, -2.157,  0.460,  2.367,  0.785]
Leader (Pred): [   nan,    nan,    nan,    nan,    nan,    nan,    nan]
Follower     : [ 0.000, -0.785, -0.000, -2.356,  0.000,  1.571,  0.785]
Action (Tau) : [   nan,    nan,    nan,    nan,    nan,    nan,    nan]
Error (T-F)  : [ 0.190,  0.454,  0.177,  0.199,  0.460,  0.797, -0.000]
------------------------------------------------------------
--- Step 920 ---
Leader (True): [ 0.191, -0.330,  0.179, -2.156,  0.462,  2.367,  0.785]
Leader (Pred): [   nan,    nan,    nan,    nan,    nan,    nan,    nan]
Follower     : [ 0.000, -0.785, -0.000, -2.356,  0.000,  1.571,  0.785]
Action (Tau) : [   nan,    nan,    nan,    nan,    nan,    nan,    nan]
Error (T-F)  : [ 0.191,  0.455,  0.179,  0.200,  0.462,  0.796, -0.000]
------------------------------------------------------------
--- Step 930 ---
Leader (True): [ 0.192, -0.329,  0.180, -2.155,  0.465,  2.366,  0.785]
Leader (Pred): [   nan,    nan,    nan,    nan,    nan,    nan,    nan]
Follower     : [ 0.000, -0.785, -0.000, -2.356,  0.000,  1.571,  0.785]
Action (Tau) : [   nan,    nan,    nan,    nan,    nan,    nan,    nan]
Error (T-F)  : [ 0.192,  0.456,  0.180,  0.201,  0.465,  0.795, -0.000]
------------------------------------------------------------
--- Step 940 ---
Leader (True): [ 0.193, -0.329,  0.181, -2.155,  0.468,  2.365,  0.785]
Leader (Pred): [   nan,    nan,    nan,    nan,    nan,    nan,    nan]
Follower     : [ 0.000, -0.785, -0.000, -2.356,  0.000,  1.571,  0.785]
Action (Tau) : [   nan,    nan,    nan,    nan,    nan,    nan,    nan]
Error (T-F)  : [ 0.193,  0.456,  0.181,  0.201,  0.468,  0.794, -0.000]
------------------------------------------------------------
--- Step 950 ---
Leader (True): [ 0.194, -0.329,  0.182, -2.155,  0.470,  2.363,  0.785]
Leader (Pred): [   nan,    nan,    nan,    nan,    nan,    nan,    nan]
Follower     : [ 0.000, -0.785, -0.000, -2.356,  0.000,  1.571,  0.785]
Action (Tau) : [   nan,    nan,    nan,    nan,    nan,    nan,    nan]
Error (T-F)  : [ 0.194,  0.456,  0.182,  0.201,  0.470,  0.792, -0.000]
------------------------------------------------------------
--- Step 960 ---
Leader (True): [ 0.194, -0.329,  0.183, -2.154,  0.473,  2.362,  0.785]
Leader (Pred): [   nan,    nan,    nan,    nan,    nan,    nan,    nan]
Follower     : [ 0.000, -0.785, -0.000, -2.356,  0.000,  1.571,  0.785]
Action (Tau) : [   nan,    nan,    nan,    nan,    nan,    nan,    nan]
Error (T-F)  : [ 0.194,  0.456,  0.183,  0.202,  0.473,  0.791, -0.000]
------------------------------------------------------------
--- Step 970 ---
Leader (True): [ 0.195, -0.329,  0.184, -2.154,  0.476,  2.360,  0.784]
Leader (Pred): [   nan,    nan,    nan,    nan,    nan,    nan,    nan]
Follower     : [ 0.000, -0.785, -0.000, -2.356,  0.000,  1.571,  0.785]
Action (Tau) : [   nan,    nan,    nan,    nan,    nan,    nan,    nan]
Error (T-F)  : [ 0.195,  0.456,  0.184,  0.202,  0.476,  0.789, -0.001]
------------------------------------------------------------
--- Step 980 ---
Leader (True): [ 0.196, -0.329,  0.184, -2.154,  0.479,  2.358,  0.784]
Leader (Pred): [   nan,    nan,    nan,    nan,    nan,    nan,    nan]
Follower     : [ 0.000, -0.785, -0.000, -2.356,  0.000,  1.571,  0.785]
Action (Tau) : [   nan,    nan,    nan,    nan,    nan,    nan,    nan]
Error (T-F)  : [ 0.196,  0.456,  0.184,  0.202,  0.479,  0.788, -0.001]
------------------------------------------------------------
--- Step 990 ---
Leader (True): [ 0.197, -0.330,  0.185, -2.155,  0.482,  2.357,  0.784]
Leader (Pred): [   nan,    nan,    nan,    nan,    nan,    nan,    nan]
Follower     : [ 0.000, -0.785, -0.000, -2.356,  0.000,  1.571,  0.785]
Action (Tau) : [   nan,    nan,    nan,    nan,    nan,    nan,    nan]
Error (T-F)  : [ 0.197,  0.455,  0.185,  0.201,  0.482,  0.786, -0.001]
------------------------------------------------------------
--- Step 1000 ---
Leader (True): [ 0.198, -0.331,  0.186, -2.155,  0.484,  2.354,  0.784]
Leader (Pred): [   nan,    nan,    nan,    nan,    nan,    nan,    nan]
Follower     : [ 0.000, -0.785, -0.000, -2.356,  0.000,  1.571,  0.785]
Action (Tau) : [   nan,    nan,    nan,    nan,    nan,    nan,    nan]
Error (T-F)  : [ 0.198,  0.454,  0.186,  0.201,  0.484,  0.784, -0.001]
------------------------------------------------------------
--- Step 1010 ---
Leader (True): [ 0.199, -0.331,  0.187, -2.155,  0.487,  2.352,  0.784]
Leader (Pred): [   nan,    nan,    nan,    nan,    nan,    nan,    nan]
Follower     : [ 0.000, -0.785, -0.000, -2.356,  0.000,  1.571,  0.785]
Action (Tau) : [   nan,    nan,    nan,    nan,    nan,    nan,    nan]
Error (T-F)  : [ 0.199,  0.454,  0.187,  0.201,  0.487,  0.781, -0.001]
------------------------------------------------------------
--- Step 1020 ---
Leader (True): [ 0.200, -0.332,  0.187, -2.156,  0.490,  2.350,  0.784]
Leader (Pred): [   nan,    nan,    nan,    nan,    nan,    nan,    nan]
Follower     : [ 0.000, -0.785, -0.000, -2.356,  0.000,  1.571,  0.785]
Action (Tau) : [   nan,    nan,    nan,    nan,    nan,    nan,    nan]
Error (T-F)  : [ 0.200,  0.453,  0.187,  0.200,  0.490,  0.779, -0.001]
------------------------------------------------------------
--- Step 1030 ---
Leader (True): [ 0.201, -0.333,  0.188, -2.156,  0.493,  2.347,  0.784]
Leader (Pred): [   nan,    nan,    nan,    nan,    nan,    nan,    nan]
Follower     : [ 0.000, -0.785, -0.000, -2.356,  0.000,  1.571,  0.785]
Action (Tau) : [   nan,    nan,    nan,    nan,    nan,    nan,    nan]
Error (T-F)  : [ 0.201,  0.452,  0.188,  0.200,  0.493,  0.776, -0.001]
------------------------------------------------------------
--- Step 1040 ---
Leader (True): [ 0.202, -0.335,  0.188, -2.157,  0.497,  2.344,  0.784]
Leader (Pred): [   nan,    nan,    nan,    nan,    nan,    nan,    nan]
Follower     : [ 0.000, -0.785, -0.000, -2.356,  0.000,  1.571,  0.785]
Action (Tau) : [   nan,    nan,    nan,    nan,    nan,    nan,    nan]
Error (T-F)  : [ 0.202,  0.450,  0.188,  0.199,  0.497,  0.774, -0.001]
------------------------------------------------------------
--- Step 1050 ---
Leader (True): [ 0.204, -0.336,  0.189, -2.158,  0.500,  2.341,  0.784]
Leader (Pred): [   nan,    nan,    nan,    nan,    nan,    nan,    nan]
Follower     : [ 0.000, -0.785, -0.000, -2.356,  0.000,  1.571,  0.785]
Action (Tau) : [   nan,    nan,    nan,    nan,    nan,    nan,    nan]
Error (T-F)  : [ 0.204,  0.449,  0.189,  0.198,  0.500,  0.771, -0.001]
------------------------------------------------------------
--- Step 1060 ---
Leader (True): [ 0.205, -0.337,  0.189, -2.159,  0.503,  2.338,  0.784]
Leader (Pred): [   nan,    nan,    nan,    nan,    nan,    nan,    nan]
Follower     : [ 0.000, -0.785, -0.000, -2.356,  0.000,  1.571,  0.785]
Action (Tau) : [   nan,    nan,    nan,    nan,    nan,    nan,    nan]
Error (T-F)  : [ 0.205,  0.448,  0.189,  0.197,  0.503,  0.767, -0.001]
------------------------------------------------------------
--- Step 1070 ---
Leader (True): [ 0.206, -0.339,  0.190, -2.160,  0.507,  2.335,  0.784]
Leader (Pred): [   nan,    nan,    nan,    nan,    nan,    nan,    nan]
Follower     : [ 0.000, -0.785, -0.000, -2.356,  0.000,  1.571,  0.785]
Action (Tau) : [   nan,    nan,    nan,    nan,    nan,    nan,    nan]
Error (T-F)  : [ 0.206,  0.446,  0.190,  0.196,  0.507,  0.764, -0.001]
------------------------------------------------------------
--- Step 1080 ---
Leader (True): [ 0.207, -0.341,  0.190, -2.161,  0.510,  2.331,  0.783]
Leader (Pred): [   nan,    nan,    nan,    nan,    nan,    nan,    nan]
Follower     : [ 0.000, -0.785, -0.000, -2.356,  0.000,  1.571,  0.785]
Action (Tau) : [   nan,    nan,    nan,    nan,    nan,    nan,    nan]
Error (T-F)  : [ 0.207,  0.444,  0.190,  0.195,  0.510,  0.760, -0.002]
------------------------------------------------------------
--- Step 1090 ---
Leader (True): [ 0.208, -0.343,  0.191, -2.162,  0.514,  2.327,  0.783]
Leader (Pred): [   nan,    nan,    nan,    nan,    nan,    nan,    nan]
Follower     : [ 0.000, -0.785, -0.000, -2.356,  0.000,  1.571,  0.785]
Action (Tau) : [   nan,    nan,    nan,    nan,    nan,    nan,    nan]
Error (T-F)  : [ 0.208,  0.442,  0.191,  0.194,  0.514,  0.756, -0.002]
------------------------------------------------------------
--- Step 1100 ---
Leader (True): [ 0.209, -0.345,  0.191, -2.164,  0.518,  2.323,  0.783]
Leader (Pred): [   nan,    nan,    nan,    nan,    nan,    nan,    nan]
Follower     : [ 0.000, -0.785, -0.000, -2.356,  0.000,  1.571,  0.785]
Action (Tau) : [   nan,    nan,    nan,    nan,    nan,    nan,    nan]
Error (T-F)  : [ 0.209,  0.440,  0.191,  0.192,  0.518,  0.752, -0.002]
------------------------------------------------------------
--- Step 1110 ---
Leader (True): [ 0.211, -0.348,  0.192, -2.165,  0.522,  2.319,  0.783]
Leader (Pred): [   nan,    nan,    nan,    nan,    nan,    nan,    nan]
Follower     : [ 0.000, -0.785, -0.000, -2.356,  0.000,  1.571,  0.785]
Action (Tau) : [   nan,    nan,    nan,    nan,    nan,    nan,    nan]
Error (T-F)  : [ 0.211,  0.437,  0.192,  0.191,  0.522,  0.748, -0.002]
------------------------------------------------------------
--- Step 1120 ---
Leader (True): [ 0.212, -0.350,  0.192, -2.167,  0.526,  2.314,  0.783]
Leader (Pred): [   nan,    nan,    nan,    nan,    nan,    nan,    nan]
Follower     : [ 0.000, -0.785, -0.000, -2.356,  0.000,  1.571,  0.785]
Action (Tau) : [   nan,    nan,    nan,    nan,    nan,    nan,    nan]
Error (T-F)  : [ 0.212,  0.435,  0.192,  0.189,  0.526,  0.743, -0.002]
------------------------------------------------------------
--- Step 1130 ---
Leader (True): [ 0.213, -0.353,  0.193, -2.169,  0.530,  2.309,  0.783]
Leader (Pred): [   nan,    nan,    nan,    nan,    nan,    nan,    nan]
Follower     : [ 0.000, -0.785, -0.000, -2.356,  0.000,  1.571,  0.785]
Action (Tau) : [   nan,    nan,    nan,    nan,    nan,    nan,    nan]
Error (T-F)  : [ 0.213,  0.432,  0.193,  0.187,  0.530,  0.739, -0.002]
------------------------------------------------------------
--- Step 1140 ---
Leader (True): [ 0.214, -0.356,  0.193, -2.171,  0.534,  2.304,  0.783]
Leader (Pred): [   nan,    nan,    nan,    nan,    nan,    nan,    nan]
Follower     : [ 0.000, -0.785, -0.000, -2.356,  0.000,  1.571,  0.785]
Action (Tau) : [   nan,    nan,    nan,    nan,    nan,    nan,    nan]
Error (T-F)  : [ 0.214,  0.429,  0.193,  0.185,  0.534,  0.734, -0.002]
------------------------------------------------------------
--- Step 1150 ---
Leader (True): [ 0.216, -0.359,  0.194, -2.173,  0.539,  2.299,  0.783]
Leader (Pred): [   nan,    nan,    nan,    nan,    nan,    nan,    nan]
Follower     : [ 0.000, -0.785, -0.000, -2.356,  0.000,  1.571,  0.785]
Action (Tau) : [   nan,    nan,    nan,    nan,    nan,    nan,    nan]
Error (T-F)  : [ 0.216,  0.426,  0.194,  0.183,  0.539,  0.728, -0.002]
------------------------------------------------------------
--- Step 1160 ---
Leader (True): [ 0.217, -0.362,  0.194, -2.175,  0.543,  2.294,  0.783]
Leader (Pred): [   nan,    nan,    nan,    nan,    nan,    nan,    nan]
Follower     : [ 0.000, -0.785, -0.000, -2.356,  0.000,  1.571,  0.785]
Action (Tau) : [   nan,    nan,    nan,    nan,    nan,    nan,    nan]
Error (T-F)  : [ 0.217,  0.423,  0.194,  0.181,  0.543,  0.723, -0.002]
------------------------------------------------------------
--- Step 1170 ---
Leader (True): [ 0.218, -0.366,  0.194, -2.178,  0.548,  2.288,  0.782]
Leader (Pred): [   nan,    nan,    nan,    nan,    nan,    nan,    nan]
Follower     : [ 0.000, -0.785, -0.000, -2.356,  0.000,  1.571,  0.785]
Action (Tau) : [   nan,    nan,    nan,    nan,    nan,    nan,    nan]
Error (T-F)  : [ 0.218,  0.419,  0.194,  0.178,  0.548,  0.717, -0.003]
------------------------------------------------------------
--- Step 1180 ---
Leader (True): [ 0.219, -0.370,  0.195, -2.180,  0.553,  2.282,  0.782]
Leader (Pred): [   nan,    nan,    nan,    nan,    nan,    nan,    nan]
Follower     : [ 0.000, -0.785, -0.000, -2.356,  0.000,  1.571,  0.785]
Action (Tau) : [   nan,    nan,    nan,    nan,    nan,    nan,    nan]
Error (T-F)  : [ 0.219,  0.415,  0.195,  0.176,  0.553,  0.711, -0.003]
------------------------------------------------------------
--- Step 1190 ---
Leader (True): [ 0.221, -0.374,  0.195, -2.183,  0.558,  2.276,  0.782]
Leader (Pred): [   nan,    nan,    nan,    nan,    nan,    nan,    nan]
Follower     : [ 0.000, -0.785, -0.000, -2.356,  0.000,  1.571,  0.785]
Action (Tau) : [   nan,    nan,    nan,    nan,    nan,    nan,    nan]
Error (T-F)  : [ 0.221,  0.411,  0.195,  0.173,  0.558,  0.705, -0.003]
------------------------------------------------------------
--- Step 1200 ---
Leader (True): [ 0.222, -0.378,  0.196, -2.186,  0.563,  2.270,  0.782]
Leader (Pred): [   nan,    nan,    nan,    nan,    nan,    nan,    nan]
Follower     : [ 0.000, -0.785, -0.000, -2.356,  0.000,  1.571,  0.785]
Action (Tau) : [   nan,    nan,    nan,    nan,    nan,    nan,    nan]
Error (T-F)  : [ 0.222,  0.407,  0.196,  0.170,  0.563,  0.699, -0.003]
------------------------------------------------------------
--- Step 1210 ---
Leader (True): [ 0.223, -0.382,  0.196, -2.189,  0.568,  2.263,  0.782]
Leader (Pred): [   nan,    nan,    nan,    nan,    nan,    nan,    nan]
Follower     : [ 0.000, -0.785, -0.000, -2.356,  0.000,  1.571,  0.785]
Action (Tau) : [   nan,    nan,    nan,    nan,    nan,    nan,    nan]
Error (T-F)  : [ 0.223,  0.403,  0.196,  0.167,  0.568,  0.693, -0.003]
------------------------------------------------------------
--- Step 1220 ---
Leader (True): [ 0.224, -0.386,  0.196, -2.192,  0.573,  2.257,  0.782]
Leader (Pred): [   nan,    nan,    nan,    nan,    nan,    nan,    nan]
Follower     : [ 0.000, -0.785, -0.000, -2.356,  0.000,  1.571,  0.785]
Action (Tau) : [   nan,    nan,    nan,    nan,    nan,    nan,    nan]
Error (T-F)  : [ 0.224,  0.399,  0.196,  0.164,  0.573,  0.686, -0.003]
------------------------------------------------------------
--- Step 1230 ---
Leader (True): [ 0.225, -0.391,  0.197, -2.195,  0.579,  2.250,  0.782]
Leader (Pred): [   nan,    nan,    nan,    nan,    nan,    nan,    nan]
Follower     : [ 0.000, -0.785, -0.000, -2.356,  0.000,  1.571,  0.785]
Action (Tau) : [   nan,    nan,    nan,    nan,    nan,    nan,    nan]
Error (T-F)  : [ 0.225,  0.394,  0.197,  0.161,  0.579,  0.679, -0.003]
------------------------------------------------------------
--- Step 1240 ---
Leader (True): [ 0.227, -0.395,  0.197, -2.198,  0.584,  2.242,  0.782]
Leader (Pred): [   nan,    nan,    nan,    nan,    nan,    nan,    nan]
Follower     : [ 0.000, -0.785, -0.000, -2.356,  0.000,  1.571,  0.785]
Action (Tau) : [   nan,    nan,    nan,    nan,    nan,    nan,    nan]
Error (T-F)  : [ 0.227,  0.390,  0.197,  0.158,  0.584,  0.671, -0.003]
------------------------------------------------------------
--- Step 1250 ---
Leader (True): [ 0.228, -0.400,  0.197, -2.202,  0.590,  2.235,  0.782]
Leader (Pred): [   nan,    nan,    nan,    nan,    nan,    nan,    nan]
Follower     : [ 0.000, -0.785, -0.000, -2.356,  0.000,  1.571,  0.785]
Action (Tau) : [   nan,    nan,    nan,    nan,    nan,    nan,    nan]
Error (T-F)  : [ 0.228,  0.385,  0.197,  0.154,  0.590,  0.664, -0.003]
------------------------------------------------------------
--- Step 1260 ---
Leader (True): [ 0.229, -0.405,  0.198, -2.205,  0.595,  2.227,  0.781]
Leader (Pred): [   nan,    nan,    nan,    nan,    nan,    nan,    nan]
Follower     : [ 0.000, -0.785, -0.000, -2.356,  0.000,  1.571,  0.785]
Action (Tau) : [   nan,    nan,    nan,    nan,    nan,    nan,    nan]
Error (T-F)  : [ 0.229,  0.380,  0.198,  0.151,  0.595,  0.657, -0.004]
------------------------------------------------------------
--- Step 1270 ---
Leader (True): [ 0.230, -0.410,  0.198, -2.209,  0.601,  2.219,  0.781]
Leader (Pred): [   nan,    nan,    nan,    nan,    nan,    nan,    nan]
Follower     : [ 0.000, -0.785, -0.000, -2.356,  0.000,  1.571,  0.785]
Action (Tau) : [   nan,    nan,    nan,    nan,    nan,    nan,    nan]
Error (T-F)  : [ 0.230,  0.375,  0.198,  0.147,  0.601,  0.649, -0.004]
------------------------------------------------------------
--- Step 1280 ---
Leader (True): [ 0.231, -0.416,  0.198, -2.213,  0.607,  2.211,  0.781]
Leader (Pred): [   nan,    nan,    nan,    nan,    nan,    nan,    nan]
Follower     : [ 0.000, -0.785, -0.000, -2.356,  0.000,  1.571,  0.785]
Action (Tau) : [   nan,    nan,    nan,    nan,    nan,    nan,    nan]
Error (T-F)  : [ 0.231,  0.369,  0.198,  0.143,  0.607,  0.640, -0.004]
------------------------------------------------------------
--- Step 1290 ---
Leader (True): [ 0.232, -0.421,  0.199, -2.216,  0.612,  2.203,  0.781]
Leader (Pred): [   nan,    nan,    nan,    nan,    nan,    nan,    nan]
Follower     : [ 0.000, -0.785, -0.000, -2.356,  0.000,  1.571,  0.785]
Action (Tau) : [   nan,    nan,    nan,    nan,    nan,    nan,    nan]
Error (T-F)  : [ 0.232,  0.364,  0.199,  0.140,  0.612,  0.632, -0.004]
------------------------------------------------------------
--- Step 1300 ---
Leader (True): [ 0.233, -0.426,  0.199, -2.220,  0.618,  2.194,  0.781]
Leader (Pred): [   nan,    nan,    nan,    nan,    nan,    nan,    nan]
Follower     : [ 0.000, -0.785, -0.000, -2.356,  0.000,  1.571,  0.785]
Action (Tau) : [   nan,    nan,    nan,    nan,    nan,    nan,    nan]
Error (T-F)  : [ 0.233,  0.359,  0.199,  0.136,  0.618,  0.623, -0.004]
------------------------------------------------------------
--- Step 1310 ---
Leader (True): [ 0.234, -0.432,  0.199, -2.224,  0.624,  2.186,  0.781]
Leader (Pred): [   nan,    nan,    nan,    nan,    nan,    nan,    nan]
Follower     : [ 0.000, -0.785, -0.000, -2.356,  0.000,  1.571,  0.785]
Action (Tau) : [   nan,    nan,    nan,    nan,    nan,    nan,    nan]
Error (T-F)  : [ 0.234,  0.353,  0.199,  0.132,  0.624,  0.615, -0.004]
------------------------------------------------------------
--- Step 1320 ---
Leader (True): [ 0.235, -0.438,  0.200, -2.228,  0.630,  2.177,  0.781]
Leader (Pred): [   nan,    nan,    nan,    nan,    nan,    nan,    nan]
Follower     : [ 0.000, -0.785, -0.000, -2.356,  0.000,  1.571,  0.785]
Action (Tau) : [   nan,    nan,    nan,    nan,    nan,    nan,    nan]
Error (T-F)  : [ 0.235,  0.347,  0.200,  0.128,  0.630,  0.606, -0.004]
------------------------------------------------------------
--- Step 1330 ---
Leader (True): [ 0.235, -0.444,  0.200, -2.232,  0.636,  2.167,  0.781]
Leader (Pred): [   nan,    nan,    nan,    nan,    nan,    nan,    nan]
Follower     : [ 0.000, -0.785, -0.000, -2.356,  0.000,  1.571,  0.785]
Action (Tau) : [   nan,    nan,    nan,    nan,    nan,    nan,    nan]
Error (T-F)  : [ 0.235,  0.341,  0.200,  0.124,  0.636,  0.596, -0.004]
------------------------------------------------------------
--- Step 1340 ---
Leader (True): [ 0.236, -0.449,  0.200, -2.236,  0.642,  2.158,  0.781]
Leader (Pred): [   nan,    nan,    nan,    nan,    nan,    nan,    nan]
Follower     : [ 0.000, -0.785, -0.000, -2.356,  0.000,  1.571,  0.785]
Action (Tau) : [   nan,    nan,    nan,    nan,    nan,    nan,    nan]
Error (T-F)  : [ 0.236,  0.336,  0.200,  0.120,  0.642,  0.587, -0.004]
------------------------------------------------------------
--- Step 1350 ---
Leader (True): [ 0.237, -0.455,  0.201, -2.240,  0.648,  2.148,  0.781]
Leader (Pred): [   nan,    nan,    nan,    nan,    nan,    nan,    nan]
Follower     : [ 0.000, -0.785, -0.000, -2.356,  0.000,  1.571,  0.785]
Action (Tau) : [   nan,    nan,    nan,    nan,    nan,    nan,    nan]
Error (T-F)  : [ 0.237,  0.330,  0.201,  0.116,  0.648,  0.577, -0.004]
------------------------------------------------------------
--- Step 1360 ---
Leader (True): [ 0.238, -0.461,  0.201, -2.244,  0.654,  2.138,  0.781]
Leader (Pred): [   nan,    nan,    nan,    nan,    nan,    nan,    nan]
Follower     : [ 0.000, -0.785, -0.000, -2.356,  0.000,  1.571,  0.785]
Action (Tau) : [   nan,    nan,    nan,    nan,    nan,    nan,    nan]
Error (T-F)  : [ 0.238,  0.324,  0.201,  0.112,  0.654,  0.567, -0.004]
------------------------------------------------------------
--- Step 1370 ---
Leader (True): [ 0.238, -0.467,  0.201, -2.249,  0.660,  2.128,  0.780]
Leader (Pred): [   nan,    nan,    nan,    nan,    nan,    nan,    nan]
Follower     : [ 0.000, -0.785, -0.000, -2.356,  0.000,  1.571,  0.785]
Action (Tau) : [   nan,    nan,    nan,    nan,    nan,    nan,    nan]
Error (T-F)  : [ 0.238,  0.318,  0.201,  0.107,  0.660,  0.557, -0.005]
------------------------------------------------------------
--- Step 1380 ---
Leader (True): [ 0.239, -0.474,  0.201, -2.253,  0.666,  2.117,  0.780]
Leader (Pred): [   nan,    nan,    nan,    nan,    nan,    nan,    nan]
Follower     : [ 0.000, -0.785, -0.000, -2.356,  0.000,  1.571,  0.785]
Action (Tau) : [   nan,    nan,    nan,    nan,    nan,    nan,    nan]
Error (T-F)  : [ 0.239,  0.311,  0.201,  0.103,  0.666,  0.547, -0.005]
------------------------------------------------------------
--- Step 1390 ---
Leader (True): [ 0.240, -0.480,  0.202, -2.257,  0.672,  2.107,  0.780]
Leader (Pred): [   nan,    nan,    nan,    nan,    nan,    nan,    nan]
Follower     : [ 0.000, -0.785, -0.000, -2.356,  0.000,  1.571,  0.785]
Action (Tau) : [   nan,    nan,    nan,    nan,    nan,    nan,    nan]
Error (T-F)  : [ 0.240,  0.305,  0.202,  0.099,  0.672,  0.536, -0.005]
------------------------------------------------------------
--- Step 1400 ---
Leader (True): [ 0.240, -0.486,  0.202, -2.261,  0.678,  2.096,  0.780]
Leader (Pred): [   nan,    nan,    nan,    nan,    nan,    nan,    nan]
Follower     : [ 0.000, -0.785, -0.000, -2.356,  0.000,  1.571,  0.785]
Action (Tau) : [   nan,    nan,    nan,    nan,    nan,    nan,    nan]
Error (T-F)  : [ 0.240,  0.299,  0.202,  0.095,  0.678,  0.525, -0.005]
------------------------------------------------------------
--- Step 1410 ---
Leader (True): [ 0.241, -0.492,  0.202, -2.266,  0.684,  2.085,  0.780]
Leader (Pred): [   nan,    nan,    nan,    nan,    nan,    nan,    nan]
Follower     : [ 0.000, -0.785, -0.000, -2.356,  0.000,  1.571,  0.785]
Action (Tau) : [   nan,    nan,    nan,    nan,    nan,    nan,    nan]
Error (T-F)  : [ 0.241,  0.293,  0.202,  0.090,  0.684,  0.514, -0.005]
------------------------------------------------------------
--- Step 1420 ---
Leader (True): [ 0.241, -0.499,  0.202, -2.270,  0.690,  2.073,  0.780]
Leader (Pred): [   nan,    nan,    nan,    nan,    nan,    nan,    nan]
Follower     : [ 0.000, -0.785, -0.000, -2.356,  0.000,  1.571,  0.785]
Action (Tau) : [   nan,    nan,    nan,    nan,    nan,    nan,    nan]
Error (T-F)  : [ 0.241,  0.286,  0.202,  0.086,  0.690,  0.503, -0.005]
------------------------------------------------------------
--- Step 1430 ---
Leader (True): [ 0.242, -0.505,  0.202, -2.274,  0.696,  2.062,  0.780]
Leader (Pred): [   nan,    nan,    nan,    nan,    nan,    nan,    nan]
Follower     : [ 0.000, -0.785, -0.000, -2.356,  0.000,  1.571,  0.785]
Action (Tau) : [   nan,    nan,    nan,    nan,    nan,    nan,    nan]
Error (T-F)  : [ 0.242,  0.280,  0.202,  0.082,  0.696,  0.491, -0.005]
------------------------------------------------------------
--- Step 1440 ---
Leader (True): [ 0.242, -0.511,  0.203, -2.279,  0.702,  2.050,  0.780]
Leader (Pred): [   nan,    nan,    nan,    nan,    nan,    nan,    nan]
Follower     : [ 0.000, -0.785, -0.000, -2.356,  0.000,  1.571,  0.785]
Action (Tau) : [   nan,    nan,    nan,    nan,    nan,    nan,    nan]
Error (T-F)  : [ 0.242,  0.274,  0.203,  0.077,  0.702,  0.479, -0.005]
------------------------------------------------------------
--- Step 1450 ---
Leader (True): [ 0.243, -0.518,  0.203, -2.283,  0.708,  2.038,  0.780]
Leader (Pred): [   nan,    nan,    nan,    nan,    nan,    nan,    nan]
Follower     : [ 0.000, -0.785, -0.000, -2.356,  0.000,  1.571,  0.785]
Action (Tau) : [   nan,    nan,    nan,    nan,    nan,    nan,    nan]
Error (T-F)  : [ 0.243,  0.267,  0.203,  0.073,  0.708,  0.467, -0.005]
------------------------------------------------------------
--- Step 1460 ---
Leader (True): [ 0.243, -0.524,  0.203, -2.287,  0.714,  2.026,  0.780]
Leader (Pred): [   nan,    nan,    nan,    nan,    nan,    nan,    nan]
Follower     : [ 0.000, -0.785, -0.000, -2.356,  0.000,  1.571,  0.785]
Action (Tau) : [   nan,    nan,    nan,    nan,    nan,    nan,    nan]
Error (T-F)  : [ 0.243,  0.261,  0.203,  0.069,  0.714,  0.455, -0.005]
------------------------------------------------------------
--- Step 1470 ---
Leader (True): [ 0.243, -0.530,  0.203, -2.291,  0.720,  2.014,  0.781]
Leader (Pred): [   nan,    nan,    nan,    nan,    nan,    nan,    nan]
Follower     : [ 0.000, -0.785, -0.000, -2.356,  0.000,  1.571,  0.785]
Action (Tau) : [   nan,    nan,    nan,    nan,    nan,    nan,    nan]
Error (T-F)  : [ 0.243,  0.255,  0.203,  0.065,  0.720,  0.443, -0.004]
------------------------------------------------------------
--- Step 1480 ---
Leader (True): [ 0.244, -0.537,  0.203, -2.296,  0.725,  2.001,  0.781]
Leader (Pred): [   nan,    nan,    nan,    nan,    nan,    nan,    nan]
Follower     : [ 0.000, -0.785, -0.000, -2.356,  0.000,  1.571,  0.785]
Action (Tau) : [   nan,    nan,    nan,    nan,    nan,    nan,    nan]
Error (T-F)  : [ 0.244,  0.248,  0.203,  0.060,  0.725,  0.430, -0.004]
------------------------------------------------------------
--- Step 1490 ---
Leader (True): [ 0.244, -0.543,  0.203, -2.300,  0.731,  1.988,  0.781]
Leader (Pred): [   nan,    nan,    nan,    nan,    nan,    nan,    nan]
Follower     : [ 0.000, -0.785, -0.000, -2.356,  0.000,  1.571,  0.785]
Action (Tau) : [   nan,    nan,    nan,    nan,    nan,    nan,    nan]
Error (T-F)  : [ 0.244,  0.242,  0.203,  0.056,  0.731,  0.417, -0.004]
------------------------------------------------------------
--- Step 1500 ---
Leader (True): [ 0.244, -0.549,  0.203, -2.304,  0.737,  1.975,  0.781]
Leader (Pred): [   nan,    nan,    nan,    nan,    nan,    nan,    nan]
Follower     : [ 0.000, -0.785, -0.000, -2.356,  0.000,  1.571,  0.785]
Action (Tau) : [   nan,    nan,    nan,    nan,    nan,    nan,    nan]
Error (T-F)  : [ 0.244,  0.236,  0.203,  0.052,  0.737,  0.405, -0.004]
------------------------------------------------------------
--- Step 1510 ---
Leader (True): [ 0.245, -0.555,  0.203, -2.308,  0.742,  1.962,  0.781]
Leader (Pred): [   nan,    nan,    nan,    nan,    nan,    nan,    nan]
Follower     : [ 0.000, -0.785, -0.000, -2.356,  0.000,  1.571,  0.785]
Action (Tau) : [   nan,    nan,    nan,    nan,    nan,    nan,    nan]
Error (T-F)  : [ 0.245,  0.230,  0.203,  0.048,  0.742,  0.392, -0.004]
------------------------------------------------------------
--- Step 1520 ---
Leader (True): [ 0.245, -0.562,  0.203, -2.312,  0.748,  1.949,  0.781]
Leader (Pred): [   nan,    nan,    nan,    nan,    nan,    nan,    nan]
Follower     : [ 0.000, -0.785, -0.000, -2.356,  0.000,  1.571,  0.785]
Action (Tau) : [   nan,    nan,    nan,    nan,    nan,    nan,    nan]
Error (T-F)  : [ 0.245,  0.223,  0.203,  0.044,  0.748,  0.378, -0.004]
------------------------------------------------------------
--- Step 1530 ---
Leader (True): [ 0.245, -0.568,  0.203, -2.317,  0.753,  1.935,  0.781]
Leader (Pred): [   nan,    nan,    nan,    nan,    nan,    nan,    nan]
Follower     : [ 0.000, -0.785, -0.000, -2.356,  0.000,  1.571,  0.785]
Action (Tau) : [   nan,    nan,    nan,    nan,    nan,    nan,    nan]
Error (T-F)  : [ 0.245,  0.217,  0.203,  0.039,  0.753,  0.365, -0.004]
------------------------------------------------------------
--- Step 1540 ---
Leader (True): [ 0.245, -0.574,  0.203, -2.321,  0.758,  1.922,  0.781]
Leader (Pred): [   nan,    nan,    nan,    nan,    nan,    nan,    nan]
Follower     : [ 0.000, -0.785, -0.000, -2.356,  0.000,  1.571,  0.785]
Action (Tau) : [   nan,    nan,    nan,    nan,    nan,    nan,    nan]
Error (T-F)  : [ 0.245,  0.211,  0.203,  0.035,  0.758,  0.351, -0.004]
------------------------------------------------------------
--- Step 1550 ---
Leader (True): [ 0.246, -0.580,  0.203, -2.325,  0.764,  1.908,  0.781]
Leader (Pred): [   nan,    nan,    nan,    nan,    nan,    nan,    nan]
Follower     : [ 0.000, -0.785, -0.000, -2.356,  0.000,  1.571,  0.785]
Action (Tau) : [   nan,    nan,    nan,    nan,    nan,    nan,    nan]
Error (T-F)  : [ 0.246,  0.205,  0.203,  0.031,  0.764,  0.337, -0.004]
------------------------------------------------------------
--- Step 1560 ---
Leader (True): [ 0.246, -0.586,  0.203, -2.329,  0.769,  1.894,  0.782]
Leader (Pred): [   nan,    nan,    nan,    nan,    nan,    nan,    nan]
Follower     : [ 0.000, -0.785, -0.000, -2.356,  0.000,  1.571,  0.785]
Action (Tau) : [   nan,    nan,    nan,    nan,    nan,    nan,    nan]
Error (T-F)  : [ 0.246,  0.199,  0.203,  0.027,  0.769,  0.323, -0.003]
------------------------------------------------------------
--- Step 1570 ---
Leader (True): [ 0.246, -0.592,  0.203, -2.333,  0.774,  1.880,  0.782]
Leader (Pred): [   nan,    nan,    nan,    nan,    nan,    nan,    nan]
Follower     : [ 0.000, -0.785, -0.000, -2.356,  0.000,  1.571,  0.785]
Action (Tau) : [   nan,    nan,    nan,    nan,    nan,    nan,    nan]
Error (T-F)  : [ 0.246,  0.193,  0.203,  0.023,  0.774,  0.310, -0.003]
------------------------------------------------------------
--- Step 1580 ---
Leader (True): [ 0.246, -0.598,  0.202, -2.337,  0.779,  1.866,  0.782]
Leader (Pred): [   nan,    nan,    nan,    nan,    nan,    nan,    nan]
Follower     : [ 0.000, -0.785, -0.000, -2.356,  0.000,  1.571,  0.785]
Action (Tau) : [   nan,    nan,    nan,    nan,    nan,    nan,    nan]
Error (T-F)  : [ 0.246,  0.187,  0.202,  0.019,  0.779,  0.295, -0.003]
------------------------------------------------------------
--- Step 1590 ---
Leader (True): [ 0.247, -0.603,  0.202, -2.341,  0.784,  1.852,  0.782]
Leader (Pred): [   nan,    nan,    nan,    nan,    nan,    nan,    nan]
Follower     : [ 0.000, -0.785, -0.000, -2.356,  0.000,  1.571,  0.785]
Action (Tau) : [   nan,    nan,    nan,    nan,    nan,    nan,    nan]
Error (T-F)  : [ 0.247,  0.182,  0.202,  0.015,  0.784,  0.281, -0.003]
------------------------------------------------------------
--- Step 1600 ---
Leader (True): [ 0.247, -0.609,  0.202, -2.345,  0.789,  1.838,  0.782]
Leader (Pred): [   nan,    nan,    nan,    nan,    nan,    nan,    nan]
Follower     : [ 0.000, -0.785, -0.000, -2.356,  0.000,  1.571,  0.785]
Action (Tau) : [   nan,    nan,    nan,    nan,    nan,    nan,    nan]
Error (T-F)  : [ 0.247,  0.176,  0.202,  0.011,  0.789,  0.267, -0.003]
------------------------------------------------------------
--- Step 1610 ---
Leader (True): [ 0.247, -0.615,  0.202, -2.348,  0.794,  1.823,  0.783]
Leader (Pred): [   nan,    nan,    nan,    nan,    nan,    nan,    nan]
Follower     : [ 0.000, -0.785, -0.000, -2.356,  0.000,  1.571,  0.785]
Action (Tau) : [   nan,    nan,    nan,    nan,    nan,    nan,    nan]
Error (T-F)  : [ 0.247,  0.170,  0.202,  0.008,  0.794,  0.253, -0.002]
------------------------------------------------------------
--- Step 1620 ---
Leader (True): [ 0.248, -0.620,  0.202, -2.352,  0.798,  1.809,  0.783]
Leader (Pred): [   nan,    nan,    nan,    nan,    nan,    nan,    nan]
Follower     : [ 0.000, -0.785, -0.000, -2.356,  0.000,  1.571,  0.785]
Action (Tau) : [   nan,    nan,    nan,    nan,    nan,    nan,    nan]
Error (T-F)  : [ 0.248,  0.165,  0.202,  0.004,  0.798,  0.238, -0.002]
------------------------------------------------------------
--- Step 1630 ---
Leader (True): [ 0.248, -0.626,  0.201, -2.356,  0.803,  1.794,  0.783]
Leader (Pred): [   nan,    nan,    nan,    nan,    nan,    nan,    nan]
Follower     : [ 0.000, -0.785, -0.000, -2.356,  0.000,  1.571,  0.785]
Action (Tau) : [   nan,    nan,    nan,    nan,    nan,    nan,    nan]
Error (T-F)  : [ 0.248,  0.159,  0.201, -0.000,  0.803,  0.224, -0.002]
------------------------------------------------------------
--- Step 1640 ---
Leader (True): [ 0.248, -0.631,  0.201, -2.360,  0.807,  1.780,  0.783]
Leader (Pred): [   nan,    nan,    nan,    nan,    nan,    nan,    nan]
Follower     : [ 0.000, -0.785, -0.000, -2.356,  0.000,  1.571,  0.785]
Action (Tau) : [   nan,    nan,    nan,    nan,    nan,    nan,    nan]
Error (T-F)  : [ 0.248,  0.154,  0.201, -0.004,  0.807,  0.209, -0.002]
------------------------------------------------------------
--- Step 1650 ---
Leader (True): [ 0.249, -0.636,  0.201, -2.364,  0.812,  1.765,  0.784]
Leader (Pred): [   nan,    nan,    nan,    nan,    nan,    nan,    nan]
Follower     : [ 0.000, -0.785, -0.000, -2.356,  0.000,  1.571,  0.785]
Action (Tau) : [   nan,    nan,    nan,    nan,    nan,    nan,    nan]
Error (T-F)  : [ 0.249,  0.149,  0.201, -0.008,  0.812,  0.194, -0.001]
------------------------------------------------------------
--- Step 1660 ---
Leader (True): [ 0.249, -0.641,  0.201, -2.367,  0.816,  1.751,  0.784]
Leader (Pred): [   nan,    nan,    nan,    nan,    nan,    nan,    nan]
Follower     : [ 0.000, -0.785, -0.000, -2.356,  0.000,  1.571,  0.785]
Action (Tau) : [   nan,    nan,    nan,    nan,    nan,    nan,    nan]
Error (T-F)  : [ 0.249,  0.144,  0.201, -0.011,  0.816,  0.180, -0.001]
------------------------------------------------------------
--- Step 1670 ---
Leader (True): [ 0.249, -0.646,  0.201, -2.371,  0.820,  1.736,  0.784]
Leader (Pred): [   nan,    nan,    nan,    nan,    nan,    nan,    nan]
Follower     : [ 0.000, -0.785, -0.000, -2.356,  0.000,  1.571,  0.785]
Action (Tau) : [   nan,    nan,    nan,    nan,    nan,    nan,    nan]
Error (T-F)  : [ 0.249,  0.139,  0.201, -0.015,  0.820,  0.165, -0.001]
------------------------------------------------------------
--- Step 1680 ---
Leader (True): [ 0.250, -0.651,  0.200, -2.375,  0.824,  1.721,  0.785]
Leader (Pred): [   nan,    nan,    nan,    nan,    nan,    nan,    nan]
Follower     : [ 0.000, -0.785, -0.000, -2.356,  0.000,  1.571,  0.785]
Action (Tau) : [   nan,    nan,    nan,    nan,    nan,    nan,    nan]
Error (T-F)  : [ 0.250,  0.134,  0.200, -0.019,  0.824,  0.151, -0.000]
------------------------------------------------------------
--- Step 1690 ---
Leader (True): [ 0.250, -0.656,  0.200, -2.378,  0.828,  1.707,  0.785]
Leader (Pred): [   nan,    nan,    nan,    nan,    nan,    nan,    nan]
Follower     : [ 0.000, -0.785, -0.000, -2.356,  0.000,  1.571,  0.785]
Action (Tau) : [   nan,    nan,    nan,    nan,    nan,    nan,    nan]
Error (T-F)  : [ 0.250,  0.129,  0.200, -0.022,  0.828,  0.136, -0.000]
------------------------------------------------------------
--- Step 1700 ---
Leader (True): [ 0.251, -0.661,  0.200, -2.382,  0.832,  1.692,  0.785]
Leader (Pred): [   nan,    nan,    nan,    nan,    nan,    nan,    nan]
Follower     : [ 0.000, -0.785, -0.000, -2.356,  0.000,  1.571,  0.785]
Action (Tau) : [   nan,    nan,    nan,    nan,    nan,    nan,    nan]
Error (T-F)  : [ 0.251,  0.124,  0.200, -0.026,  0.832,  0.121,  0.000]
------------------------------------------------------------
--- Step 1710 ---
Leader (True): [ 0.251, -0.666,  0.200, -2.385,  0.835,  1.678,  0.786]
Leader (Pred): [   nan,    nan,    nan,    nan,    nan,    nan,    nan]
Follower     : [ 0.000, -0.785, -0.000, -2.356,  0.000,  1.571,  0.785]
Action (Tau) : [   nan,    nan,    nan,    nan,    nan,    nan,    nan]
Error (T-F)  : [ 0.251,  0.119,  0.200, -0.029,  0.835,  0.107,  0.001]
------------------------------------------------------------
--- Step 1720 ---
Leader (True): [ 0.252, -0.670,  0.199, -2.389,  0.839,  1.663,  0.786]
Leader (Pred): [   nan,    nan,    nan,    nan,    nan,    nan,    nan]
Follower     : [ 0.000, -0.785, -0.000, -2.356,  0.000,  1.571,  0.785]
Action (Tau) : [   nan,    nan,    nan,    nan,    nan,    nan,    nan]
Error (T-F)  : [ 0.252,  0.115,  0.199, -0.033,  0.839,  0.092,  0.001]
------------------------------------------------------------
--- Step 1730 ---
Leader (True): [ 0.252, -0.675,  0.199, -2.392,  0.843,  1.648,  0.786]
Leader (Pred): [   nan,    nan,    nan,    nan,    nan,    nan,    nan]
Follower     : [ 0.000, -0.785, -0.000, -2.356,  0.000,  1.571,  0.785]
Action (Tau) : [   nan,    nan,    nan,    nan,    nan,    nan,    nan]
Error (T-F)  : [ 0.252,  0.110,  0.199, -0.036,  0.843,  0.078,  0.001]
------------------------------------------------------------
--- Step 1740 ---
Leader (True): [ 0.253, -0.679,  0.199, -2.396,  0.846,  1.634,  0.787]
Leader (Pred): [   nan,    nan,    nan,    nan,    nan,    nan,    nan]
Follower     : [ 0.000, -0.785, -0.000, -2.356,  0.000,  1.571,  0.785]
Action (Tau) : [   nan,    nan,    nan,    nan,    nan,    nan,    nan]
Error (T-F)  : [ 0.253,  0.106,  0.199, -0.040,  0.846,  0.063,  0.002]
------------------------------------------------------------
--- Step 1750 ---
Leader (True): [ 0.253, -0.683,  0.199, -2.399,  0.849,  1.620,  0.787]
Leader (Pred): [   nan,    nan,    nan,    nan,    nan,    nan,    nan]
Follower     : [ 0.000, -0.785, -0.000, -2.356,  0.000,  1.571,  0.785]
Action (Tau) : [   nan,    nan,    nan,    nan,    nan,    nan,    nan]
Error (T-F)  : [ 0.253,  0.102,  0.199, -0.043,  0.849,  0.049,  0.002]
------------------------------------------------------------
--- Step 1760 ---
Leader (True): [ 0.254, -0.687,  0.199, -2.402,  0.853,  1.605,  0.787]
Leader (Pred): [   nan,    nan,    nan,    nan,    nan,    nan,    nan]
Follower     : [ 0.000, -0.785, -0.000, -2.356,  0.000,  1.571,  0.785]
Action (Tau) : [   nan,    nan,    nan,    nan,    nan,    nan,    nan]
Error (T-F)  : [ 0.254,  0.098,  0.199, -0.046,  0.853,  0.034,  0.002]
------------------------------------------------------------
--- Step 1770 ---
Leader (True): [ 0.254, -0.691,  0.199, -2.406,  0.856,  1.591,  0.788]
Leader (Pred): [   nan,    nan,    nan,    nan,    nan,    nan,    nan]
Follower     : [ 0.000, -0.785, -0.000, -2.356,  0.000,  1.571,  0.785]
Action (Tau) : [   nan,    nan,    nan,    nan,    nan,    nan,    nan]
Error (T-F)  : [ 0.254,  0.094,  0.199, -0.050,  0.856,  0.020,  0.003]
------------------------------------------------------------
--- Step 1780 ---
Leader (True): [ 0.255, -0.695,  0.199, -2.409,  0.859,  1.577,  0.788]
Leader (Pred): [   nan,    nan,    nan,    nan,    nan,    nan,    nan]
Follower     : [ 0.000, -0.785, -0.000, -2.356,  0.000,  1.571,  0.785]
Action (Tau) : [   nan,    nan,    nan,    nan,    nan,    nan,    nan]
Error (T-F)  : [ 0.255,  0.090,  0.199, -0.053,  0.859,  0.006,  0.003]
------------------------------------------------------------
--- Step 1790 ---
Leader (True): [ 0.256, -0.699,  0.199, -2.412,  0.862,  1.563,  0.788]
Leader (Pred): [   nan,    nan,    nan,    nan,    nan,    nan,    nan]
Follower     : [ 0.000, -0.785, -0.000, -2.356,  0.000,  1.571,  0.785]
Action (Tau) : [   nan,    nan,    nan,    nan,    nan,    nan,    nan]
Error (T-F)  : [ 0.256,  0.086,  0.199, -0.056,  0.862, -0.008,  0.003]
------------------------------------------------------------
--- Step 1800 ---
Leader (True): [ 0.256, -0.703,  0.199, -2.416,  0.865,  1.549,  0.789]
Leader (Pred): [   nan,    nan,    nan,    nan,    nan,    nan,    nan]
Follower     : [ 0.000, -0.785, -0.000, -2.356,  0.000,  1.571,  0.785]
Action (Tau) : [   nan,    nan,    nan,    nan,    nan,    nan,    nan]
Error (T-F)  : [ 0.256,  0.082,  0.199, -0.060,  0.865, -0.022,  0.004]
------------------------------------------------------------
--- Step 1810 ---
Leader (True): [ 0.257, -0.707,  0.199, -2.419,  0.867,  1.535,  0.789]
Leader (Pred): [   nan,    nan,    nan,    nan,    nan,    nan,    nan]
Follower     : [ 0.000, -0.785, -0.000, -2.356,  0.000,  1.571,  0.785]
Action (Tau) : [   nan,    nan,    nan,    nan,    nan,    nan,    nan]
Error (T-F)  : [ 0.257,  0.078,  0.199, -0.063,  0.867, -0.036,  0.004]
------------------------------------------------------------
--- Step 1820 ---
Leader (True): [ 0.258, -0.710,  0.199, -2.422,  0.870,  1.521,  0.790]
Leader (Pred): [   nan,    nan,    nan,    nan,    nan,    nan,    nan]
Follower     : [ 0.000, -0.785, -0.000, -2.356,  0.000,  1.571,  0.785]
Action (Tau) : [   nan,    nan,    nan,    nan,    nan,    nan,    nan]
Error (T-F)  : [ 0.258,  0.075,  0.199, -0.066,  0.870, -0.050,  0.005]
------------------------------------------------------------
--- Step 1830 ---
Leader (True): [ 0.259, -0.714,  0.199, -2.425,  0.873,  1.507,  0.790]
Leader (Pred): [   nan,    nan,    nan,    nan,    nan,    nan,    nan]
Follower     : [ 0.000, -0.785, -0.000, -2.356,  0.000,  1.571,  0.785]
Action (Tau) : [   nan,    nan,    nan,    nan,    nan,    nan,    nan]
Error (T-F)  : [ 0.259,  0.071,  0.199, -0.069,  0.873, -0.063,  0.005]
------------------------------------------------------------
--- Step 1840 ---
Leader (True): [ 0.259, -0.717,  0.199, -2.428,  0.875,  1.494,  0.790]
Leader (Pred): [   nan,    nan,    nan,    nan,    nan,    nan,    nan]
Follower     : [ 0.000, -0.785, -0.000, -2.356,  0.000,  1.571,  0.785]
Action (Tau) : [   nan,    nan,    nan,    nan,    nan,    nan,    nan]
Error (T-F)  : [ 0.259,  0.068,  0.199, -0.072,  0.875, -0.077,  0.005]
------------------------------------------------------------
--- Step 1850 ---
Leader (True): [ 0.260, -0.721,  0.199, -2.431,  0.878,  1.481,  0.791]
Leader (Pred): [   nan,    nan,    nan,    nan,    nan,    nan,    nan]
Follower     : [ 0.000, -0.785, -0.000, -2.356,  0.000,  1.571,  0.785]
Action (Tau) : [   nan,    nan,    nan,    nan,    nan,    nan,    nan]
Error (T-F)  : [ 0.260,  0.064,  0.199, -0.075,  0.878, -0.090,  0.006]
------------------------------------------------------------
--- Step 1860 ---
Leader (True): [ 0.261, -0.724,  0.199, -2.434,  0.880,  1.468,  0.791]
Leader (Pred): [   nan,    nan,    nan,    nan,    nan,    nan,    nan]
Follower     : [ 0.000, -0.785, -0.000, -2.356,  0.000,  1.571,  0.785]
Action (Tau) : [   nan,    nan,    nan,    nan,    nan,    nan,    nan]
Error (T-F)  : [ 0.261,  0.061,  0.199, -0.078,  0.880, -0.103,  0.006]
------------------------------------------------------------
--- Step 1870 ---
Leader (True): [ 0.262, -0.727,  0.199, -2.437,  0.882,  1.454,  0.791]
Leader (Pred): [   nan,    nan,    nan,    nan,    nan,    nan,    nan]
Follower     : [ 0.000, -0.785, -0.000, -2.356,  0.000,  1.571,  0.785]
Action (Tau) : [   nan,    nan,    nan,    nan,    nan,    nan,    nan]
Error (T-F)  : [ 0.262,  0.058,  0.199, -0.081,  0.882, -0.116,  0.006]
------------------------------------------------------------
--- Step 1880 ---
Leader (True): [ 0.263, -0.730,  0.200, -2.440,  0.884,  1.442,  0.792]
Leader (Pred): [   nan,    nan,    nan,    nan,    nan,    nan,    nan]
Follower     : [ 0.000, -0.785, -0.000, -2.356,  0.000,  1.571,  0.785]
Action (Tau) : [   nan,    nan,    nan,    nan,    nan,    nan,    nan]
Error (T-F)  : [ 0.263,  0.055,  0.200, -0.084,  0.884, -0.129,  0.007]
------------------------------------------------------------
--- Step 1890 ---
Leader (True): [ 0.263, -0.733,  0.200, -2.443,  0.886,  1.429,  0.792]
Leader (Pred): [   nan,    nan,    nan,    nan,    nan,    nan,    nan]
Follower     : [ 0.000, -0.785, -0.000, -2.356,  0.000,  1.571,  0.785]
Action (Tau) : [   nan,    nan,    nan,    nan,    nan,    nan,    nan]
Error (T-F)  : [ 0.263,  0.052,  0.200, -0.087,  0.886, -0.142,  0.007]
------------------------------------------------------------
--- Step 1900 ---
Leader (True): [ 0.264, -0.736,  0.200, -2.446,  0.888,  1.416,  0.793]
Leader (Pred): [   nan,    nan,    nan,    nan,    nan,    nan,    nan]
Follower     : [ 0.000, -0.785, -0.000, -2.356,  0.000,  1.571,  0.785]
Action (Tau) : [   nan,    nan,    nan,    nan,    nan,    nan,    nan]
Error (T-F)  : [ 0.264,  0.049,  0.200, -0.090,  0.888, -0.155,  0.008]
------------------------------------------------------------
--- Step 1910 ---
Leader (True): [ 0.265, -0.739,  0.200, -2.449,  0.890,  1.404,  0.793]
Leader (Pred): [   nan,    nan,    nan,    nan,    nan,    nan,    nan]
Follower     : [ 0.000, -0.785, -0.000, -2.356,  0.000,  1.571,  0.785]
Action (Tau) : [   nan,    nan,    nan,    nan,    nan,    nan,    nan]
Error (T-F)  : [ 0.265,  0.046,  0.200, -0.093,  0.890, -0.167,  0.008]
------------------------------------------------------------
--- Step 1920 ---
Leader (True): [ 0.266, -0.742,  0.201, -2.452,  0.892,  1.392,  0.793]
Leader (Pred): [   nan,    nan,    nan,    nan,    nan,    nan,    nan]
Follower     : [ 0.000, -0.785, -0.000, -2.356,  0.000,  1.571,  0.785]
Action (Tau) : [   nan,    nan,    nan,    nan,    nan,    nan,    nan]
Error (T-F)  : [ 0.266,  0.043,  0.201, -0.096,  0.892, -0.179,  0.008]
------------------------------------------------------------
--- Step 1930 ---
Leader (True): [ 0.267, -0.745,  0.201, -2.455,  0.893,  1.379,  0.794]
Leader (Pred): [   nan,    nan,    nan,    nan,    nan,    nan,    nan]
Follower     : [ 0.000, -0.785, -0.000, -2.356,  0.000,  1.571,  0.785]
Action (Tau) : [   nan,    nan,    nan,    nan,    nan,    nan,    nan]
Error (T-F)  : [ 0.267,  0.040,  0.201, -0.099,  0.893, -0.191,  0.009]
------------------------------------------------------------
--- Step 1940 ---
Leader (True): [ 0.268, -0.748,  0.201, -2.458,  0.895,  1.367,  0.794]
Leader (Pred): [   nan,    nan,    nan,    nan,    nan,    nan,    nan]
Follower     : [ 0.000, -0.785, -0.000, -2.356,  0.000,  1.571,  0.785]
Action (Tau) : [   nan,    nan,    nan,    nan,    nan,    nan,    nan]
Error (T-F)  : [ 0.268,  0.037,  0.201, -0.102,  0.895, -0.203,  0.009]
------------------------------------------------------------
--- Step 1950 ---
Leader (True): [ 0.269, -0.750,  0.202, -2.461,  0.896,  1.356,  0.794]
Leader (Pred): [   nan,    nan,    nan,    nan,    nan,    nan,    nan]
Follower     : [ 0.000, -0.785, -0.000, -2.356,  0.000,  1.571,  0.785]
Action (Tau) : [   nan,    nan,    nan,    nan,    nan,    nan,    nan]
Error (T-F)  : [ 0.269,  0.035,  0.202, -0.105,  0.896, -0.215,  0.009]
------------------------------------------------------------
--- Step 1960 ---
Leader (True): [ 0.270, -0.753,  0.202, -2.464,  0.898,  1.344,  0.795]
Leader (Pred): [   nan,    nan,    nan,    nan,    nan,    nan,    nan]
Follower     : [ 0.000, -0.785, -0.000, -2.356,  0.000,  1.571,  0.785]
Action (Tau) : [   nan,    nan,    nan,    nan,    nan,    nan,    nan]
Error (T-F)  : [ 0.270,  0.032,  0.202, -0.108,  0.898, -0.227,  0.010]
------------------------------------------------------------
--- Step 1970 ---
Leader (True): [ 0.271, -0.756,  0.202, -2.466,  0.899,  1.333,  0.795]
Leader (Pred): [   nan,    nan,    nan,    nan,    nan,    nan,    nan]
Follower     : [ 0.000, -0.785, -0.000, -2.356,  0.000,  1.571,  0.785]
Action (Tau) : [   nan,    nan,    nan,    nan,    nan,    nan,    nan]
Error (T-F)  : [ 0.271,  0.029,  0.202, -0.110,  0.899, -0.238,  0.010]
------------------------------------------------------------
--- Step 1980 ---
Leader (True): [ 0.271, -0.758,  0.203, -2.469,  0.900,  1.322,  0.795]
Leader (Pred): [   nan,    nan,    nan,    nan,    nan,    nan,    nan]
Follower     : [ 0.000, -0.785, -0.000, -2.356,  0.000,  1.571,  0.785]
Action (Tau) : [   nan,    nan,    nan,    nan,    nan,    nan,    nan]
Error (T-F)  : [ 0.271,  0.027,  0.203, -0.113,  0.900, -0.249,  0.010]
------------------------------------------------------------
--- Step 1990 ---
Leader (True): [ 0.272, -0.761,  0.203, -2.472,  0.901,  1.311,  0.796]
Leader (Pred): [   nan,    nan,    nan,    nan,    nan,    nan,    nan]
Follower     : [ 0.000, -0.785, -0.000, -2.356,  0.000,  1.571,  0.785]
Action (Tau) : [   nan,    nan,    nan,    nan,    nan,    nan,    nan]
Error (T-F)  : [ 0.272,  0.024,  0.203, -0.116,  0.901, -0.260,  0.011]
------------------------------------------------------------
--- Step 2000 ---
Leader (True): [ 0.273, -0.763,  0.204, -2.474,  0.902,  1.300,  0.796]
Leader (Pred): [   nan,    nan,    nan,    nan,    nan,    nan,    nan]
Follower     : [ 0.000, -0.785, -0.000, -2.356,  0.000,  1.571,  0.785]
Action (Tau) : [   nan,    nan,    nan,    nan,    nan,    nan,    nan]
Error (T-F)  : [ 0.273,  0.022,  0.204, -0.118,  0.902, -0.271,  0.011]
------------------------------------------------------------
--- Step 2010 ---
Leader (True): [ 0.274, -0.765,  0.204, -2.477,  0.903,  1.289,  0.796]
Leader (Pred): [   nan,    nan,    nan,    nan,    nan,    nan,    nan]
Follower     : [ 0.000, -0.785, -0.000, -2.356,  0.000,  1.571,  0.785]
Action (Tau) : [   nan,    nan,    nan,    nan,    nan,    nan,    nan]
Error (T-F)  : [ 0.274,  0.020,  0.204, -0.121,  0.903, -0.282,  0.011]
------------------------------------------------------------
--- Step 2020 ---
Leader (True): [ 0.275, -0.768,  0.205, -2.479,  0.904,  1.279,  0.796]
Leader (Pred): [   nan,    nan,    nan,    nan,    nan,    nan,    nan]
Follower     : [ 0.000, -0.785, -0.000, -2.356,  0.000,  1.571,  0.785]
Action (Tau) : [   nan,    nan,    nan,    nan,    nan,    nan,    nan]
Error (T-F)  : [ 0.275,  0.017,  0.205, -0.123,  0.904, -0.292,  0.011]
------------------------------------------------------------
--- Step 2030 ---
Leader (True): [ 0.276, -0.770,  0.205, -2.482,  0.905,  1.269,  0.797]
Leader (Pred): [   nan,    nan,    nan,    nan,    nan,    nan,    nan]
Follower     : [ 0.000, -0.785, -0.000, -2.356,  0.000,  1.571,  0.785]
Action (Tau) : [   nan,    nan,    nan,    nan,    nan,    nan,    nan]
Error (T-F)  : [ 0.276,  0.015,  0.205, -0.126,  0.905, -0.302,  0.012]
------------------------------------------------------------
--- Step 2040 ---
Leader (True): [ 0.277, -0.772,  0.205, -2.484,  0.905,  1.258,  0.797]
Leader (Pred): [   nan,    nan,    nan,    nan,    nan,    nan,    nan]
Follower     : [ 0.000, -0.785, -0.000, -2.356,  0.000,  1.571,  0.785]
Action (Tau) : [   nan,    nan,    nan,    nan,    nan,    nan,    nan]
Error (T-F)  : [ 0.277,  0.013,  0.205, -0.128,  0.905, -0.312,  0.012]
------------------------------------------------------------
--- Step 2050 ---
Leader (True): [ 0.278, -0.774,  0.206, -2.487,  0.906,  1.249,  0.797]
Leader (Pred): [   nan,    nan,    nan,    nan,    nan,    nan,    nan]
Follower     : [ 0.000, -0.785, -0.000, -2.356,  0.000,  1.571,  0.785]
Action (Tau) : [   nan,    nan,    nan,    nan,    nan,    nan,    nan]
Error (T-F)  : [ 0.278,  0.011,  0.206, -0.131,  0.906, -0.322,  0.012]
------------------------------------------------------------
--- Step 2060 ---
Leader (True): [ 0.278, -0.776,  0.206, -2.489,  0.906,  1.239,  0.798]
Leader (Pred): [   nan,    nan,    nan,    nan,    nan,    nan,    nan]
Follower     : [ 0.000, -0.785, -0.000, -2.356,  0.000,  1.571,  0.785]
Action (Tau) : [   nan,    nan,    nan,    nan,    nan,    nan,    nan]
Error (T-F)  : [ 0.278,  0.009,  0.206, -0.133,  0.906, -0.332,  0.013]
------------------------------------------------------------
--- Step 2070 ---
Leader (True): [ 0.279, -0.778,  0.207, -2.491,  0.907,  1.229,  0.798]
Leader (Pred): [   nan,    nan,    nan,    nan,    nan,    nan,    nan]
Follower     : [ 0.000, -0.785, -0.000, -2.356,  0.000,  1.571,  0.785]
Action (Tau) : [   nan,    nan,    nan,    nan,    nan,    nan,    nan]
Error (T-F)  : [ 0.279,  0.007,  0.207, -0.135,  0.907, -0.341,  0.013]
------------------------------------------------------------
--- Step 2080 ---
Leader (True): [ 0.280, -0.780,  0.207, -2.494,  0.907,  1.220,  0.798]
Leader (Pred): [   nan,    nan,    nan,    nan,    nan,    nan,    nan]
Follower     : [ 0.000, -0.785, -0.000, -2.356,  0.000,  1.571,  0.785]
Action (Tau) : [   nan,    nan,    nan,    nan,    nan,    nan,    nan]
Error (T-F)  : [ 0.280,  0.005,  0.207, -0.138,  0.907, -0.351,  0.013]
------------------------------------------------------------
--- Step 2090 ---
Leader (True): [ 0.281, -0.782,  0.207, -2.496,  0.907,  1.211,  0.798]
Leader (Pred): [   nan,    nan,    nan,    nan,    nan,    nan,    nan]
Follower     : [ 0.000, -0.785, -0.000, -2.356,  0.000,  1.571,  0.785]
Action (Tau) : [   nan,    nan,    nan,    nan,    nan,    nan,    nan]
Error (T-F)  : [ 0.281,  0.003,  0.207, -0.140,  0.907, -0.360,  0.013]
------------------------------------------------------------
--- Step 2100 ---
Leader (True): [ 0.281, -0.784,  0.208, -2.498,  0.907,  1.202,  0.798]
Leader (Pred): [   nan,    nan,    nan,    nan,    nan,    nan,    nan]
Follower     : [ 0.000, -0.785, -0.000, -2.356,  0.000,  1.571,  0.785]
Action (Tau) : [   nan,    nan,    nan,    nan,    nan,    nan,    nan]
Error (T-F)  : [ 0.281,  0.001,  0.208, -0.142,  0.907, -0.369,  0.013]
------------------------------------------------------------
--- Step 2110 ---
Leader (True): [ 0.282, -0.786,  0.208, -2.500,  0.907,  1.193,  0.799]
Leader (Pred): [   nan,    nan,    nan,    nan,    nan,    nan,    nan]
Follower     : [ 0.000, -0.785, -0.000, -2.356,  0.000,  1.571,  0.785]
Action (Tau) : [   nan,    nan,    nan,    nan,    nan,    nan,    nan]
Error (T-F)  : [ 0.282, -0.001,  0.208, -0.144,  0.907, -0.377,  0.014]
------------------------------------------------------------
--- Step 2120 ---
Leader (True): [ 0.283, -0.788,  0.208, -2.502,  0.907,  1.185,  0.799]
Leader (Pred): [   nan,    nan,    nan,    nan,    nan,    nan,    nan]
Follower     : [ 0.000, -0.785, -0.000, -2.356,  0.000,  1.571,  0.785]
Action (Tau) : [   nan,    nan,    nan,    nan,    nan,    nan,    nan]
Error (T-F)  : [ 0.283, -0.003,  0.208, -0.146,  0.907, -0.386,  0.014]
------------------------------------------------------------
--- Step 2130 ---
Leader (True): [ 0.283, -0.790,  0.208, -2.504,  0.906,  1.177,  0.799]
Leader (Pred): [   nan,    nan,    nan,    nan,    nan,    nan,    nan]
Follower     : [ 0.000, -0.785, -0.000, -2.356,  0.000,  1.571,  0.785]
Action (Tau) : [   nan,    nan,    nan,    nan,    nan,    nan,    nan]
Error (T-F)  : [ 0.283, -0.005,  0.208, -0.148,  0.906, -0.394,  0.014]
------------------------------------------------------------
--- Step 2140 ---
Leader (True): [ 0.284, -0.792,  0.209, -2.506,  0.906,  1.168,  0.799]
Leader (Pred): [   nan,    nan,    nan,    nan,    nan,    nan,    nan]
Follower     : [ 0.000, -0.785, -0.000, -2.356,  0.000,  1.571,  0.785]
Action (Tau) : [   nan,    nan,    nan,    nan,    nan,    nan,    nan]
Error (T-F)  : [ 0.284, -0.007,  0.209, -0.150,  0.906, -0.402,  0.014]
------------------------------------------------------------
--- Step 2150 ---
Leader (True): [ 0.284, -0.793,  0.209, -2.508,  0.906,  1.161,  0.799]
Leader (Pred): [   nan,    nan,    nan,    nan,    nan,    nan,    nan]
Follower     : [ 0.000, -0.785, -0.000, -2.356,  0.000,  1.571,  0.785]
Action (Tau) : [   nan,    nan,    nan,    nan,    nan,    nan,    nan]
Error (T-F)  : [ 0.284, -0.008,  0.209, -0.152,  0.906, -0.410,  0.014]
------------------------------------------------------------
--- Step 2160 ---
Leader (True): [ 0.285, -0.795,  0.209, -2.510,  0.905,  1.153,  0.800]
Leader (Pred): [   nan,    nan,    nan,    nan,    nan,    nan,    nan]
Follower     : [ 0.000, -0.785, -0.000, -2.356,  0.000,  1.571,  0.785]
Action (Tau) : [   nan,    nan,    nan,    nan,    nan,    nan,    nan]
Error (T-F)  : [ 0.285, -0.010,  0.209, -0.154,  0.905, -0.418,  0.015]
------------------------------------------------------------
--- Step 2170 ---
Leader (True): [ 0.285, -0.797,  0.209, -2.512,  0.904,  1.145,  0.800]
Leader (Pred): [   nan,    nan,    nan,    nan,    nan,    nan,    nan]
Follower     : [ 0.000, -0.785, -0.000, -2.356,  0.000,  1.571,  0.785]
Action (Tau) : [   nan,    nan,    nan,    nan,    nan,    nan,    nan]
Error (T-F)  : [ 0.285, -0.012,  0.209, -0.156,  0.904, -0.425,  0.015]
------------------------------------------------------------
--- Step 2180 ---
Leader (True): [ 0.285, -0.798,  0.209, -2.513,  0.904,  1.138,  0.800]
Leader (Pred): [   nan,    nan,    nan,    nan,    nan,    nan,    nan]
Follower     : [ 0.000, -0.785, -0.000, -2.356,  0.000,  1.571,  0.785]
Action (Tau) : [   nan,    nan,    nan,    nan,    nan,    nan,    nan]
Error (T-F)  : [ 0.285, -0.013,  0.209, -0.157,  0.904, -0.433,  0.015]
------------------------------------------------------------
--- Step 2190 ---
Leader (True): [ 0.286, -0.800,  0.209, -2.515,  0.903,  1.131,  0.800]
Leader (Pred): [   nan,    nan,    nan,    nan,    nan,    nan,    nan]
Follower     : [ 0.000, -0.785, -0.000, -2.356,  0.000,  1.571,  0.785]
Action (Tau) : [   nan,    nan,    nan,    nan,    nan,    nan,    nan]
Error (T-F)  : [ 0.286, -0.015,  0.209, -0.159,  0.903, -0.440,  0.015]
------------------------------------------------------------
--- Step 2200 ---
Leader (True): [ 0.286, -0.802,  0.209, -2.517,  0.902,  1.124,  0.800]
Leader (Pred): [   nan,    nan,    nan,    nan,    nan,    nan,    nan]
Follower     : [ 0.000, -0.785, -0.000, -2.356,  0.000,  1.571,  0.785]
Action (Tau) : [   nan,    nan,    nan,    nan,    nan,    nan,    nan]
Error (T-F)  : [ 0.286, -0.017,  0.209, -0.161,  0.902, -0.447,  0.015]
------------------------------------------------------------
--- Step 2210 ---
Leader (True): [ 0.286, -0.803,  0.209, -2.518,  0.901,  1.117,  0.800]
Leader (Pred): [   nan,    nan,    nan,    nan,    nan,    nan,    nan]
Follower     : [ 0.000, -0.785, -0.000, -2.356,  0.000,  1.571,  0.785]
Action (Tau) : [   nan,    nan,    nan,    nan,    nan,    nan,    nan]
Error (T-F)  : [ 0.286, -0.018,  0.209, -0.162,  0.901, -0.454,  0.015]
------------------------------------------------------------
--- Step 2220 ---
Leader (True): [ 0.286, -0.804,  0.209, -2.520,  0.900,  1.111,  0.800]
Leader (Pred): [   nan,    nan,    nan,    nan,    nan,    nan,    nan]
Follower     : [ 0.000, -0.785, -0.000, -2.356,  0.000,  1.571,  0.785]
Action (Tau) : [   nan,    nan,    nan,    nan,    nan,    nan,    nan]
Error (T-F)  : [ 0.286, -0.019,  0.209, -0.164,  0.900, -0.460,  0.015]
------------------------------------------------------------
--- Step 2230 ---
Leader (True): [ 0.286, -0.806,  0.208, -2.521,  0.898,  1.104,  0.801]
Leader (Pred): [   nan,    nan,    nan,    nan,    nan,    nan,    nan]
Follower     : [ 0.000, -0.785, -0.000, -2.356,  0.000,  1.571,  0.785]
Action (Tau) : [   nan,    nan,    nan,    nan,    nan,    nan,    nan]
Error (T-F)  : [ 0.286, -0.021,  0.208, -0.165,  0.898, -0.466,  0.016]
------------------------------------------------------------
--- Step 2240 ---
Leader (True): [ 0.286, -0.807,  0.208, -2.522,  0.897,  1.098,  0.801]
Leader (Pred): [   nan,    nan,    nan,    nan,    nan,    nan,    nan]
Follower     : [ 0.000, -0.785, -0.000, -2.356,  0.000,  1.571,  0.785]
Action (Tau) : [   nan,    nan,    nan,    nan,    nan,    nan,    nan]
Error (T-F)  : [ 0.286, -0.022,  0.208, -0.166,  0.897, -0.473,  0.016]
------------------------------------------------------------
--- Step 2250 ---
Leader (True): [ 0.286, -0.809,  0.208, -2.524,  0.895,  1.092,  0.801]
Leader (Pred): [   nan,    nan,    nan,    nan,    nan,    nan,    nan]
Follower     : [ 0.000, -0.785, -0.000, -2.356,  0.000,  1.571,  0.785]
Action (Tau) : [   nan,    nan,    nan,    nan,    nan,    nan,    nan]
Error (T-F)  : [ 0.286, -0.024,  0.208, -0.168,  0.895, -0.479,  0.016]
------------------------------------------------------------
--- Step 2260 ---
Leader (True): [ 0.286, -0.810,  0.208, -2.525,  0.894,  1.087,  0.801]
Leader (Pred): [   nan,    nan,    nan,    nan,    nan,    nan,    nan]
Follower     : [ 0.000, -0.785, -0.000, -2.356,  0.000,  1.571,  0.785]
Action (Tau) : [   nan,    nan,    nan,    nan,    nan,    nan,    nan]
Error (T-F)  : [ 0.286, -0.025,  0.208, -0.169,  0.894, -0.484,  0.016]
------------------------------------------------------------
--- Step 2270 ---
Leader (True): [ 0.286, -0.811,  0.207, -2.526,  0.892,  1.081,  0.801]
Leader (Pred): [   nan,    nan,    nan,    nan,    nan,    nan,    nan]
Follower     : [ 0.000, -0.785, -0.000, -2.356,  0.000,  1.571,  0.785]
Action (Tau) : [   nan,    nan,    nan,    nan,    nan,    nan,    nan]
Error (T-F)  : [ 0.286, -0.026,  0.207, -0.170,  0.892, -0.490,  0.016]
------------------------------------------------------------
--- Step 2280 ---
Leader (True): [ 0.286, -0.812,  0.207, -2.527,  0.891,  1.076,  0.801]
Leader (Pred): [   nan,    nan,    nan,    nan,    nan,    nan,    nan]
Follower     : [ 0.000, -0.785, -0.000, -2.356,  0.000,  1.571,  0.785]
Action (Tau) : [   nan,    nan,    nan,    nan,    nan,    nan,    nan]
Error (T-F)  : [ 0.286, -0.027,  0.207, -0.171,  0.891, -0.495,  0.016]
------------------------------------------------------------
--- Step 2290 ---
Leader (True): [ 0.286, -0.813,  0.206, -2.528,  0.889,  1.071,  0.801]
Leader (Pred): [   nan,    nan,    nan,    nan,    nan,    nan,    nan]
Follower     : [ 0.000, -0.785, -0.000, -2.356,  0.000,  1.571,  0.785]
Action (Tau) : [   nan,    nan,    nan,    nan,    nan,    nan,    nan]
Error (T-F)  : [ 0.286, -0.028,  0.206, -0.172,  0.889, -0.500,  0.016]
------------------------------------------------------------
--- Step 2300 ---
Leader (True): [ 0.285, -0.814,  0.206, -2.529,  0.887,  1.066,  0.801]
Leader (Pred): [   nan,    nan,    nan,    nan,    nan,    nan,    nan]
Follower     : [ 0.000, -0.785, -0.000, -2.356,  0.000,  1.571,  0.785]
Action (Tau) : [   nan,    nan,    nan,    nan,    nan,    nan,    nan]
Error (T-F)  : [ 0.285, -0.029,  0.206, -0.173,  0.887, -0.505,  0.016]
------------------------------------------------------------
--- Step 2310 ---
Leader (True): [ 0.285, -0.815,  0.205, -2.530,  0.885,  1.061,  0.801]
Leader (Pred): [   nan,    nan,    nan,    nan,    nan,    nan,    nan]
Follower     : [ 0.000, -0.785, -0.000, -2.356,  0.000,  1.571,  0.785]
Action (Tau) : [   nan,    nan,    nan,    nan,    nan,    nan,    nan]
Error (T-F)  : [ 0.285, -0.030,  0.205, -0.174,  0.885, -0.510,  0.016]
------------------------------------------------------------
--- Step 2320 ---
Leader (True): [ 0.285, -0.816,  0.204, -2.530,  0.883,  1.057,  0.801]
Leader (Pred): [   nan,    nan,    nan,    nan,    nan,    nan,    nan]
Follower     : [ 0.000, -0.785, -0.000, -2.356,  0.000,  1.571,  0.785]
Action (Tau) : [   nan,    nan,    nan,    nan,    nan,    nan,    nan]
Error (T-F)  : [ 0.285, -0.031,  0.204, -0.174,  0.883, -0.514,  0.016]
------------------------------------------------------------
--- Step 2330 ---
Leader (True): [ 0.284, -0.817,  0.204, -2.531,  0.881,  1.052,  0.801]
Leader (Pred): [   nan,    nan,    nan,    nan,    nan,    nan,    nan]
Follower     : [ 0.000, -0.785, -0.000, -2.356,  0.000,  1.571,  0.785]
Action (Tau) : [   nan,    nan,    nan,    nan,    nan,    nan,    nan]
Error (T-F)  : [ 0.284, -0.032,  0.204, -0.175,  0.881, -0.518,  0.016]
------------------------------------------------------------
--- Step 2340 ---
Leader (True): [ 0.284, -0.818,  0.203, -2.532,  0.879,  1.048,  0.801]
Leader (Pred): [   nan,    nan,    nan,    nan,    nan,    nan,    nan]
Follower     : [ 0.000, -0.785, -0.000, -2.356,  0.000,  1.571,  0.785]
Action (Tau) : [   nan,    nan,    nan,    nan,    nan,    nan,    nan]
Error (T-F)  : [ 0.284, -0.033,  0.203, -0.176,  0.879, -0.523,  0.016]
------------------------------------------------------------
--- Step 2350 ---
Leader (True): [ 0.283, -0.819,  0.202, -2.532,  0.876,  1.044,  0.801]
Leader (Pred): [   nan,    nan,    nan,    nan,    nan,    nan,    nan]
Follower     : [ 0.000, -0.785, -0.000, -2.356,  0.000,  1.571,  0.785]
Action (Tau) : [   nan,    nan,    nan,    nan,    nan,    nan,    nan]
Error (T-F)  : [ 0.283, -0.034,  0.202, -0.176,  0.876, -0.527,  0.016]
------------------------------------------------------------
--- Step 2360 ---
Leader (True): [ 0.283, -0.820,  0.202, -2.533,  0.874,  1.040,  0.801]
Leader (Pred): [   nan,    nan,    nan,    nan,    nan,    nan,    nan]
Follower     : [ 0.000, -0.785, -0.000, -2.356,  0.000,  1.571,  0.785]
Action (Tau) : [   nan,    nan,    nan,    nan,    nan,    nan,    nan]
Error (T-F)  : [ 0.283, -0.035,  0.202, -0.177,  0.874, -0.530,  0.016]
------------------------------------------------------------
--- Step 2370 ---
Leader (True): [ 0.282, -0.821,  0.201, -2.533,  0.872,  1.037,  0.801]
Leader (Pred): [   nan,    nan,    nan,    nan,    nan,    nan,    nan]
Follower     : [ 0.000, -0.785, -0.000, -2.356,  0.000,  1.571,  0.785]
Action (Tau) : [   nan,    nan,    nan,    nan,    nan,    nan,    nan]
Error (T-F)  : [ 0.282, -0.036,  0.201, -0.177,  0.872, -0.534,  0.016]
------------------------------------------------------------
--- Step 2380 ---
Leader (True): [ 0.282, -0.821,  0.200, -2.534,  0.869,  1.033,  0.801]
Leader (Pred): [   nan,    nan,    nan,    nan,    nan,    nan,    nan]
Follower     : [ 0.000, -0.785, -0.000, -2.356,  0.000,  1.571,  0.785]
Action (Tau) : [   nan,    nan,    nan,    nan,    nan,    nan,    nan]
Error (T-F)  : [ 0.282, -0.036,  0.200, -0.178,  0.869, -0.538,  0.016]
------------------------------------------------------------
--- Step 2390 ---
Leader (True): [ 0.281, -0.822,  0.199, -2.534,  0.867,  1.030,  0.801]
Leader (Pred): [   nan,    nan,    nan,    nan,    nan,    nan,    nan]
Follower     : [ 0.000, -0.785, -0.000, -2.356,  0.000,  1.571,  0.785]
Action (Tau) : [   nan,    nan,    nan,    nan,    nan,    nan,    nan]
Error (T-F)  : [ 0.281, -0.037,  0.199, -0.178,  0.867, -0.541,  0.016]
------------------------------------------------------------
--- Step 2400 ---
Leader (True): [ 0.280, -0.823,  0.198, -2.534,  0.864,  1.026,  0.801]
Leader (Pred): [   nan,    nan,    nan,    nan,    nan,    nan,    nan]
Follower     : [ 0.000, -0.785, -0.000, -2.356,  0.000,  1.571,  0.785]
Action (Tau) : [   nan,    nan,    nan,    nan,    nan,    nan,    nan]
Error (T-F)  : [ 0.280, -0.038,  0.198, -0.178,  0.864, -0.545,  0.016]
------------------------------------------------------------
--- Step 2410 ---
Leader (True): [ 0.280, -0.823,  0.197, -2.534,  0.861,  1.023,  0.801]
Leader (Pred): [   nan,    nan,    nan,    nan,    nan,    nan,    nan]
Follower     : [ 0.000, -0.785, -0.000, -2.356,  0.000,  1.571,  0.785]
Action (Tau) : [   nan,    nan,    nan,    nan,    nan,    nan,    nan]
Error (T-F)  : [ 0.280, -0.038,  0.197, -0.178,  0.861, -0.548,  0.016]
------------------------------------------------------------
--- Step 2420 ---
Leader (True): [ 0.279, -0.824,  0.196, -2.534,  0.858,  1.019,  0.801]
Leader (Pred): [   nan,    nan,    nan,    nan,    nan,    nan,    nan]
Follower     : [ 0.000, -0.785, -0.000, -2.356,  0.000,  1.571,  0.785]
Action (Tau) : [   nan,    nan,    nan,    nan,    nan,    nan,    nan]
Error (T-F)  : [ 0.279, -0.039,  0.196, -0.178,  0.858, -0.551,  0.016]
------------------------------------------------------------
--- Step 2430 ---
Leader (True): [ 0.278, -0.825,  0.194, -2.535,  0.855,  1.016,  0.801]
Leader (Pred): [   nan,    nan,    nan,    nan,    nan,    nan,    nan]
Follower     : [ 0.000, -0.785, -0.000, -2.356,  0.000,  1.571,  0.785]
Action (Tau) : [   nan,    nan,    nan,    nan,    nan,    nan,    nan]
Error (T-F)  : [ 0.278, -0.040,  0.194, -0.179,  0.855, -0.555,  0.016]
------------------------------------------------------------
--- Step 2440 ---
Leader (True): [ 0.277, -0.826,  0.193, -2.535,  0.851,  1.013,  0.801]
Leader (Pred): [   nan,    nan,    nan,    nan,    nan,    nan,    nan]
Follower     : [ 0.000, -0.785, -0.000, -2.356,  0.000,  1.571,  0.785]
Action (Tau) : [   nan,    nan,    nan,    nan,    nan,    nan,    nan]
Error (T-F)  : [ 0.277, -0.041,  0.193, -0.179,  0.851, -0.558,  0.016]
------------------------------------------------------------
--- Step 2450 ---
Leader (True): [ 0.276, -0.826,  0.192, -2.535,  0.848,  1.009,  0.801]
Leader (Pred): [   nan,    nan,    nan,    nan,    nan,    nan,    nan]
Follower     : [ 0.000, -0.785, -0.000, -2.356,  0.000,  1.571,  0.785]
Action (Tau) : [   nan,    nan,    nan,    nan,    nan,    nan,    nan]
Error (T-F)  : [ 0.276, -0.041,  0.192, -0.179,  0.848, -0.561,  0.016]
------------------------------------------------------------
--- Step 2460 ---
Leader (True): [ 0.274, -0.827,  0.190, -2.535,  0.844,  1.006,  0.801]
Leader (Pred): [   nan,    nan,    nan,    nan,    nan,    nan,    nan]
Follower     : [ 0.000, -0.785, -0.000, -2.356,  0.000,  1.571,  0.785]
Action (Tau) : [   nan,    nan,    nan,    nan,    nan,    nan,    nan]
Error (T-F)  : [ 0.274, -0.042,  0.190, -0.179,  0.844, -0.564,  0.016]
------------------------------------------------------------
--- Step 2470 ---
Leader (True): [ 0.273, -0.828,  0.189, -2.534,  0.840,  1.003,  0.801]
Leader (Pred): [   nan,    nan,    nan,    nan,    nan,    nan,    nan]
Follower     : [ 0.000, -0.785, -0.000, -2.356,  0.000,  1.571,  0.785]
Action (Tau) : [   nan,    nan,    nan,    nan,    nan,    nan,    nan]
Error (T-F)  : [ 0.273, -0.043,  0.189, -0.178,  0.840, -0.568,  0.016]
------------------------------------------------------------
--- Step 2480 ---
Leader (True): [ 0.271, -0.828,  0.187, -2.534,  0.835,  1.000,  0.801]
Leader (Pred): [   nan,    nan,    nan,    nan,    nan,    nan,    nan]
Follower     : [ 0.000, -0.785, -0.000, -2.356,  0.000,  1.571,  0.785]
Action (Tau) : [   nan,    nan,    nan,    nan,    nan,    nan,    nan]
Error (T-F)  : [ 0.271, -0.043,  0.187, -0.178,  0.835, -0.571,  0.016]
------------------------------------------------------------
--- Step 2490 ---
Leader (True): [ 0.270, -0.829,  0.185, -2.534,  0.831,  0.997,  0.801]
Leader (Pred): [   nan,    nan,    nan,    nan,    nan,    nan,    nan]
Follower     : [ 0.000, -0.785, -0.000, -2.356,  0.000,  1.571,  0.785]
Action (Tau) : [   nan,    nan,    nan,    nan,    nan,    nan,    nan]
Error (T-F)  : [ 0.270, -0.044,  0.185, -0.178,  0.831, -0.574,  0.016]
------------------------------------------------------------
>>> Avg Reward: nan
Step 49000 | R: nan | RL_L: nan | Pred_L: nan
Step 49000 | R: nan | RL_L: nan | Pred_L: nan
Step 49000 | R: nan | RL_L: nan | Pred_L: nan
Step 49000 | R: nan | RL_L: nan | Pred_L: nan
Step 49000 | R: nan | RL_L: nan | Pred_L: nan
Step 49000 | R: nan | RL_L: nan | Pred_L: nan
Step 49000 | R: nan | RL_L: nan | Pred_L: nan
Step 49000 | R: nan | RL_L: nan | Pred_L: nan
Step 49000 | R: nan | RL_L: nan | Pred_L: nan
Step 49000 | R: nan | RL_L: nan | Pred_L: nan
Step 49000 | R: nan | RL_L: nan | Pred_L: nan
Step 49000 | R: nan | RL_L: nan | Pred_L: nan
Step 49000 | R: nan | RL_L: nan | Pred_L: nan
Step 49000 | R: nan | RL_L: nan | Pred_L: nan
Step 49000 | R: nan | RL_L: nan | Pred_L: nan
Step 49000 | R: nan | RL_L: nan | Pred_L: nan
Step 49000 | R: nan | RL_L: nan | Pred_L: nan
Step 49000 | R: nan | RL_L: nan | Pred_L: nan
Step 49000 | R: nan | RL_L: nan | Pred_L: nan
Step 49000 | R: nan | RL_L: nan | Pred_L: nan
Step 49000 | R: nan | RL_L: nan | Pred_L: nan
Step 49000 | R: nan | RL_L: nan | Pred_L: nan
Step 49000 | R: nan | RL_L: nan | Pred_L: nan
Step 49000 | R: nan | RL_L: nan | Pred_L: nan
Step 49000 | R: nan | RL_L: nan | Pred_L: nan
Step 49000 | R: nan | RL_L: nan | Pred_L: nan
Step 49000 | R: nan | RL_L: nan | Pred_L: nan
Step 49000 | R: nan | RL_L: nan | Pred_L: nan
Step 49000 | R: nan | RL_L: nan | Pred_L: nan
Step 49000 | R: nan | RL_L: nan | Pred_L: nan
Step 49000 | R: nan | RL_L: nan | Pred_L: nan
Step 49000 | R: nan | RL_L: nan | Pred_L: nan

>>> EVALUATION AT STEP 50000
====================================================================================================
--- Step 0 ---
Leader (True): [ 0.000, -0.785,  0.000, -2.356,  0.000,  1.571,  0.785]
Leader (Pred): [   nan,    nan,    nan,    nan,    nan,    nan,    nan]
Follower     : [ 0.000, -0.785, -0.000, -2.356,  0.000,  1.571,  0.785]
Action (Tau) : [   nan,    nan,    nan,    nan,    nan,    nan,    nan]
Error (T-F)  : [-0.000,  0.000,  0.000,  0.000, -0.000,  0.000,  0.000]
------------------------------------------------------------
--- Step 10 ---
Leader (True): [ 0.000, -0.785,  0.000, -2.356,  0.001,  1.571,  0.785]
Leader (Pred): [   nan,    nan,    nan,    nan,    nan,    nan,    nan]
Follower     : [ 0.000, -0.785, -0.000, -2.356,  0.000,  1.571,  0.785]
Action (Tau) : [   nan,    nan,    nan,    nan,    nan,    nan,    nan]
Error (T-F)  : [ 0.000, -0.000,  0.000,  0.000,  0.001, -0.000,  0.000]
------------------------------------------------------------
--- Step 20 ---
Leader (True): [ 0.007, -0.786,  0.003, -2.355,  0.030,  1.562,  0.785]
Leader (Pred): [   nan,    nan,    nan,    nan,    nan,    nan,    nan]
Follower     : [ 0.000, -0.785, -0.000, -2.356,  0.000,  1.571,  0.785]
Action (Tau) : [   nan,    nan,    nan,    nan,    nan,    nan,    nan]
Error (T-F)  : [ 0.007, -0.001,  0.003,  0.001,  0.030, -0.009,  0.000]
------------------------------------------------------------
--- Step 30 ---
Leader (True): [ 0.013, -0.787,  0.005, -2.355,  0.060,  1.554,  0.786]
Leader (Pred): [   nan,    nan,    nan,    nan,    nan,    nan,    nan]
Follower     : [ 0.000, -0.785, -0.000, -2.356,  0.000,  1.571,  0.785]
Action (Tau) : [   nan,    nan,    nan,    nan,    nan,    nan,    nan]
Error (T-F)  : [ 0.013, -0.002,  0.005,  0.001,  0.060, -0.017,  0.001]
------------------------------------------------------------
--- Step 40 ---
Leader (True): [ 0.019, -0.787,  0.007, -2.355,  0.090,  1.547,  0.786]
Leader (Pred): [   nan,    nan,    nan,    nan,    nan,    nan,    nan]
Follower     : [ 0.000, -0.785, -0.000, -2.356,  0.000,  1.571,  0.785]
Action (Tau) : [   nan,    nan,    nan,    nan,    nan,    nan,    nan]
Error (T-F)  : [ 0.019, -0.002,  0.007,  0.001,  0.090, -0.024,  0.001]
------------------------------------------------------------
--- Step 50 ---
Leader (True): [ 0.026, -0.788,  0.010, -2.355,  0.120,  1.540,  0.787]
Leader (Pred): [   nan,    nan,    nan,    nan,    nan,    nan,    nan]
Follower     : [ 0.000, -0.785, -0.000, -2.356,  0.000,  1.571,  0.785]
Action (Tau) : [   nan,    nan,    nan,    nan,    nan,    nan,    nan]
Error (T-F)  : [ 0.026, -0.003,  0.010,  0.001,  0.120, -0.030,  0.002]
------------------------------------------------------------
--- Step 60 ---
Leader (True): [ 0.032, -0.788,  0.012, -2.356,  0.150,  1.535,  0.787]
Leader (Pred): [   nan,    nan,    nan,    nan,    nan,    nan,    nan]
Follower     : [ 0.000, -0.785, -0.000, -2.356,  0.000,  1.571,  0.785]
Action (Tau) : [   nan,    nan,    nan,    nan,    nan,    nan,    nan]
Error (T-F)  : [ 0.032, -0.003,  0.012, -0.000,  0.150, -0.036,  0.002]
------------------------------------------------------------
--- Step 70 ---
Leader (True): [ 0.038, -0.788,  0.015, -2.357,  0.180,  1.529,  0.787]
Leader (Pred): [   nan,    nan,    nan,    nan,    nan,    nan,    nan]
Follower     : [ 0.000, -0.785, -0.000, -2.356,  0.000,  1.571,  0.785]
Action (Tau) : [   nan,    nan,    nan,    nan,    nan,    nan,    nan]
Error (T-F)  : [ 0.038, -0.003,  0.015, -0.001,  0.180, -0.041,  0.002]
------------------------------------------------------------
--- Step 80 ---
Leader (True): [ 0.044, -0.788,  0.017, -2.359,  0.210,  1.525,  0.788]
Leader (Pred): [   nan,    nan,    nan,    nan,    nan,    nan,    nan]
Follower     : [ 0.000, -0.785, -0.000, -2.356,  0.000,  1.571,  0.785]
Action (Tau) : [   nan,    nan,    nan,    nan,    nan,    nan,    nan]
Error (T-F)  : [ 0.044, -0.003,  0.017, -0.003,  0.210, -0.046,  0.003]
------------------------------------------------------------
--- Step 90 ---
Leader (True): [ 0.051, -0.788,  0.020, -2.361,  0.240,  1.521,  0.788]
Leader (Pred): [   nan,    nan,    nan,    nan,    nan,    nan,    nan]
Follower     : [ 0.000, -0.785, -0.000, -2.356,  0.000,  1.571,  0.785]
Action (Tau) : [   nan,    nan,    nan,    nan,    nan,    nan,    nan]
Error (T-F)  : [ 0.051, -0.003,  0.020, -0.005,  0.240, -0.049,  0.003]
------------------------------------------------------------
--- Step 100 ---
Leader (True): [ 0.057, -0.788,  0.023, -2.363,  0.268,  1.519,  0.789]
Leader (Pred): [   nan,    nan,    nan,    nan,    nan,    nan,    nan]
Follower     : [ 0.000, -0.785, -0.000, -2.356,  0.000,  1.571,  0.785]
Action (Tau) : [   nan,    nan,    nan,    nan,    nan,    nan,    nan]
Error (T-F)  : [ 0.057, -0.003,  0.023, -0.007,  0.268, -0.052,  0.004]
------------------------------------------------------------
--- Step 110 ---
Leader (True): [ 0.058, -0.787,  0.024, -2.364,  0.275,  1.522,  0.789]
Leader (Pred): [   nan,    nan,    nan,    nan,    nan,    nan,    nan]
Follower     : [ 0.000, -0.785, -0.000, -2.356,  0.000,  1.571,  0.785]
Action (Tau) : [   nan,    nan,    nan,    nan,    nan,    nan,    nan]
Error (T-F)  : [ 0.058, -0.002,  0.024, -0.008,  0.275, -0.049,  0.004]
------------------------------------------------------------
--- Step 120 ---
Leader (True): [ 0.060, -0.786,  0.025, -2.365,  0.287,  1.532,  0.789]
Leader (Pred): [   nan,    nan,    nan,    nan,    nan,    nan,    nan]
Follower     : [ 0.000, -0.785, -0.000, -2.356,  0.000,  1.571,  0.785]
Action (Tau) : [   nan,    nan,    nan,    nan,    nan,    nan,    nan]
Error (T-F)  : [ 0.060, -0.001,  0.025, -0.009,  0.287, -0.038,  0.004]
------------------------------------------------------------
--- Step 130 ---
Leader (True): [ 0.062, -0.783,  0.027, -2.367,  0.297,  1.549,  0.789]
Leader (Pred): [   nan,    nan,    nan,    nan,    nan,    nan,    nan]
Follower     : [ 0.000, -0.785, -0.000, -2.356,  0.000,  1.571,  0.785]
Action (Tau) : [   nan,    nan,    nan,    nan,    nan,    nan,    nan]
Error (T-F)  : [ 0.062,  0.002,  0.027, -0.011,  0.297, -0.022,  0.004]
------------------------------------------------------------
--- Step 140 ---
Leader (True): [ 0.064, -0.781,  0.029, -2.368,  0.306,  1.568,  0.790]
Leader (Pred): [   nan,    nan,    nan,    nan,    nan,    nan,    nan]
Follower     : [ 0.000, -0.785, -0.000, -2.356,  0.000,  1.571,  0.785]
Action (Tau) : [   nan,    nan,    nan,    nan,    nan,    nan,    nan]
Error (T-F)  : [ 0.064,  0.004,  0.029, -0.012,  0.306, -0.003,  0.005]
------------------------------------------------------------
--- Step 150 ---
Leader (True): [ 0.066, -0.778,  0.032, -2.370,  0.314,  1.588,  0.790]
Leader (Pred): [   nan,    nan,    nan,    nan,    nan,    nan,    nan]
Follower     : [ 0.000, -0.785, -0.000, -2.356,  0.000,  1.571,  0.785]
Action (Tau) : [   nan,    nan,    nan,    nan,    nan,    nan,    nan]
Error (T-F)  : [ 0.066,  0.007,  0.032, -0.014,  0.314,  0.017,  0.005]
------------------------------------------------------------
--- Step 160 ---
Leader (True): [ 0.068, -0.775,  0.034, -2.371,  0.320,  1.609,  0.790]
Leader (Pred): [   nan,    nan,    nan,    nan,    nan,    nan,    nan]
Follower     : [ 0.000, -0.785, -0.000, -2.356,  0.000,  1.571,  0.785]
Action (Tau) : [   nan,    nan,    nan,    nan,    nan,    nan,    nan]
Error (T-F)  : [ 0.068,  0.010,  0.034, -0.015,  0.320,  0.038,  0.005]
------------------------------------------------------------
--- Step 170 ---
Leader (True): [ 0.070, -0.771,  0.036, -2.372,  0.326,  1.631,  0.790]
Leader (Pred): [   nan,    nan,    nan,    nan,    nan,    nan,    nan]
Follower     : [ 0.000, -0.785, -0.000, -2.356,  0.000,  1.571,  0.785]
Action (Tau) : [   nan,    nan,    nan,    nan,    nan,    nan,    nan]
Error (T-F)  : [ 0.070,  0.014,  0.036, -0.016,  0.326,  0.060,  0.005]
------------------------------------------------------------
--- Step 180 ---
Leader (True): [ 0.072, -0.768,  0.038, -2.373,  0.332,  1.653,  0.790]
Leader (Pred): [   nan,    nan,    nan,    nan,    nan,    nan,    nan]
Follower     : [ 0.000, -0.785, -0.000, -2.356,  0.000,  1.571,  0.785]
Action (Tau) : [   nan,    nan,    nan,    nan,    nan,    nan,    nan]
Error (T-F)  : [ 0.072,  0.017,  0.038, -0.017,  0.332,  0.082,  0.005]
------------------------------------------------------------
--- Step 190 ---
Leader (True): [ 0.074, -0.764,  0.041, -2.375,  0.337,  1.675,  0.790]
Leader (Pred): [   nan,    nan,    nan,    nan,    nan,    nan,    nan]
Follower     : [ 0.000, -0.785, -0.000, -2.356,  0.000,  1.571,  0.785]
Action (Tau) : [   nan,    nan,    nan,    nan,    nan,    nan,    nan]
Error (T-F)  : [ 0.074,  0.021,  0.041, -0.019,  0.337,  0.104,  0.005]
------------------------------------------------------------
--- Step 200 ---
Leader (True): [ 0.077, -0.760,  0.043, -2.376,  0.341,  1.696,  0.790]
Leader (Pred): [   nan,    nan,    nan,    nan,    nan,    nan,    nan]
Follower     : [ 0.000, -0.785, -0.000, -2.356,  0.000,  1.571,  0.785]
Action (Tau) : [   nan,    nan,    nan,    nan,    nan,    nan,    nan]
Error (T-F)  : [ 0.077,  0.025,  0.043, -0.020,  0.341,  0.126,  0.005]
------------------------------------------------------------
--- Step 210 ---
Leader (True): [ 0.079, -0.755,  0.046, -2.376,  0.346,  1.718,  0.790]
Leader (Pred): [   nan,    nan,    nan,    nan,    nan,    nan,    nan]
Follower     : [ 0.000, -0.785, -0.000, -2.356,  0.000,  1.571,  0.785]
Action (Tau) : [   nan,    nan,    nan,    nan,    nan,    nan,    nan]
Error (T-F)  : [ 0.079,  0.030,  0.046, -0.020,  0.346,  0.147,  0.005]
------------------------------------------------------------
--- Step 220 ---
Leader (True): [ 0.081, -0.751,  0.048, -2.377,  0.350,  1.740,  0.790]
Leader (Pred): [   nan,    nan,    nan,    nan,    nan,    nan,    nan]
Follower     : [ 0.000, -0.785, -0.000, -2.356,  0.000,  1.571,  0.785]
Action (Tau) : [   nan,    nan,    nan,    nan,    nan,    nan,    nan]
Error (T-F)  : [ 0.081,  0.034,  0.048, -0.021,  0.350,  0.169,  0.005]
------------------------------------------------------------
--- Step 230 ---
Leader (True): [ 0.084, -0.746,  0.051, -2.378,  0.354,  1.761,  0.790]
Leader (Pred): [   nan,    nan,    nan,    nan,    nan,    nan,    nan]
Follower     : [ 0.000, -0.785, -0.000, -2.356,  0.000,  1.571,  0.785]
Action (Tau) : [   nan,    nan,    nan,    nan,    nan,    nan,    nan]
Error (T-F)  : [ 0.084,  0.039,  0.051, -0.022,  0.354,  0.191,  0.005]
------------------------------------------------------------
--- Step 240 ---
Leader (True): [ 0.086, -0.741,  0.054, -2.378,  0.358,  1.783,  0.790]
Leader (Pred): [   nan,    nan,    nan,    nan,    nan,    nan,    nan]
Follower     : [ 0.000, -0.785, -0.000, -2.356,  0.000,  1.571,  0.785]
Action (Tau) : [   nan,    nan,    nan,    nan,    nan,    nan,    nan]
Error (T-F)  : [ 0.086,  0.044,  0.054, -0.022,  0.358,  0.212,  0.005]
------------------------------------------------------------
--- Step 250 ---
Leader (True): [ 0.088, -0.736,  0.056, -2.379,  0.362,  1.804,  0.789]
Leader (Pred): [   nan,    nan,    nan,    nan,    nan,    nan,    nan]
Follower     : [ 0.000, -0.785, -0.000, -2.356,  0.000,  1.571,  0.785]
Action (Tau) : [   nan,    nan,    nan,    nan,    nan,    nan,    nan]
Error (T-F)  : [ 0.088,  0.049,  0.056, -0.023,  0.362,  0.233,  0.004]
------------------------------------------------------------
--- Step 260 ---
Leader (True): [ 0.091, -0.730,  0.059, -2.379,  0.365,  1.825,  0.789]
Leader (Pred): [   nan,    nan,    nan,    nan,    nan,    nan,    nan]
Follower     : [ 0.000, -0.785, -0.000, -2.356,  0.000,  1.571,  0.785]
Action (Tau) : [   nan,    nan,    nan,    nan,    nan,    nan,    nan]
Error (T-F)  : [ 0.091,  0.055,  0.059, -0.023,  0.365,  0.254,  0.004]
------------------------------------------------------------
--- Step 270 ---
Leader (True): [ 0.093, -0.725,  0.062, -2.378,  0.368,  1.846,  0.789]
Leader (Pred): [   nan,    nan,    nan,    nan,    nan,    nan,    nan]
Follower     : [ 0.000, -0.785, -0.000, -2.356,  0.000,  1.571,  0.785]
Action (Tau) : [   nan,    nan,    nan,    nan,    nan,    nan,    nan]
Error (T-F)  : [ 0.093,  0.060,  0.062, -0.022,  0.368,  0.275,  0.004]
------------------------------------------------------------
--- Step 280 ---
Leader (True): [ 0.096, -0.719,  0.064, -2.378,  0.372,  1.866,  0.789]
Leader (Pred): [   nan,    nan,    nan,    nan,    nan,    nan,    nan]
Follower     : [ 0.000, -0.785, -0.000, -2.356,  0.000,  1.571,  0.785]
Action (Tau) : [   nan,    nan,    nan,    nan,    nan,    nan,    nan]
Error (T-F)  : [ 0.096,  0.066,  0.064, -0.022,  0.372,  0.295,  0.004]
------------------------------------------------------------
--- Step 290 ---
Leader (True): [ 0.098, -0.713,  0.067, -2.378,  0.375,  1.886,  0.789]
Leader (Pred): [   nan,    nan,    nan,    nan,    nan,    nan,    nan]
Follower     : [ 0.000, -0.785, -0.000, -2.356,  0.000,  1.571,  0.785]
Action (Tau) : [   nan,    nan,    nan,    nan,    nan,    nan,    nan]
Error (T-F)  : [ 0.098,  0.072,  0.067, -0.022,  0.375,  0.316,  0.004]
------------------------------------------------------------
--- Step 300 ---
Leader (True): [ 0.101, -0.706,  0.070, -2.377,  0.377,  1.906,  0.789]
Leader (Pred): [   nan,    nan,    nan,    nan,    nan,    nan,    nan]
Follower     : [ 0.000, -0.785, -0.000, -2.356,  0.000,  1.571,  0.785]
Action (Tau) : [   nan,    nan,    nan,    nan,    nan,    nan,    nan]
Error (T-F)  : [ 0.101,  0.079,  0.070, -0.021,  0.377,  0.336,  0.004]
------------------------------------------------------------
--- Step 310 ---
Leader (True): [ 0.103, -0.699,  0.072, -2.376,  0.380,  1.926,  0.789]
Leader (Pred): [   nan,    nan,    nan,    nan,    nan,    nan,    nan]
Follower     : [ 0.000, -0.785, -0.000, -2.356,  0.000,  1.571,  0.785]
Action (Tau) : [   nan,    nan,    nan,    nan,    nan,    nan,    nan]
Error (T-F)  : [ 0.103,  0.086,  0.072, -0.020,  0.380,  0.355,  0.004]
------------------------------------------------------------
--- Step 320 ---
Leader (True): [ 0.105, -0.693,  0.075, -2.375,  0.383,  1.945,  0.789]
Leader (Pred): [   nan,    nan,    nan,    nan,    nan,    nan,    nan]
Follower     : [ 0.000, -0.785, -0.000, -2.356,  0.000,  1.571,  0.785]
Action (Tau) : [   nan,    nan,    nan,    nan,    nan,    nan,    nan]
Error (T-F)  : [ 0.105,  0.092,  0.075, -0.019,  0.383,  0.374,  0.004]
------------------------------------------------------------
--- Step 330 ---
Leader (True): [ 0.108, -0.685,  0.078, -2.373,  0.385,  1.964,  0.789]
Leader (Pred): [   nan,    nan,    nan,    nan,    nan,    nan,    nan]
Follower     : [ 0.000, -0.785, -0.000, -2.356,  0.000,  1.571,  0.785]
Action (Tau) : [   nan,    nan,    nan,    nan,    nan,    nan,    nan]
Error (T-F)  : [ 0.108,  0.100,  0.078, -0.017,  0.385,  0.393,  0.004]
------------------------------------------------------------
--- Step 340 ---
Leader (True): [ 0.110, -0.678,  0.081, -2.372,  0.387,  1.982,  0.788]
Leader (Pred): [   nan,    nan,    nan,    nan,    nan,    nan,    nan]
Follower     : [ 0.000, -0.785, -0.000, -2.356,  0.000,  1.571,  0.785]
Action (Tau) : [   nan,    nan,    nan,    nan,    nan,    nan,    nan]
Error (T-F)  : [ 0.110,  0.107,  0.081, -0.016,  0.387,  0.411,  0.003]
------------------------------------------------------------
--- Step 350 ---
Leader (True): [ 0.113, -0.671,  0.083, -2.370,  0.389,  2.000,  0.788]
Leader (Pred): [   nan,    nan,    nan,    nan,    nan,    nan,    nan]
Follower     : [ 0.000, -0.785, -0.000, -2.356,  0.000,  1.571,  0.785]
Action (Tau) : [   nan,    nan,    nan,    nan,    nan,    nan,    nan]
Error (T-F)  : [ 0.113,  0.114,  0.083, -0.014,  0.389,  0.429,  0.003]
------------------------------------------------------------
--- Step 360 ---
Leader (True): [ 0.115, -0.663,  0.086, -2.367,  0.391,  2.017,  0.788]
Leader (Pred): [   nan,    nan,    nan,    nan,    nan,    nan,    nan]
Follower     : [ 0.000, -0.785, -0.000, -2.356,  0.000,  1.571,  0.785]
Action (Tau) : [   nan,    nan,    nan,    nan,    nan,    nan,    nan]
Error (T-F)  : [ 0.115,  0.122,  0.086, -0.011,  0.391,  0.447,  0.003]
------------------------------------------------------------
--- Step 370 ---
Leader (True): [ 0.117, -0.655,  0.088, -2.365,  0.393,  2.034,  0.788]
Leader (Pred): [   nan,    nan,    nan,    nan,    nan,    nan,    nan]
Follower     : [ 0.000, -0.785, -0.000, -2.356,  0.000,  1.571,  0.785]
Action (Tau) : [   nan,    nan,    nan,    nan,    nan,    nan,    nan]
Error (T-F)  : [ 0.117,  0.130,  0.088, -0.009,  0.393,  0.463,  0.003]
------------------------------------------------------------
--- Step 380 ---
Leader (True): [ 0.120, -0.647,  0.091, -2.362,  0.395,  2.051,  0.788]
Leader (Pred): [   nan,    nan,    nan,    nan,    nan,    nan,    nan]
Follower     : [ 0.000, -0.785, -0.000, -2.356,  0.000,  1.571,  0.785]
Action (Tau) : [   nan,    nan,    nan,    nan,    nan,    nan,    nan]
Error (T-F)  : [ 0.120,  0.138,  0.091, -0.006,  0.395,  0.480,  0.003]
------------------------------------------------------------
--- Step 390 ---
Leader (True): [ 0.122, -0.639,  0.093, -2.359,  0.396,  2.067,  0.788]
Leader (Pred): [   nan,    nan,    nan,    nan,    nan,    nan,    nan]
Follower     : [ 0.000, -0.785, -0.000, -2.356,  0.000,  1.571,  0.785]
Action (Tau) : [   nan,    nan,    nan,    nan,    nan,    nan,    nan]
Error (T-F)  : [ 0.122,  0.146,  0.093, -0.003,  0.396,  0.496,  0.003]
------------------------------------------------------------
--- Step 400 ---
Leader (True): [ 0.124, -0.631,  0.095, -2.356,  0.398,  2.082,  0.788]
Leader (Pred): [   nan,    nan,    nan,    nan,    nan,    nan,    nan]
Follower     : [ 0.000, -0.785, -0.000, -2.356,  0.000,  1.571,  0.785]
Action (Tau) : [   nan,    nan,    nan,    nan,    nan,    nan,    nan]
Error (T-F)  : [ 0.124,  0.154,  0.095, -0.000,  0.398,  0.511,  0.003]
------------------------------------------------------------
--- Step 410 ---
Leader (True): [ 0.127, -0.622,  0.098, -2.353,  0.399,  2.097,  0.788]
Leader (Pred): [   nan,    nan,    nan,    nan,    nan,    nan,    nan]
Follower     : [ 0.000, -0.785, -0.000, -2.356,  0.000,  1.571,  0.785]
Action (Tau) : [   nan,    nan,    nan,    nan,    nan,    nan,    nan]
Error (T-F)  : [ 0.127,  0.163,  0.098,  0.003,  0.399,  0.527,  0.003]
------------------------------------------------------------
--- Step 420 ---
Leader (True): [ 0.129, -0.614,  0.100, -2.349,  0.400,  2.112,  0.788]
Leader (Pred): [   nan,    nan,    nan,    nan,    nan,    nan,    nan]
Follower     : [ 0.000, -0.785, -0.000, -2.356,  0.000,  1.571,  0.785]
Action (Tau) : [   nan,    nan,    nan,    nan,    nan,    nan,    nan]
Error (T-F)  : [ 0.129,  0.171,  0.100,  0.007,  0.400,  0.541,  0.003]
------------------------------------------------------------
--- Step 430 ---
Leader (True): [ 0.131, -0.605,  0.102, -2.346,  0.401,  2.126,  0.787]
Leader (Pred): [   nan,    nan,    nan,    nan,    nan,    nan,    nan]
Follower     : [ 0.000, -0.785, -0.000, -2.356,  0.000,  1.571,  0.785]
Action (Tau) : [   nan,    nan,    nan,    nan,    nan,    nan,    nan]
Error (T-F)  : [ 0.131,  0.180,  0.102,  0.010,  0.401,  0.555,  0.002]
------------------------------------------------------------
--- Step 440 ---
Leader (True): [ 0.133, -0.597,  0.104, -2.342,  0.402,  2.139,  0.787]
Leader (Pred): [   nan,    nan,    nan,    nan,    nan,    nan,    nan]
Follower     : [ 0.000, -0.785, -0.000, -2.356,  0.000,  1.571,  0.785]
Action (Tau) : [   nan,    nan,    nan,    nan,    nan,    nan,    nan]
Error (T-F)  : [ 0.133,  0.188,  0.104,  0.014,  0.402,  0.569,  0.002]
------------------------------------------------------------
--- Step 450 ---
Leader (True): [ 0.135, -0.588,  0.106, -2.338,  0.403,  2.152,  0.787]
Leader (Pred): [   nan,    nan,    nan,    nan,    nan,    nan,    nan]
Follower     : [ 0.000, -0.785, -0.000, -2.356,  0.000,  1.571,  0.785]
Action (Tau) : [   nan,    nan,    nan,    nan,    nan,    nan,    nan]
Error (T-F)  : [ 0.135,  0.197,  0.106,  0.018,  0.403,  0.582,  0.002]
------------------------------------------------------------
--- Step 460 ---
Leader (True): [ 0.137, -0.579,  0.108, -2.333,  0.404,  2.165,  0.787]
Leader (Pred): [   nan,    nan,    nan,    nan,    nan,    nan,    nan]
Follower     : [ 0.000, -0.785, -0.000, -2.356,  0.000,  1.571,  0.785]
Action (Tau) : [   nan,    nan,    nan,    nan,    nan,    nan,    nan]
Error (T-F)  : [ 0.137,  0.206,  0.108,  0.023,  0.404,  0.594,  0.002]
------------------------------------------------------------
--- Step 470 ---
Leader (True): [ 0.139, -0.571,  0.110, -2.329,  0.405,  2.177,  0.787]
Leader (Pred): [   nan,    nan,    nan,    nan,    nan,    nan,    nan]
Follower     : [ 0.000, -0.785, -0.000, -2.356,  0.000,  1.571,  0.785]
Action (Tau) : [   nan,    nan,    nan,    nan,    nan,    nan,    nan]
Error (T-F)  : [ 0.139,  0.214,  0.110,  0.027,  0.405,  0.606,  0.002]
------------------------------------------------------------
--- Step 480 ---
Leader (True): [ 0.141, -0.562,  0.112, -2.324,  0.406,  2.189,  0.787]
Leader (Pred): [   nan,    nan,    nan,    nan,    nan,    nan,    nan]
Follower     : [ 0.000, -0.785, -0.000, -2.356,  0.000,  1.571,  0.785]
Action (Tau) : [   nan,    nan,    nan,    nan,    nan,    nan,    nan]
Error (T-F)  : [ 0.141,  0.223,  0.112,  0.032,  0.406,  0.618,  0.002]
------------------------------------------------------------
--- Step 490 ---
Leader (True): [ 0.143, -0.554,  0.114, -2.320,  0.407,  2.200,  0.787]
Leader (Pred): [   nan,    nan,    nan,    nan,    nan,    nan,    nan]
Follower     : [ 0.000, -0.785, -0.000, -2.356,  0.000,  1.571,  0.785]
Action (Tau) : [   nan,    nan,    nan,    nan,    nan,    nan,    nan]
Error (T-F)  : [ 0.143,  0.231,  0.114,  0.036,  0.407,  0.629,  0.002]
------------------------------------------------------------
--- Step 500 ---
Leader (True): [ 0.145, -0.545,  0.116, -2.315,  0.407,  2.210,  0.787]
Leader (Pred): [   nan,    nan,    nan,    nan,    nan,    nan,    nan]
Follower     : [ 0.000, -0.785, -0.000, -2.356,  0.000,  1.571,  0.785]
Action (Tau) : [   nan,    nan,    nan,    nan,    nan,    nan,    nan]
Error (T-F)  : [ 0.145,  0.240,  0.116,  0.041,  0.407,  0.639,  0.002]
------------------------------------------------------------
--- Step 510 ---
Leader (True): [ 0.147, -0.536,  0.117, -2.310,  0.408,  2.220,  0.787]
Leader (Pred): [   nan,    nan,    nan,    nan,    nan,    nan,    nan]
Follower     : [ 0.000, -0.785, -0.000, -2.356,  0.000,  1.571,  0.785]
Action (Tau) : [   nan,    nan,    nan,    nan,    nan,    nan,    nan]
Error (T-F)  : [ 0.147,  0.249,  0.117,  0.046,  0.408,  0.650,  0.002]
------------------------------------------------------------
--- Step 520 ---
Leader (True): [ 0.149, -0.528,  0.119, -2.305,  0.409,  2.230,  0.787]
Leader (Pred): [   nan,    nan,    nan,    nan,    nan,    nan,    nan]
Follower     : [ 0.000, -0.785, -0.000, -2.356,  0.000,  1.571,  0.785]
Action (Tau) : [   nan,    nan,    nan,    nan,    nan,    nan,    nan]
Error (T-F)  : [ 0.149,  0.257,  0.119,  0.051,  0.409,  0.659,  0.002]
------------------------------------------------------------
--- Step 530 ---
Leader (True): [ 0.151, -0.519,  0.121, -2.300,  0.409,  2.239,  0.787]
Leader (Pred): [   nan,    nan,    nan,    nan,    nan,    nan,    nan]
Follower     : [ 0.000, -0.785, -0.000, -2.356,  0.000,  1.571,  0.785]
Action (Tau) : [   nan,    nan,    nan,    nan,    nan,    nan,    nan]
Error (T-F)  : [ 0.151,  0.266,  0.121,  0.056,  0.409,  0.669,  0.002]
------------------------------------------------------------
--- Step 540 ---
Leader (True): [ 0.153, -0.511,  0.122, -2.295,  0.410,  2.248,  0.787]
Leader (Pred): [   nan,    nan,    nan,    nan,    nan,    nan,    nan]
Follower     : [ 0.000, -0.785, -0.000, -2.356,  0.000,  1.571,  0.785]
Action (Tau) : [   nan,    nan,    nan,    nan,    nan,    nan,    nan]
Error (T-F)  : [ 0.153,  0.274,  0.122,  0.061,  0.410,  0.677,  0.002]
------------------------------------------------------------
--- Step 550 ---
Leader (True): [ 0.154, -0.503,  0.124, -2.289,  0.411,  2.257,  0.787]
Leader (Pred): [   nan,    nan,    nan,    nan,    nan,    nan,    nan]
Follower     : [ 0.000, -0.785, -0.000, -2.356,  0.000,  1.571,  0.785]
Action (Tau) : [   nan,    nan,    nan,    nan,    nan,    nan,    nan]
Error (T-F)  : [ 0.154,  0.282,  0.124,  0.067,  0.411,  0.686,  0.002]
------------------------------------------------------------
--- Step 560 ---
Leader (True): [ 0.156, -0.495,  0.125, -2.284,  0.411,  2.265,  0.787]
Leader (Pred): [   nan,    nan,    nan,    nan,    nan,    nan,    nan]
Follower     : [ 0.000, -0.785, -0.000, -2.356,  0.000,  1.571,  0.785]
Action (Tau) : [   nan,    nan,    nan,    nan,    nan,    nan,    nan]
Error (T-F)  : [ 0.156,  0.290,  0.125,  0.072,  0.411,  0.694,  0.002]
------------------------------------------------------------
--- Step 570 ---
Leader (True): [ 0.157, -0.487,  0.127, -2.279,  0.412,  2.272,  0.787]
Leader (Pred): [   nan,    nan,    nan,    nan,    nan,    nan,    nan]
Follower     : [ 0.000, -0.785, -0.000, -2.356,  0.000,  1.571,  0.785]
Action (Tau) : [   nan,    nan,    nan,    nan,    nan,    nan,    nan]
Error (T-F)  : [ 0.157,  0.298,  0.127,  0.077,  0.412,  0.702,  0.002]
------------------------------------------------------------
--- Step 580 ---
Leader (True): [ 0.159, -0.479,  0.129, -2.274,  0.413,  2.280,  0.787]
Leader (Pred): [   nan,    nan,    nan,    nan,    nan,    nan,    nan]
Follower     : [ 0.000, -0.785, -0.000, -2.356,  0.000,  1.571,  0.785]
Action (Tau) : [   nan,    nan,    nan,    nan,    nan,    nan,    nan]
Error (T-F)  : [ 0.159,  0.306,  0.129,  0.082,  0.413,  0.709,  0.002]
------------------------------------------------------------
--- Step 590 ---
Leader (True): [ 0.160, -0.471,  0.130, -2.269,  0.413,  2.286,  0.787]
Leader (Pred): [   nan,    nan,    nan,    nan,    nan,    nan,    nan]
Follower     : [ 0.000, -0.785, -0.000, -2.356,  0.000,  1.571,  0.785]
Action (Tau) : [   nan,    nan,    nan,    nan,    nan,    nan,    nan]
Error (T-F)  : [ 0.160,  0.314,  0.130,  0.087,  0.413,  0.716,  0.002]
------------------------------------------------------------
--- Step 600 ---
Leader (True): [ 0.162, -0.464,  0.132, -2.263,  0.414,  2.293,  0.787]
Leader (Pred): [   nan,    nan,    nan,    nan,    nan,    nan,    nan]
Follower     : [ 0.000, -0.785, -0.000, -2.356,  0.000,  1.571,  0.785]
Action (Tau) : [   nan,    nan,    nan,    nan,    nan,    nan,    nan]
Error (T-F)  : [ 0.162,  0.321,  0.132,  0.093,  0.414,  0.722,  0.002]
------------------------------------------------------------
--- Step 610 ---
Leader (True): [ 0.163, -0.456,  0.133, -2.258,  0.415,  2.299,  0.787]
Leader (Pred): [   nan,    nan,    nan,    nan,    nan,    nan,    nan]
Follower     : [ 0.000, -0.785, -0.000, -2.356,  0.000,  1.571,  0.785]
Action (Tau) : [   nan,    nan,    nan,    nan,    nan,    nan,    nan]
Error (T-F)  : [ 0.163,  0.329,  0.133,  0.098,  0.415,  0.728,  0.002]
------------------------------------------------------------
--- Step 620 ---
Leader (True): [ 0.165, -0.449,  0.135, -2.253,  0.415,  2.305,  0.787]
Leader (Pred): [   nan,    nan,    nan,    nan,    nan,    nan,    nan]
Follower     : [ 0.000, -0.785, -0.000, -2.356,  0.000,  1.571,  0.785]
Action (Tau) : [   nan,    nan,    nan,    nan,    nan,    nan,    nan]
Error (T-F)  : [ 0.165,  0.336,  0.135,  0.103,  0.415,  0.734,  0.002]
------------------------------------------------------------
--- Step 630 ---
Leader (True): [ 0.166, -0.442,  0.136, -2.248,  0.416,  2.311,  0.787]
Leader (Pred): [   nan,    nan,    nan,    nan,    nan,    nan,    nan]
Follower     : [ 0.000, -0.785, -0.000, -2.356,  0.000,  1.571,  0.785]
Action (Tau) : [   nan,    nan,    nan,    nan,    nan,    nan,    nan]
Error (T-F)  : [ 0.166,  0.343,  0.136,  0.108,  0.416,  0.740,  0.002]
------------------------------------------------------------
--- Step 640 ---
Leader (True): [ 0.167, -0.435,  0.138, -2.243,  0.417,  2.316,  0.787]
Leader (Pred): [   nan,    nan,    nan,    nan,    nan,    nan,    nan]
Follower     : [ 0.000, -0.785, -0.000, -2.356,  0.000,  1.571,  0.785]
Action (Tau) : [   nan,    nan,    nan,    nan,    nan,    nan,    nan]
Error (T-F)  : [ 0.167,  0.350,  0.138,  0.113,  0.417,  0.745,  0.002]
------------------------------------------------------------
--- Step 650 ---
Leader (True): [ 0.168, -0.429,  0.139, -2.238,  0.418,  2.321,  0.786]
Leader (Pred): [   nan,    nan,    nan,    nan,    nan,    nan,    nan]
Follower     : [ 0.000, -0.785, -0.000, -2.356,  0.000,  1.571,  0.785]
Action (Tau) : [   nan,    nan,    nan,    nan,    nan,    nan,    nan]
Error (T-F)  : [ 0.168,  0.356,  0.139,  0.118,  0.418,  0.750,  0.001]
------------------------------------------------------------
--- Step 660 ---
Leader (True): [ 0.169, -0.422,  0.141, -2.233,  0.419,  2.325,  0.786]
Leader (Pred): [   nan,    nan,    nan,    nan,    nan,    nan,    nan]
Follower     : [ 0.000, -0.785, -0.000, -2.356,  0.000,  1.571,  0.785]
Action (Tau) : [   nan,    nan,    nan,    nan,    nan,    nan,    nan]
Error (T-F)  : [ 0.169,  0.363,  0.141,  0.123,  0.419,  0.755,  0.001]
------------------------------------------------------------
--- Step 670 ---
Leader (True): [ 0.171, -0.416,  0.142, -2.228,  0.420,  2.330,  0.786]
Leader (Pred): [   nan,    nan,    nan,    nan,    nan,    nan,    nan]
Follower     : [ 0.000, -0.785, -0.000, -2.356,  0.000,  1.571,  0.785]
Action (Tau) : [   nan,    nan,    nan,    nan,    nan,    nan,    nan]
Error (T-F)  : [ 0.171,  0.369,  0.142,  0.128,  0.420,  0.759,  0.001]
------------------------------------------------------------
--- Step 680 ---
Leader (True): [ 0.172, -0.410,  0.144, -2.224,  0.421,  2.334,  0.786]
Leader (Pred): [   nan,    nan,    nan,    nan,    nan,    nan,    nan]
Follower     : [ 0.000, -0.785, -0.000, -2.356,  0.000,  1.571,  0.785]
Action (Tau) : [   nan,    nan,    nan,    nan,    nan,    nan,    nan]
Error (T-F)  : [ 0.172,  0.375,  0.144,  0.132,  0.421,  0.763,  0.001]
------------------------------------------------------------
--- Step 690 ---
Leader (True): [ 0.173, -0.404,  0.145, -2.219,  0.422,  2.338,  0.786]
Leader (Pred): [   nan,    nan,    nan,    nan,    nan,    nan,    nan]
Follower     : [ 0.000, -0.785, -0.000, -2.356,  0.000,  1.571,  0.785]
Action (Tau) : [   nan,    nan,    nan,    nan,    nan,    nan,    nan]
Error (T-F)  : [ 0.173,  0.381,  0.145,  0.137,  0.422,  0.767,  0.001]
------------------------------------------------------------
--- Step 700 ---
Leader (True): [ 0.174, -0.398,  0.147, -2.215,  0.423,  2.341,  0.786]
Leader (Pred): [   nan,    nan,    nan,    nan,    nan,    nan,    nan]
Follower     : [ 0.000, -0.785, -0.000, -2.356,  0.000,  1.571,  0.785]
Action (Tau) : [   nan,    nan,    nan,    nan,    nan,    nan,    nan]
Error (T-F)  : [ 0.174,  0.387,  0.147,  0.141,  0.423,  0.771,  0.001]
------------------------------------------------------------
--- Step 710 ---
Leader (True): [ 0.175, -0.393,  0.148, -2.210,  0.424,  2.345,  0.786]
Leader (Pred): [   nan,    nan,    nan,    nan,    nan,    nan,    nan]
Follower     : [ 0.000, -0.785, -0.000, -2.356,  0.000,  1.571,  0.785]
Action (Tau) : [   nan,    nan,    nan,    nan,    nan,    nan,    nan]
Error (T-F)  : [ 0.175,  0.392,  0.148,  0.146,  0.424,  0.774,  0.001]
------------------------------------------------------------
--- Step 720 ---
Leader (True): [ 0.175, -0.387,  0.150, -2.206,  0.425,  2.348,  0.786]
Leader (Pred): [   nan,    nan,    nan,    nan,    nan,    nan,    nan]
Follower     : [ 0.000, -0.785, -0.000, -2.356,  0.000,  1.571,  0.785]
Action (Tau) : [   nan,    nan,    nan,    nan,    nan,    nan,    nan]
Error (T-F)  : [ 0.175,  0.398,  0.150,  0.150,  0.425,  0.777,  0.001]
------------------------------------------------------------
--- Step 730 ---
Leader (True): [ 0.176, -0.382,  0.151, -2.202,  0.426,  2.351,  0.786]
Leader (Pred): [   nan,    nan,    nan,    nan,    nan,    nan,    nan]
Follower     : [ 0.000, -0.785, -0.000, -2.356,  0.000,  1.571,  0.785]
Action (Tau) : [   nan,    nan,    nan,    nan,    nan,    nan,    nan]
Error (T-F)  : [ 0.176,  0.403,  0.151,  0.154,  0.426,  0.780,  0.001]
------------------------------------------------------------
--- Step 740 ---
Leader (True): [ 0.177, -0.378,  0.153, -2.198,  0.427,  2.353,  0.786]
Leader (Pred): [   nan,    nan,    nan,    nan,    nan,    nan,    nan]
Follower     : [ 0.000, -0.785, -0.000, -2.356,  0.000,  1.571,  0.785]
Action (Tau) : [   nan,    nan,    nan,    nan,    nan,    nan,    nan]
Error (T-F)  : [ 0.177,  0.407,  0.153,  0.158,  0.427,  0.782,  0.001]
------------------------------------------------------------
--- Step 750 ---
Leader (True): [ 0.178, -0.373,  0.154, -2.194,  0.429,  2.356,  0.786]
Leader (Pred): [   nan,    nan,    nan,    nan,    nan,    nan,    nan]
Follower     : [ 0.000, -0.785, -0.000, -2.356,  0.000,  1.571,  0.785]
Action (Tau) : [   nan,    nan,    nan,    nan,    nan,    nan,    nan]
Error (T-F)  : [ 0.178,  0.412,  0.154,  0.162,  0.429,  0.785,  0.001]
------------------------------------------------------------
--- Step 760 ---
Leader (True): [ 0.179, -0.369,  0.156, -2.191,  0.430,  2.358,  0.786]
Leader (Pred): [   nan,    nan,    nan,    nan,    nan,    nan,    nan]
Follower     : [ 0.000, -0.785, -0.000, -2.356,  0.000,  1.571,  0.785]
Action (Tau) : [   nan,    nan,    nan,    nan,    nan,    nan,    nan]
Error (T-F)  : [ 0.179,  0.416,  0.156,  0.165,  0.430,  0.787,  0.001]
------------------------------------------------------------
--- Step 770 ---
Leader (True): [ 0.180, -0.364,  0.157, -2.187,  0.432,  2.360,  0.786]
Leader (Pred): [   nan,    nan,    nan,    nan,    nan,    nan,    nan]
Follower     : [ 0.000, -0.785, -0.000, -2.356,  0.000,  1.571,  0.785]
Action (Tau) : [   nan,    nan,    nan,    nan,    nan,    nan,    nan]
Error (T-F)  : [ 0.180,  0.421,  0.157,  0.169,  0.432,  0.789,  0.001]
------------------------------------------------------------
--- Step 780 ---
Leader (True): [ 0.180, -0.361,  0.159, -2.184,  0.433,  2.362,  0.786]
Leader (Pred): [   nan,    nan,    nan,    nan,    nan,    nan,    nan]
Follower     : [ 0.000, -0.785, -0.000, -2.356,  0.000,  1.571,  0.785]
Action (Tau) : [   nan,    nan,    nan,    nan,    nan,    nan,    nan]
Error (T-F)  : [ 0.180,  0.424,  0.159,  0.172,  0.433,  0.791,  0.001]
------------------------------------------------------------
--- Step 790 ---
Leader (True): [ 0.181, -0.357,  0.160, -2.181,  0.435,  2.363,  0.786]
Leader (Pred): [   nan,    nan,    nan,    nan,    nan,    nan,    nan]
Follower     : [ 0.000, -0.785, -0.000, -2.356,  0.000,  1.571,  0.785]
Action (Tau) : [   nan,    nan,    nan,    nan,    nan,    nan,    nan]
Error (T-F)  : [ 0.181,  0.428,  0.160,  0.175,  0.435,  0.792,  0.001]
------------------------------------------------------------
--- Step 800 ---
Leader (True): [ 0.182, -0.353,  0.162, -2.178,  0.436,  2.365,  0.786]
Leader (Pred): [   nan,    nan,    nan,    nan,    nan,    nan,    nan]
Follower     : [ 0.000, -0.785, -0.000, -2.356,  0.000,  1.571,  0.785]
Action (Tau) : [   nan,    nan,    nan,    nan,    nan,    nan,    nan]
Error (T-F)  : [ 0.182,  0.432,  0.162,  0.178,  0.436,  0.794,  0.001]
------------------------------------------------------------
--- Step 810 ---
Leader (True): [ 0.183, -0.350,  0.163, -2.175,  0.438,  2.366,  0.786]
Leader (Pred): [   nan,    nan,    nan,    nan,    nan,    nan,    nan]
Follower     : [ 0.000, -0.785, -0.000, -2.356,  0.000,  1.571,  0.785]
Action (Tau) : [   nan,    nan,    nan,    nan,    nan,    nan,    nan]
Error (T-F)  : [ 0.183,  0.435,  0.163,  0.181,  0.438,  0.795,  0.001]
------------------------------------------------------------
--- Step 820 ---
Leader (True): [ 0.183, -0.347,  0.165, -2.172,  0.440,  2.367,  0.786]
Leader (Pred): [   nan,    nan,    nan,    nan,    nan,    nan,    nan]
Follower     : [ 0.000, -0.785, -0.000, -2.356,  0.000,  1.571,  0.785]
Action (Tau) : [   nan,    nan,    nan,    nan,    nan,    nan,    nan]
Error (T-F)  : [ 0.183,  0.438,  0.165,  0.184,  0.440,  0.796,  0.001]
------------------------------------------------------------
--- Step 830 ---
Leader (True): [ 0.184, -0.344,  0.166, -2.170,  0.442,  2.368,  0.786]
Leader (Pred): [   nan,    nan,    nan,    nan,    nan,    nan,    nan]
Follower     : [ 0.000, -0.785, -0.000, -2.356,  0.000,  1.571,  0.785]
Action (Tau) : [   nan,    nan,    nan,    nan,    nan,    nan,    nan]
Error (T-F)  : [ 0.184,  0.441,  0.166,  0.186,  0.442,  0.797,  0.001]
------------------------------------------------------------
--- Step 840 ---
Leader (True): [ 0.185, -0.342,  0.168, -2.168,  0.444,  2.368,  0.785]
Leader (Pred): [   nan,    nan,    nan,    nan,    nan,    nan,    nan]
Follower     : [ 0.000, -0.785, -0.000, -2.356,  0.000,  1.571,  0.785]
Action (Tau) : [   nan,    nan,    nan,    nan,    nan,    nan,    nan]
Error (T-F)  : [ 0.185,  0.443,  0.168,  0.188,  0.444,  0.797,  0.000]
------------------------------------------------------------
--- Step 850 ---
Leader (True): [ 0.185, -0.340,  0.169, -2.166,  0.446,  2.369,  0.785]
Leader (Pred): [   nan,    nan,    nan,    nan,    nan,    nan,    nan]
Follower     : [ 0.000, -0.785, -0.000, -2.356,  0.000,  1.571,  0.785]
Action (Tau) : [   nan,    nan,    nan,    nan,    nan,    nan,    nan]
Error (T-F)  : [ 0.185,  0.445,  0.169,  0.190,  0.446,  0.798,  0.000]
------------------------------------------------------------
--- Step 860 ---
Leader (True): [ 0.186, -0.338,  0.171, -2.164,  0.448,  2.369,  0.785]
Leader (Pred): [   nan,    nan,    nan,    nan,    nan,    nan,    nan]
Follower     : [ 0.000, -0.785, -0.000, -2.356,  0.000,  1.571,  0.785]
Action (Tau) : [   nan,    nan,    nan,    nan,    nan,    nan,    nan]
Error (T-F)  : [ 0.186,  0.447,  0.171,  0.192,  0.448,  0.798,  0.000]
------------------------------------------------------------
--- Step 870 ---
Leader (True): [ 0.187, -0.336,  0.172, -2.162,  0.450,  2.369,  0.785]
Leader (Pred): [   nan,    nan,    nan,    nan,    nan,    nan,    nan]
Follower     : [ 0.000, -0.785, -0.000, -2.356,  0.000,  1.571,  0.785]
Action (Tau) : [   nan,    nan,    nan,    nan,    nan,    nan,    nan]
Error (T-F)  : [ 0.187,  0.449,  0.172,  0.194,  0.450,  0.798,  0.000]
------------------------------------------------------------
--- Step 880 ---
Leader (True): [ 0.188, -0.334,  0.174, -2.160,  0.453,  2.369,  0.785]
Leader (Pred): [   nan,    nan,    nan,    nan,    nan,    nan,    nan]
Follower     : [ 0.000, -0.785, -0.000, -2.356,  0.000,  1.571,  0.785]
Action (Tau) : [   nan,    nan,    nan,    nan,    nan,    nan,    nan]
Error (T-F)  : [ 0.188,  0.451,  0.174,  0.196,  0.453,  0.798,  0.000]
------------------------------------------------------------
--- Step 890 ---
Leader (True): [ 0.188, -0.333,  0.175, -2.159,  0.455,  2.369,  0.785]
Leader (Pred): [   nan,    nan,    nan,    nan,    nan,    nan,    nan]
Follower     : [ 0.000, -0.785, -0.000, -2.356,  0.000,  1.571,  0.785]
Action (Tau) : [   nan,    nan,    nan,    nan,    nan,    nan,    nan]
Error (T-F)  : [ 0.188,  0.452,  0.175,  0.197,  0.455,  0.798,  0.000]
------------------------------------------------------------
--- Step 900 ---
Leader (True): [ 0.189, -0.332,  0.176, -2.158,  0.457,  2.368,  0.785]
Leader (Pred): [   nan,    nan,    nan,    nan,    nan,    nan,    nan]
Follower     : [ 0.000, -0.785, -0.000, -2.356,  0.000,  1.571,  0.785]
Action (Tau) : [   nan,    nan,    nan,    nan,    nan,    nan,    nan]
Error (T-F)  : [ 0.189,  0.453,  0.176,  0.198,  0.457,  0.797,  0.000]
------------------------------------------------------------
--- Step 910 ---
Leader (True): [ 0.190, -0.331,  0.177, -2.157,  0.460,  2.367,  0.785]
Leader (Pred): [   nan,    nan,    nan,    nan,    nan,    nan,    nan]
Follower     : [ 0.000, -0.785, -0.000, -2.356,  0.000,  1.571,  0.785]
Action (Tau) : [   nan,    nan,    nan,    nan,    nan,    nan,    nan]
Error (T-F)  : [ 0.190,  0.454,  0.177,  0.199,  0.460,  0.797, -0.000]
------------------------------------------------------------
--- Step 920 ---
Leader (True): [ 0.191, -0.330,  0.179, -2.156,  0.462,  2.367,  0.785]
Leader (Pred): [   nan,    nan,    nan,    nan,    nan,    nan,    nan]
Follower     : [ 0.000, -0.785, -0.000, -2.356,  0.000,  1.571,  0.785]
Action (Tau) : [   nan,    nan,    nan,    nan,    nan,    nan,    nan]
Error (T-F)  : [ 0.191,  0.455,  0.179,  0.200,  0.462,  0.796, -0.000]
------------------------------------------------------------
--- Step 930 ---
Leader (True): [ 0.192, -0.329,  0.180, -2.155,  0.465,  2.366,  0.785]
Leader (Pred): [   nan,    nan,    nan,    nan,    nan,    nan,    nan]
Follower     : [ 0.000, -0.785, -0.000, -2.356,  0.000,  1.571,  0.785]
Action (Tau) : [   nan,    nan,    nan,    nan,    nan,    nan,    nan]
Error (T-F)  : [ 0.192,  0.456,  0.180,  0.201,  0.465,  0.795, -0.000]
------------------------------------------------------------
--- Step 940 ---
Leader (True): [ 0.193, -0.329,  0.181, -2.155,  0.468,  2.365,  0.785]
Leader (Pred): [   nan,    nan,    nan,    nan,    nan,    nan,    nan]
Follower     : [ 0.000, -0.785, -0.000, -2.356,  0.000,  1.571,  0.785]
Action (Tau) : [   nan,    nan,    nan,    nan,    nan,    nan,    nan]
Error (T-F)  : [ 0.193,  0.456,  0.181,  0.201,  0.468,  0.794, -0.000]
------------------------------------------------------------
--- Step 950 ---
Leader (True): [ 0.194, -0.329,  0.182, -2.155,  0.470,  2.363,  0.785]
Leader (Pred): [   nan,    nan,    nan,    nan,    nan,    nan,    nan]
Follower     : [ 0.000, -0.785, -0.000, -2.356,  0.000,  1.571,  0.785]
Action (Tau) : [   nan,    nan,    nan,    nan,    nan,    nan,    nan]
Error (T-F)  : [ 0.194,  0.456,  0.182,  0.201,  0.470,  0.792, -0.000]
------------------------------------------------------------
--- Step 960 ---
Leader (True): [ 0.194, -0.329,  0.183, -2.154,  0.473,  2.362,  0.785]
Leader (Pred): [   nan,    nan,    nan,    nan,    nan,    nan,    nan]
Follower     : [ 0.000, -0.785, -0.000, -2.356,  0.000,  1.571,  0.785]
Action (Tau) : [   nan,    nan,    nan,    nan,    nan,    nan,    nan]
Error (T-F)  : [ 0.194,  0.456,  0.183,  0.202,  0.473,  0.791, -0.000]
------------------------------------------------------------
--- Step 970 ---
Leader (True): [ 0.195, -0.329,  0.184, -2.154,  0.476,  2.360,  0.784]
Leader (Pred): [   nan,    nan,    nan,    nan,    nan,    nan,    nan]
Follower     : [ 0.000, -0.785, -0.000, -2.356,  0.000,  1.571,  0.785]
Action (Tau) : [   nan,    nan,    nan,    nan,    nan,    nan,    nan]
Error (T-F)  : [ 0.195,  0.456,  0.184,  0.202,  0.476,  0.789, -0.001]
------------------------------------------------------------
--- Step 980 ---
Leader (True): [ 0.196, -0.329,  0.184, -2.154,  0.479,  2.358,  0.784]
Leader (Pred): [   nan,    nan,    nan,    nan,    nan,    nan,    nan]
Follower     : [ 0.000, -0.785, -0.000, -2.356,  0.000,  1.571,  0.785]
Action (Tau) : [   nan,    nan,    nan,    nan,    nan,    nan,    nan]
Error (T-F)  : [ 0.196,  0.456,  0.184,  0.202,  0.479,  0.788, -0.001]
------------------------------------------------------------
--- Step 990 ---
Leader (True): [ 0.197, -0.330,  0.185, -2.155,  0.482,  2.357,  0.784]
Leader (Pred): [   nan,    nan,    nan,    nan,    nan,    nan,    nan]
Follower     : [ 0.000, -0.785, -0.000, -2.356,  0.000,  1.571,  0.785]
Action (Tau) : [   nan,    nan,    nan,    nan,    nan,    nan,    nan]
Error (T-F)  : [ 0.197,  0.455,  0.185,  0.201,  0.482,  0.786, -0.001]
------------------------------------------------------------
--- Step 1000 ---
Leader (True): [ 0.198, -0.331,  0.186, -2.155,  0.484,  2.354,  0.784]
Leader (Pred): [   nan,    nan,    nan,    nan,    nan,    nan,    nan]
Follower     : [ 0.000, -0.785, -0.000, -2.356,  0.000,  1.571,  0.785]
Action (Tau) : [   nan,    nan,    nan,    nan,    nan,    nan,    nan]
Error (T-F)  : [ 0.198,  0.454,  0.186,  0.201,  0.484,  0.784, -0.001]
------------------------------------------------------------
--- Step 1010 ---
Leader (True): [ 0.199, -0.331,  0.187, -2.155,  0.487,  2.352,  0.784]
Leader (Pred): [   nan,    nan,    nan,    nan,    nan,    nan,    nan]
Follower     : [ 0.000, -0.785, -0.000, -2.356,  0.000,  1.571,  0.785]
Action (Tau) : [   nan,    nan,    nan,    nan,    nan,    nan,    nan]
Error (T-F)  : [ 0.199,  0.454,  0.187,  0.201,  0.487,  0.781, -0.001]
------------------------------------------------------------
--- Step 1020 ---
Leader (True): [ 0.200, -0.332,  0.187, -2.156,  0.490,  2.350,  0.784]
Leader (Pred): [   nan,    nan,    nan,    nan,    nan,    nan,    nan]
Follower     : [ 0.000, -0.785, -0.000, -2.356,  0.000,  1.571,  0.785]
Action (Tau) : [   nan,    nan,    nan,    nan,    nan,    nan,    nan]
Error (T-F)  : [ 0.200,  0.453,  0.187,  0.200,  0.490,  0.779, -0.001]
------------------------------------------------------------
--- Step 1030 ---
Leader (True): [ 0.201, -0.333,  0.188, -2.156,  0.493,  2.347,  0.784]
Leader (Pred): [   nan,    nan,    nan,    nan,    nan,    nan,    nan]
Follower     : [ 0.000, -0.785, -0.000, -2.356,  0.000,  1.571,  0.785]
Action (Tau) : [   nan,    nan,    nan,    nan,    nan,    nan,    nan]
Error (T-F)  : [ 0.201,  0.452,  0.188,  0.200,  0.493,  0.776, -0.001]
------------------------------------------------------------
--- Step 1040 ---
Leader (True): [ 0.202, -0.335,  0.188, -2.157,  0.497,  2.344,  0.784]
Leader (Pred): [   nan,    nan,    nan,    nan,    nan,    nan,    nan]
Follower     : [ 0.000, -0.785, -0.000, -2.356,  0.000,  1.571,  0.785]
Action (Tau) : [   nan,    nan,    nan,    nan,    nan,    nan,    nan]
Error (T-F)  : [ 0.202,  0.450,  0.188,  0.199,  0.497,  0.774, -0.001]
------------------------------------------------------------
--- Step 1050 ---
Leader (True): [ 0.204, -0.336,  0.189, -2.158,  0.500,  2.341,  0.784]
Leader (Pred): [   nan,    nan,    nan,    nan,    nan,    nan,    nan]
Follower     : [ 0.000, -0.785, -0.000, -2.356,  0.000,  1.571,  0.785]
Action (Tau) : [   nan,    nan,    nan,    nan,    nan,    nan,    nan]
Error (T-F)  : [ 0.204,  0.449,  0.189,  0.198,  0.500,  0.771, -0.001]
------------------------------------------------------------
--- Step 1060 ---
Leader (True): [ 0.205, -0.337,  0.189, -2.159,  0.503,  2.338,  0.784]
Leader (Pred): [   nan,    nan,    nan,    nan,    nan,    nan,    nan]
Follower     : [ 0.000, -0.785, -0.000, -2.356,  0.000,  1.571,  0.785]
Action (Tau) : [   nan,    nan,    nan,    nan,    nan,    nan,    nan]
Error (T-F)  : [ 0.205,  0.448,  0.189,  0.197,  0.503,  0.767, -0.001]
------------------------------------------------------------
--- Step 1070 ---
Leader (True): [ 0.206, -0.339,  0.190, -2.160,  0.507,  2.335,  0.784]
Leader (Pred): [   nan,    nan,    nan,    nan,    nan,    nan,    nan]
Follower     : [ 0.000, -0.785, -0.000, -2.356,  0.000,  1.571,  0.785]
Action (Tau) : [   nan,    nan,    nan,    nan,    nan,    nan,    nan]
Error (T-F)  : [ 0.206,  0.446,  0.190,  0.196,  0.507,  0.764, -0.001]
------------------------------------------------------------
--- Step 1080 ---
Leader (True): [ 0.207, -0.341,  0.190, -2.161,  0.510,  2.331,  0.783]
Leader (Pred): [   nan,    nan,    nan,    nan,    nan,    nan,    nan]
Follower     : [ 0.000, -0.785, -0.000, -2.356,  0.000,  1.571,  0.785]
Action (Tau) : [   nan,    nan,    nan,    nan,    nan,    nan,    nan]
Error (T-F)  : [ 0.207,  0.444,  0.190,  0.195,  0.510,  0.760, -0.002]
------------------------------------------------------------
--- Step 1090 ---
Leader (True): [ 0.208, -0.343,  0.191, -2.162,  0.514,  2.327,  0.783]
Leader (Pred): [   nan,    nan,    nan,    nan,    nan,    nan,    nan]
Follower     : [ 0.000, -0.785, -0.000, -2.356,  0.000,  1.571,  0.785]
Action (Tau) : [   nan,    nan,    nan,    nan,    nan,    nan,    nan]
Error (T-F)  : [ 0.208,  0.442,  0.191,  0.194,  0.514,  0.756, -0.002]
------------------------------------------------------------
--- Step 1100 ---
Leader (True): [ 0.209, -0.345,  0.191, -2.164,  0.518,  2.323,  0.783]
Leader (Pred): [   nan,    nan,    nan,    nan,    nan,    nan,    nan]
Follower     : [ 0.000, -0.785, -0.000, -2.356,  0.000,  1.571,  0.785]
Action (Tau) : [   nan,    nan,    nan,    nan,    nan,    nan,    nan]
Error (T-F)  : [ 0.209,  0.440,  0.191,  0.192,  0.518,  0.752, -0.002]
------------------------------------------------------------
--- Step 1110 ---
Leader (True): [ 0.211, -0.348,  0.192, -2.165,  0.522,  2.319,  0.783]
Leader (Pred): [   nan,    nan,    nan,    nan,    nan,    nan,    nan]
Follower     : [ 0.000, -0.785, -0.000, -2.356,  0.000,  1.571,  0.785]
Action (Tau) : [   nan,    nan,    nan,    nan,    nan,    nan,    nan]
Error (T-F)  : [ 0.211,  0.437,  0.192,  0.191,  0.522,  0.748, -0.002]
------------------------------------------------------------
--- Step 1120 ---
Leader (True): [ 0.212, -0.350,  0.192, -2.167,  0.526,  2.314,  0.783]
Leader (Pred): [   nan,    nan,    nan,    nan,    nan,    nan,    nan]
Follower     : [ 0.000, -0.785, -0.000, -2.356,  0.000,  1.571,  0.785]
Action (Tau) : [   nan,    nan,    nan,    nan,    nan,    nan,    nan]
Error (T-F)  : [ 0.212,  0.435,  0.192,  0.189,  0.526,  0.743, -0.002]
------------------------------------------------------------
--- Step 1130 ---
Leader (True): [ 0.213, -0.353,  0.193, -2.169,  0.530,  2.309,  0.783]
Leader (Pred): [   nan,    nan,    nan,    nan,    nan,    nan,    nan]
Follower     : [ 0.000, -0.785, -0.000, -2.356,  0.000,  1.571,  0.785]
Action (Tau) : [   nan,    nan,    nan,    nan,    nan,    nan,    nan]
Error (T-F)  : [ 0.213,  0.432,  0.193,  0.187,  0.530,  0.739, -0.002]
------------------------------------------------------------
--- Step 1140 ---
Leader (True): [ 0.214, -0.356,  0.193, -2.171,  0.534,  2.304,  0.783]
Leader (Pred): [   nan,    nan,    nan,    nan,    nan,    nan,    nan]
Follower     : [ 0.000, -0.785, -0.000, -2.356,  0.000,  1.571,  0.785]
Action (Tau) : [   nan,    nan,    nan,    nan,    nan,    nan,    nan]
Error (T-F)  : [ 0.214,  0.429,  0.193,  0.185,  0.534,  0.734, -0.002]
------------------------------------------------------------
--- Step 1150 ---
Leader (True): [ 0.216, -0.359,  0.194, -2.173,  0.539,  2.299,  0.783]
Leader (Pred): [   nan,    nan,    nan,    nan,    nan,    nan,    nan]
Follower     : [ 0.000, -0.785, -0.000, -2.356,  0.000,  1.571,  0.785]
Action (Tau) : [   nan,    nan,    nan,    nan,    nan,    nan,    nan]
Error (T-F)  : [ 0.216,  0.426,  0.194,  0.183,  0.539,  0.728, -0.002]
------------------------------------------------------------
--- Step 1160 ---
Leader (True): [ 0.217, -0.362,  0.194, -2.175,  0.543,  2.294,  0.783]
Leader (Pred): [   nan,    nan,    nan,    nan,    nan,    nan,    nan]
Follower     : [ 0.000, -0.785, -0.000, -2.356,  0.000,  1.571,  0.785]
Action (Tau) : [   nan,    nan,    nan,    nan,    nan,    nan,    nan]
Error (T-F)  : [ 0.217,  0.423,  0.194,  0.181,  0.543,  0.723, -0.002]
------------------------------------------------------------
--- Step 1170 ---
Leader (True): [ 0.218, -0.366,  0.194, -2.178,  0.548,  2.288,  0.782]
Leader (Pred): [   nan,    nan,    nan,    nan,    nan,    nan,    nan]
Follower     : [ 0.000, -0.785, -0.000, -2.356,  0.000,  1.571,  0.785]
Action (Tau) : [   nan,    nan,    nan,    nan,    nan,    nan,    nan]
Error (T-F)  : [ 0.218,  0.419,  0.194,  0.178,  0.548,  0.717, -0.003]
------------------------------------------------------------
--- Step 1180 ---
Leader (True): [ 0.219, -0.370,  0.195, -2.180,  0.553,  2.282,  0.782]
Leader (Pred): [   nan,    nan,    nan,    nan,    nan,    nan,    nan]
Follower     : [ 0.000, -0.785, -0.000, -2.356,  0.000,  1.571,  0.785]
Action (Tau) : [   nan,    nan,    nan,    nan,    nan,    nan,    nan]
Error (T-F)  : [ 0.219,  0.415,  0.195,  0.176,  0.553,  0.711, -0.003]
------------------------------------------------------------
--- Step 1190 ---
Leader (True): [ 0.221, -0.374,  0.195, -2.183,  0.558,  2.276,  0.782]
Leader (Pred): [   nan,    nan,    nan,    nan,    nan,    nan,    nan]
Follower     : [ 0.000, -0.785, -0.000, -2.356,  0.000,  1.571,  0.785]
Action (Tau) : [   nan,    nan,    nan,    nan,    nan,    nan,    nan]
Error (T-F)  : [ 0.221,  0.411,  0.195,  0.173,  0.558,  0.705, -0.003]
------------------------------------------------------------
--- Step 1200 ---
Leader (True): [ 0.222, -0.378,  0.196, -2.186,  0.563,  2.270,  0.782]
Leader (Pred): [   nan,    nan,    nan,    nan,    nan,    nan,    nan]
Follower     : [ 0.000, -0.785, -0.000, -2.356,  0.000,  1.571,  0.785]
Action (Tau) : [   nan,    nan,    nan,    nan,    nan,    nan,    nan]
Error (T-F)  : [ 0.222,  0.407,  0.196,  0.170,  0.563,  0.699, -0.003]
------------------------------------------------------------
--- Step 1210 ---
Leader (True): [ 0.223, -0.382,  0.196, -2.189,  0.568,  2.263,  0.782]
Leader (Pred): [   nan,    nan,    nan,    nan,    nan,    nan,    nan]
Follower     : [ 0.000, -0.785, -0.000, -2.356,  0.000,  1.571,  0.785]
Action (Tau) : [   nan,    nan,    nan,    nan,    nan,    nan,    nan]
Error (T-F)  : [ 0.223,  0.403,  0.196,  0.167,  0.568,  0.693, -0.003]
------------------------------------------------------------
--- Step 1220 ---
Leader (True): [ 0.224, -0.386,  0.196, -2.192,  0.573,  2.257,  0.782]
Leader (Pred): [   nan,    nan,    nan,    nan,    nan,    nan,    nan]
Follower     : [ 0.000, -0.785, -0.000, -2.356,  0.000,  1.571,  0.785]
Action (Tau) : [   nan,    nan,    nan,    nan,    nan,    nan,    nan]
Error (T-F)  : [ 0.224,  0.399,  0.196,  0.164,  0.573,  0.686, -0.003]
------------------------------------------------------------
--- Step 1230 ---
Leader (True): [ 0.225, -0.391,  0.197, -2.195,  0.579,  2.250,  0.782]
Leader (Pred): [   nan,    nan,    nan,    nan,    nan,    nan,    nan]
Follower     : [ 0.000, -0.785, -0.000, -2.356,  0.000,  1.571,  0.785]
Action (Tau) : [   nan,    nan,    nan,    nan,    nan,    nan,    nan]
Error (T-F)  : [ 0.225,  0.394,  0.197,  0.161,  0.579,  0.679, -0.003]
------------------------------------------------------------
--- Step 1240 ---
Leader (True): [ 0.227, -0.395,  0.197, -2.198,  0.584,  2.242,  0.782]
Leader (Pred): [   nan,    nan,    nan,    nan,    nan,    nan,    nan]
Follower     : [ 0.000, -0.785, -0.000, -2.356,  0.000,  1.571,  0.785]
Action (Tau) : [   nan,    nan,    nan,    nan,    nan,    nan,    nan]
Error (T-F)  : [ 0.227,  0.390,  0.197,  0.158,  0.584,  0.671, -0.003]
------------------------------------------------------------
--- Step 1250 ---
Leader (True): [ 0.228, -0.400,  0.197, -2.202,  0.590,  2.235,  0.782]
Leader (Pred): [   nan,    nan,    nan,    nan,    nan,    nan,    nan]
Follower     : [ 0.000, -0.785, -0.000, -2.356,  0.000,  1.571,  0.785]
Action (Tau) : [   nan,    nan,    nan,    nan,    nan,    nan,    nan]
Error (T-F)  : [ 0.228,  0.385,  0.197,  0.154,  0.590,  0.664, -0.003]
------------------------------------------------------------
--- Step 1260 ---
Leader (True): [ 0.229, -0.405,  0.198, -2.205,  0.595,  2.227,  0.781]
Leader (Pred): [   nan,    nan,    nan,    nan,    nan,    nan,    nan]
Follower     : [ 0.000, -0.785, -0.000, -2.356,  0.000,  1.571,  0.785]
Action (Tau) : [   nan,    nan,    nan,    nan,    nan,    nan,    nan]
Error (T-F)  : [ 0.229,  0.380,  0.198,  0.151,  0.595,  0.657, -0.004]
------------------------------------------------------------
--- Step 1270 ---
Leader (True): [ 0.230, -0.410,  0.198, -2.209,  0.601,  2.219,  0.781]
Leader (Pred): [   nan,    nan,    nan,    nan,    nan,    nan,    nan]
Follower     : [ 0.000, -0.785, -0.000, -2.356,  0.000,  1.571,  0.785]
Action (Tau) : [   nan,    nan,    nan,    nan,    nan,    nan,    nan]
Error (T-F)  : [ 0.230,  0.375,  0.198,  0.147,  0.601,  0.649, -0.004]
------------------------------------------------------------
--- Step 1280 ---
Leader (True): [ 0.231, -0.416,  0.198, -2.213,  0.607,  2.211,  0.781]
Leader (Pred): [   nan,    nan,    nan,    nan,    nan,    nan,    nan]
Follower     : [ 0.000, -0.785, -0.000, -2.356,  0.000,  1.571,  0.785]
Action (Tau) : [   nan,    nan,    nan,    nan,    nan,    nan,    nan]
Error (T-F)  : [ 0.231,  0.369,  0.198,  0.143,  0.607,  0.640, -0.004]
------------------------------------------------------------
--- Step 1290 ---
Leader (True): [ 0.232, -0.421,  0.199, -2.216,  0.612,  2.203,  0.781]
Leader (Pred): [   nan,    nan,    nan,    nan,    nan,    nan,    nan]
Follower     : [ 0.000, -0.785, -0.000, -2.356,  0.000,  1.571,  0.785]
Action (Tau) : [   nan,    nan,    nan,    nan,    nan,    nan,    nan]
Error (T-F)  : [ 0.232,  0.364,  0.199,  0.140,  0.612,  0.632, -0.004]
------------------------------------------------------------
--- Step 1300 ---
Leader (True): [ 0.233, -0.426,  0.199, -2.220,  0.618,  2.194,  0.781]
Leader (Pred): [   nan,    nan,    nan,    nan,    nan,    nan,    nan]
Follower     : [ 0.000, -0.785, -0.000, -2.356,  0.000,  1.571,  0.785]
Action (Tau) : [   nan,    nan,    nan,    nan,    nan,    nan,    nan]
Error (T-F)  : [ 0.233,  0.359,  0.199,  0.136,  0.618,  0.623, -0.004]
------------------------------------------------------------
--- Step 1310 ---
Leader (True): [ 0.234, -0.432,  0.199, -2.224,  0.624,  2.186,  0.781]
Leader (Pred): [   nan,    nan,    nan,    nan,    nan,    nan,    nan]
Follower     : [ 0.000, -0.785, -0.000, -2.356,  0.000,  1.571,  0.785]
Action (Tau) : [   nan,    nan,    nan,    nan,    nan,    nan,    nan]
Error (T-F)  : [ 0.234,  0.353,  0.199,  0.132,  0.624,  0.615, -0.004]
------------------------------------------------------------
--- Step 1320 ---
Leader (True): [ 0.235, -0.438,  0.200, -2.228,  0.630,  2.177,  0.781]
Leader (Pred): [   nan,    nan,    nan,    nan,    nan,    nan,    nan]
Follower     : [ 0.000, -0.785, -0.000, -2.356,  0.000,  1.571,  0.785]
Action (Tau) : [   nan,    nan,    nan,    nan,    nan,    nan,    nan]
Error (T-F)  : [ 0.235,  0.347,  0.200,  0.128,  0.630,  0.606, -0.004]
------------------------------------------------------------
--- Step 1330 ---
Leader (True): [ 0.235, -0.444,  0.200, -2.232,  0.636,  2.167,  0.781]
Leader (Pred): [   nan,    nan,    nan,    nan,    nan,    nan,    nan]
Follower     : [ 0.000, -0.785, -0.000, -2.356,  0.000,  1.571,  0.785]
Action (Tau) : [   nan,    nan,    nan,    nan,    nan,    nan,    nan]
Error (T-F)  : [ 0.235,  0.341,  0.200,  0.124,  0.636,  0.596, -0.004]
------------------------------------------------------------
--- Step 1340 ---
Leader (True): [ 0.236, -0.449,  0.200, -2.236,  0.642,  2.158,  0.781]
Leader (Pred): [   nan,    nan,    nan,    nan,    nan,    nan,    nan]
Follower     : [ 0.000, -0.785, -0.000, -2.356,  0.000,  1.571,  0.785]
Action (Tau) : [   nan,    nan,    nan,    nan,    nan,    nan,    nan]
Error (T-F)  : [ 0.236,  0.336,  0.200,  0.120,  0.642,  0.587, -0.004]
------------------------------------------------------------
--- Step 1350 ---
Leader (True): [ 0.237, -0.455,  0.201, -2.240,  0.648,  2.148,  0.781]
Leader (Pred): [   nan,    nan,    nan,    nan,    nan,    nan,    nan]
Follower     : [ 0.000, -0.785, -0.000, -2.356,  0.000,  1.571,  0.785]
Action (Tau) : [   nan,    nan,    nan,    nan,    nan,    nan,    nan]
Error (T-F)  : [ 0.237,  0.330,  0.201,  0.116,  0.648,  0.577, -0.004]
------------------------------------------------------------
--- Step 1360 ---
Leader (True): [ 0.238, -0.461,  0.201, -2.244,  0.654,  2.138,  0.781]
Leader (Pred): [   nan,    nan,    nan,    nan,    nan,    nan,    nan]
Follower     : [ 0.000, -0.785, -0.000, -2.356,  0.000,  1.571,  0.785]
Action (Tau) : [   nan,    nan,    nan,    nan,    nan,    nan,    nan]
Error (T-F)  : [ 0.238,  0.324,  0.201,  0.112,  0.654,  0.567, -0.004]
------------------------------------------------------------
--- Step 1370 ---
Leader (True): [ 0.238, -0.467,  0.201, -2.249,  0.660,  2.128,  0.780]
Leader (Pred): [   nan,    nan,    nan,    nan,    nan,    nan,    nan]
Follower     : [ 0.000, -0.785, -0.000, -2.356,  0.000,  1.571,  0.785]
Action (Tau) : [   nan,    nan,    nan,    nan,    nan,    nan,    nan]
Error (T-F)  : [ 0.238,  0.318,  0.201,  0.107,  0.660,  0.557, -0.005]
------------------------------------------------------------
--- Step 1380 ---
Leader (True): [ 0.239, -0.474,  0.201, -2.253,  0.666,  2.117,  0.780]
Leader (Pred): [   nan,    nan,    nan,    nan,    nan,    nan,    nan]
Follower     : [ 0.000, -0.785, -0.000, -2.356,  0.000,  1.571,  0.785]
Action (Tau) : [   nan,    nan,    nan,    nan,    nan,    nan,    nan]
Error (T-F)  : [ 0.239,  0.311,  0.201,  0.103,  0.666,  0.547, -0.005]
------------------------------------------------------------
--- Step 1390 ---
Leader (True): [ 0.240, -0.480,  0.202, -2.257,  0.672,  2.107,  0.780]
Leader (Pred): [   nan,    nan,    nan,    nan,    nan,    nan,    nan]
Follower     : [ 0.000, -0.785, -0.000, -2.356,  0.000,  1.571,  0.785]
Action (Tau) : [   nan,    nan,    nan,    nan,    nan,    nan,    nan]
Error (T-F)  : [ 0.240,  0.305,  0.202,  0.099,  0.672,  0.536, -0.005]
------------------------------------------------------------
--- Step 1400 ---
Leader (True): [ 0.240, -0.486,  0.202, -2.261,  0.678,  2.096,  0.780]
Leader (Pred): [   nan,    nan,    nan,    nan,    nan,    nan,    nan]
Follower     : [ 0.000, -0.785, -0.000, -2.356,  0.000,  1.571,  0.785]
Action (Tau) : [   nan,    nan,    nan,    nan,    nan,    nan,    nan]
Error (T-F)  : [ 0.240,  0.299,  0.202,  0.095,  0.678,  0.525, -0.005]
------------------------------------------------------------
--- Step 1410 ---
Leader (True): [ 0.241, -0.492,  0.202, -2.266,  0.684,  2.085,  0.780]
Leader (Pred): [   nan,    nan,    nan,    nan,    nan,    nan,    nan]
Follower     : [ 0.000, -0.785, -0.000, -2.356,  0.000,  1.571,  0.785]
Action (Tau) : [   nan,    nan,    nan,    nan,    nan,    nan,    nan]
Error (T-F)  : [ 0.241,  0.293,  0.202,  0.090,  0.684,  0.514, -0.005]
------------------------------------------------------------
--- Step 1420 ---
Leader (True): [ 0.241, -0.499,  0.202, -2.270,  0.690,  2.073,  0.780]
Leader (Pred): [   nan,    nan,    nan,    nan,    nan,    nan,    nan]
Follower     : [ 0.000, -0.785, -0.000, -2.356,  0.000,  1.571,  0.785]
Action (Tau) : [   nan,    nan,    nan,    nan,    nan,    nan,    nan]
Error (T-F)  : [ 0.241,  0.286,  0.202,  0.086,  0.690,  0.503, -0.005]
------------------------------------------------------------
--- Step 1430 ---
Leader (True): [ 0.242, -0.505,  0.202, -2.274,  0.696,  2.062,  0.780]
Leader (Pred): [   nan,    nan,    nan,    nan,    nan,    nan,    nan]
Follower     : [ 0.000, -0.785, -0.000, -2.356,  0.000,  1.571,  0.785]
Action (Tau) : [   nan,    nan,    nan,    nan,    nan,    nan,    nan]
Error (T-F)  : [ 0.242,  0.280,  0.202,  0.082,  0.696,  0.491, -0.005]
------------------------------------------------------------
--- Step 1440 ---
Leader (True): [ 0.242, -0.511,  0.203, -2.279,  0.702,  2.050,  0.780]
Leader (Pred): [   nan,    nan,    nan,    nan,    nan,    nan,    nan]
Follower     : [ 0.000, -0.785, -0.000, -2.356,  0.000,  1.571,  0.785]
Action (Tau) : [   nan,    nan,    nan,    nan,    nan,    nan,    nan]
Error (T-F)  : [ 0.242,  0.274,  0.203,  0.077,  0.702,  0.479, -0.005]
------------------------------------------------------------
--- Step 1450 ---
Leader (True): [ 0.243, -0.518,  0.203, -2.283,  0.708,  2.038,  0.780]
Leader (Pred): [   nan,    nan,    nan,    nan,    nan,    nan,    nan]
Follower     : [ 0.000, -0.785, -0.000, -2.356,  0.000,  1.571,  0.785]
Action (Tau) : [   nan,    nan,    nan,    nan,    nan,    nan,    nan]
Error (T-F)  : [ 0.243,  0.267,  0.203,  0.073,  0.708,  0.467, -0.005]
------------------------------------------------------------
--- Step 1460 ---
Leader (True): [ 0.243, -0.524,  0.203, -2.287,  0.714,  2.026,  0.780]
Leader (Pred): [   nan,    nan,    nan,    nan,    nan,    nan,    nan]
Follower     : [ 0.000, -0.785, -0.000, -2.356,  0.000,  1.571,  0.785]
Action (Tau) : [   nan,    nan,    nan,    nan,    nan,    nan,    nan]
Error (T-F)  : [ 0.243,  0.261,  0.203,  0.069,  0.714,  0.455, -0.005]
------------------------------------------------------------
--- Step 1470 ---
Leader (True): [ 0.243, -0.530,  0.203, -2.291,  0.720,  2.014,  0.781]
Leader (Pred): [   nan,    nan,    nan,    nan,    nan,    nan,    nan]
Follower     : [ 0.000, -0.785, -0.000, -2.356,  0.000,  1.571,  0.785]
Action (Tau) : [   nan,    nan,    nan,    nan,    nan,    nan,    nan]
Error (T-F)  : [ 0.243,  0.255,  0.203,  0.065,  0.720,  0.443, -0.004]
------------------------------------------------------------
--- Step 1480 ---
Leader (True): [ 0.244, -0.537,  0.203, -2.296,  0.725,  2.001,  0.781]
Leader (Pred): [   nan,    nan,    nan,    nan,    nan,    nan,    nan]
Follower     : [ 0.000, -0.785, -0.000, -2.356,  0.000,  1.571,  0.785]
Action (Tau) : [   nan,    nan,    nan,    nan,    nan,    nan,    nan]
Error (T-F)  : [ 0.244,  0.248,  0.203,  0.060,  0.725,  0.430, -0.004]
------------------------------------------------------------
--- Step 1490 ---
Leader (True): [ 0.244, -0.543,  0.203, -2.300,  0.731,  1.988,  0.781]
Leader (Pred): [   nan,    nan,    nan,    nan,    nan,    nan,    nan]
Follower     : [ 0.000, -0.785, -0.000, -2.356,  0.000,  1.571,  0.785]
Action (Tau) : [   nan,    nan,    nan,    nan,    nan,    nan,    nan]
Error (T-F)  : [ 0.244,  0.242,  0.203,  0.056,  0.731,  0.417, -0.004]
------------------------------------------------------------
--- Step 1500 ---
Leader (True): [ 0.244, -0.549,  0.203, -2.304,  0.737,  1.975,  0.781]
Leader (Pred): [   nan,    nan,    nan,    nan,    nan,    nan,    nan]
Follower     : [ 0.000, -0.785, -0.000, -2.356,  0.000,  1.571,  0.785]
Action (Tau) : [   nan,    nan,    nan,    nan,    nan,    nan,    nan]
Error (T-F)  : [ 0.244,  0.236,  0.203,  0.052,  0.737,  0.405, -0.004]
------------------------------------------------------------
--- Step 1510 ---
Leader (True): [ 0.245, -0.555,  0.203, -2.308,  0.742,  1.962,  0.781]
Leader (Pred): [   nan,    nan,    nan,    nan,    nan,    nan,    nan]
Follower     : [ 0.000, -0.785, -0.000, -2.356,  0.000,  1.571,  0.785]
Action (Tau) : [   nan,    nan,    nan,    nan,    nan,    nan,    nan]
Error (T-F)  : [ 0.245,  0.230,  0.203,  0.048,  0.742,  0.392, -0.004]
------------------------------------------------------------
--- Step 1520 ---
Leader (True): [ 0.245, -0.562,  0.203, -2.312,  0.748,  1.949,  0.781]
Leader (Pred): [   nan,    nan,    nan,    nan,    nan,    nan,    nan]
Follower     : [ 0.000, -0.785, -0.000, -2.356,  0.000,  1.571,  0.785]
Action (Tau) : [   nan,    nan,    nan,    nan,    nan,    nan,    nan]
Error (T-F)  : [ 0.245,  0.223,  0.203,  0.044,  0.748,  0.378, -0.004]
------------------------------------------------------------
--- Step 1530 ---
Leader (True): [ 0.245, -0.568,  0.203, -2.317,  0.753,  1.935,  0.781]
Leader (Pred): [   nan,    nan,    nan,    nan,    nan,    nan,    nan]
Follower     : [ 0.000, -0.785, -0.000, -2.356,  0.000,  1.571,  0.785]
Action (Tau) : [   nan,    nan,    nan,    nan,    nan,    nan,    nan]
Error (T-F)  : [ 0.245,  0.217,  0.203,  0.039,  0.753,  0.365, -0.004]
------------------------------------------------------------
--- Step 1540 ---
Leader (True): [ 0.245, -0.574,  0.203, -2.321,  0.758,  1.922,  0.781]
Leader (Pred): [   nan,    nan,    nan,    nan,    nan,    nan,    nan]
Follower     : [ 0.000, -0.785, -0.000, -2.356,  0.000,  1.571,  0.785]
Action (Tau) : [   nan,    nan,    nan,    nan,    nan,    nan,    nan]
Error (T-F)  : [ 0.245,  0.211,  0.203,  0.035,  0.758,  0.351, -0.004]
------------------------------------------------------------
--- Step 1550 ---
Leader (True): [ 0.246, -0.580,  0.203, -2.325,  0.764,  1.908,  0.781]
Leader (Pred): [   nan,    nan,    nan,    nan,    nan,    nan,    nan]
Follower     : [ 0.000, -0.785, -0.000, -2.356,  0.000,  1.571,  0.785]
Action (Tau) : [   nan,    nan,    nan,    nan,    nan,    nan,    nan]
Error (T-F)  : [ 0.246,  0.205,  0.203,  0.031,  0.764,  0.337, -0.004]
------------------------------------------------------------
--- Step 1560 ---
Leader (True): [ 0.246, -0.586,  0.203, -2.329,  0.769,  1.894,  0.782]
Leader (Pred): [   nan,    nan,    nan,    nan,    nan,    nan,    nan]
Follower     : [ 0.000, -0.785, -0.000, -2.356,  0.000,  1.571,  0.785]
Action (Tau) : [   nan,    nan,    nan,    nan,    nan,    nan,    nan]
Error (T-F)  : [ 0.246,  0.199,  0.203,  0.027,  0.769,  0.323, -0.003]
------------------------------------------------------------
--- Step 1570 ---
Leader (True): [ 0.246, -0.592,  0.203, -2.333,  0.774,  1.880,  0.782]
Leader (Pred): [   nan,    nan,    nan,    nan,    nan,    nan,    nan]
Follower     : [ 0.000, -0.785, -0.000, -2.356,  0.000,  1.571,  0.785]
Action (Tau) : [   nan,    nan,    nan,    nan,    nan,    nan,    nan]
Error (T-F)  : [ 0.246,  0.193,  0.203,  0.023,  0.774,  0.310, -0.003]
------------------------------------------------------------
--- Step 1580 ---
Leader (True): [ 0.246, -0.598,  0.202, -2.337,  0.779,  1.866,  0.782]
Leader (Pred): [   nan,    nan,    nan,    nan,    nan,    nan,    nan]
Follower     : [ 0.000, -0.785, -0.000, -2.356,  0.000,  1.571,  0.785]
Action (Tau) : [   nan,    nan,    nan,    nan,    nan,    nan,    nan]
Error (T-F)  : [ 0.246,  0.187,  0.202,  0.019,  0.779,  0.295, -0.003]
------------------------------------------------------------
--- Step 1590 ---
Leader (True): [ 0.247, -0.603,  0.202, -2.341,  0.784,  1.852,  0.782]
Leader (Pred): [   nan,    nan,    nan,    nan,    nan,    nan,    nan]
Follower     : [ 0.000, -0.785, -0.000, -2.356,  0.000,  1.571,  0.785]
Action (Tau) : [   nan,    nan,    nan,    nan,    nan,    nan,    nan]
Error (T-F)  : [ 0.247,  0.182,  0.202,  0.015,  0.784,  0.281, -0.003]
------------------------------------------------------------
--- Step 1600 ---
Leader (True): [ 0.247, -0.609,  0.202, -2.345,  0.789,  1.838,  0.782]
Leader (Pred): [   nan,    nan,    nan,    nan,    nan,    nan,    nan]
Follower     : [ 0.000, -0.785, -0.000, -2.356,  0.000,  1.571,  0.785]
Action (Tau) : [   nan,    nan,    nan,    nan,    nan,    nan,    nan]
Error (T-F)  : [ 0.247,  0.176,  0.202,  0.011,  0.789,  0.267, -0.003]
------------------------------------------------------------
--- Step 1610 ---
Leader (True): [ 0.247, -0.615,  0.202, -2.348,  0.794,  1.823,  0.783]
Leader (Pred): [   nan,    nan,    nan,    nan,    nan,    nan,    nan]
Follower     : [ 0.000, -0.785, -0.000, -2.356,  0.000,  1.571,  0.785]
Action (Tau) : [   nan,    nan,    nan,    nan,    nan,    nan,    nan]
Error (T-F)  : [ 0.247,  0.170,  0.202,  0.008,  0.794,  0.253, -0.002]
------------------------------------------------------------
--- Step 1620 ---
Leader (True): [ 0.248, -0.620,  0.202, -2.352,  0.798,  1.809,  0.783]
Leader (Pred): [   nan,    nan,    nan,    nan,    nan,    nan,    nan]
Follower     : [ 0.000, -0.785, -0.000, -2.356,  0.000,  1.571,  0.785]
Action (Tau) : [   nan,    nan,    nan,    nan,    nan,    nan,    nan]
Error (T-F)  : [ 0.248,  0.165,  0.202,  0.004,  0.798,  0.238, -0.002]
------------------------------------------------------------
--- Step 1630 ---
Leader (True): [ 0.248, -0.626,  0.201, -2.356,  0.803,  1.794,  0.783]
Leader (Pred): [   nan,    nan,    nan,    nan,    nan,    nan,    nan]
Follower     : [ 0.000, -0.785, -0.000, -2.356,  0.000,  1.571,  0.785]
Action (Tau) : [   nan,    nan,    nan,    nan,    nan,    nan,    nan]
Error (T-F)  : [ 0.248,  0.159,  0.201, -0.000,  0.803,  0.224, -0.002]
------------------------------------------------------------
--- Step 1640 ---
Leader (True): [ 0.248, -0.631,  0.201, -2.360,  0.807,  1.780,  0.783]
Leader (Pred): [   nan,    nan,    nan,    nan,    nan,    nan,    nan]
Follower     : [ 0.000, -0.785, -0.000, -2.356,  0.000,  1.571,  0.785]
Action (Tau) : [   nan,    nan,    nan,    nan,    nan,    nan,    nan]
Error (T-F)  : [ 0.248,  0.154,  0.201, -0.004,  0.807,  0.209, -0.002]
------------------------------------------------------------
--- Step 1650 ---
Leader (True): [ 0.249, -0.636,  0.201, -2.364,  0.812,  1.765,  0.784]
Leader (Pred): [   nan,    nan,    nan,    nan,    nan,    nan,    nan]
Follower     : [ 0.000, -0.785, -0.000, -2.356,  0.000,  1.571,  0.785]
Action (Tau) : [   nan,    nan,    nan,    nan,    nan,    nan,    nan]
Error (T-F)  : [ 0.249,  0.149,  0.201, -0.008,  0.812,  0.194, -0.001]
------------------------------------------------------------
--- Step 1660 ---
Leader (True): [ 0.249, -0.641,  0.201, -2.367,  0.816,  1.751,  0.784]
Leader (Pred): [   nan,    nan,    nan,    nan,    nan,    nan,    nan]
Follower     : [ 0.000, -0.785, -0.000, -2.356,  0.000,  1.571,  0.785]
Action (Tau) : [   nan,    nan,    nan,    nan,    nan,    nan,    nan]
Error (T-F)  : [ 0.249,  0.144,  0.201, -0.011,  0.816,  0.180, -0.001]
------------------------------------------------------------
--- Step 1670 ---
Leader (True): [ 0.249, -0.646,  0.201, -2.371,  0.820,  1.736,  0.784]
Leader (Pred): [   nan,    nan,    nan,    nan,    nan,    nan,    nan]
Follower     : [ 0.000, -0.785, -0.000, -2.356,  0.000,  1.571,  0.785]
Action (Tau) : [   nan,    nan,    nan,    nan,    nan,    nan,    nan]
Error (T-F)  : [ 0.249,  0.139,  0.201, -0.015,  0.820,  0.165, -0.001]
------------------------------------------------------------
--- Step 1680 ---
Leader (True): [ 0.250, -0.651,  0.200, -2.375,  0.824,  1.721,  0.785]
Leader (Pred): [   nan,    nan,    nan,    nan,    nan,    nan,    nan]
Follower     : [ 0.000, -0.785, -0.000, -2.356,  0.000,  1.571,  0.785]
Action (Tau) : [   nan,    nan,    nan,    nan,    nan,    nan,    nan]
Error (T-F)  : [ 0.250,  0.134,  0.200, -0.019,  0.824,  0.151, -0.000]
------------------------------------------------------------
--- Step 1690 ---
Leader (True): [ 0.250, -0.656,  0.200, -2.378,  0.828,  1.707,  0.785]
Leader (Pred): [   nan,    nan,    nan,    nan,    nan,    nan,    nan]
Follower     : [ 0.000, -0.785, -0.000, -2.356,  0.000,  1.571,  0.785]
Action (Tau) : [   nan,    nan,    nan,    nan,    nan,    nan,    nan]
Error (T-F)  : [ 0.250,  0.129,  0.200, -0.022,  0.828,  0.136, -0.000]
------------------------------------------------------------
--- Step 1700 ---
Leader (True): [ 0.251, -0.661,  0.200, -2.382,  0.832,  1.692,  0.785]
Leader (Pred): [   nan,    nan,    nan,    nan,    nan,    nan,    nan]
Follower     : [ 0.000, -0.785, -0.000, -2.356,  0.000,  1.571,  0.785]
Action (Tau) : [   nan,    nan,    nan,    nan,    nan,    nan,    nan]
Error (T-F)  : [ 0.251,  0.124,  0.200, -0.026,  0.832,  0.121,  0.000]
------------------------------------------------------------
--- Step 1710 ---
Leader (True): [ 0.251, -0.666,  0.200, -2.385,  0.835,  1.678,  0.786]
Leader (Pred): [   nan,    nan,    nan,    nan,    nan,    nan,    nan]
Follower     : [ 0.000, -0.785, -0.000, -2.356,  0.000,  1.571,  0.785]
Action (Tau) : [   nan,    nan,    nan,    nan,    nan,    nan,    nan]
Error (T-F)  : [ 0.251,  0.119,  0.200, -0.029,  0.835,  0.107,  0.001]
------------------------------------------------------------
--- Step 1720 ---
Leader (True): [ 0.252, -0.670,  0.199, -2.389,  0.839,  1.663,  0.786]
Leader (Pred): [   nan,    nan,    nan,    nan,    nan,    nan,    nan]
Follower     : [ 0.000, -0.785, -0.000, -2.356,  0.000,  1.571,  0.785]
Action (Tau) : [   nan,    nan,    nan,    nan,    nan,    nan,    nan]
Error (T-F)  : [ 0.252,  0.115,  0.199, -0.033,  0.839,  0.092,  0.001]
------------------------------------------------------------
--- Step 1730 ---
Leader (True): [ 0.252, -0.675,  0.199, -2.392,  0.843,  1.648,  0.786]
Leader (Pred): [   nan,    nan,    nan,    nan,    nan,    nan,    nan]
Follower     : [ 0.000, -0.785, -0.000, -2.356,  0.000,  1.571,  0.785]
Action (Tau) : [   nan,    nan,    nan,    nan,    nan,    nan,    nan]
Error (T-F)  : [ 0.252,  0.110,  0.199, -0.036,  0.843,  0.078,  0.001]
------------------------------------------------------------
--- Step 1740 ---
Leader (True): [ 0.253, -0.679,  0.199, -2.396,  0.846,  1.634,  0.787]
Leader (Pred): [   nan,    nan,    nan,    nan,    nan,    nan,    nan]
Follower     : [ 0.000, -0.785, -0.000, -2.356,  0.000,  1.571,  0.785]
Action (Tau) : [   nan,    nan,    nan,    nan,    nan,    nan,    nan]
Error (T-F)  : [ 0.253,  0.106,  0.199, -0.040,  0.846,  0.063,  0.002]
------------------------------------------------------------
--- Step 1750 ---
Leader (True): [ 0.253, -0.683,  0.199, -2.399,  0.849,  1.620,  0.787]
Leader (Pred): [   nan,    nan,    nan,    nan,    nan,    nan,    nan]
Follower     : [ 0.000, -0.785, -0.000, -2.356,  0.000,  1.571,  0.785]
Action (Tau) : [   nan,    nan,    nan,    nan,    nan,    nan,    nan]
Error (T-F)  : [ 0.253,  0.102,  0.199, -0.043,  0.849,  0.049,  0.002]
------------------------------------------------------------
--- Step 1760 ---
Leader (True): [ 0.254, -0.687,  0.199, -2.402,  0.853,  1.605,  0.787]
Leader (Pred): [   nan,    nan,    nan,    nan,    nan,    nan,    nan]
Follower     : [ 0.000, -0.785, -0.000, -2.356,  0.000,  1.571,  0.785]
Action (Tau) : [   nan,    nan,    nan,    nan,    nan,    nan,    nan]
Error (T-F)  : [ 0.254,  0.098,  0.199, -0.046,  0.853,  0.034,  0.002]
------------------------------------------------------------
--- Step 1770 ---
Leader (True): [ 0.254, -0.691,  0.199, -2.406,  0.856,  1.591,  0.788]
Leader (Pred): [   nan,    nan,    nan,    nan,    nan,    nan,    nan]
Follower     : [ 0.000, -0.785, -0.000, -2.356,  0.000,  1.571,  0.785]
Action (Tau) : [   nan,    nan,    nan,    nan,    nan,    nan,    nan]
Error (T-F)  : [ 0.254,  0.094,  0.199, -0.050,  0.856,  0.020,  0.003]
------------------------------------------------------------
--- Step 1780 ---
Leader (True): [ 0.255, -0.695,  0.199, -2.409,  0.859,  1.577,  0.788]
Leader (Pred): [   nan,    nan,    nan,    nan,    nan,    nan,    nan]
Follower     : [ 0.000, -0.785, -0.000, -2.356,  0.000,  1.571,  0.785]
Action (Tau) : [   nan,    nan,    nan,    nan,    nan,    nan,    nan]
Error (T-F)  : [ 0.255,  0.090,  0.199, -0.053,  0.859,  0.006,  0.003]
------------------------------------------------------------
--- Step 1790 ---
Leader (True): [ 0.256, -0.699,  0.199, -2.412,  0.862,  1.563,  0.788]
Leader (Pred): [   nan,    nan,    nan,    nan,    nan,    nan,    nan]
Follower     : [ 0.000, -0.785, -0.000, -2.356,  0.000,  1.571,  0.785]
Action (Tau) : [   nan,    nan,    nan,    nan,    nan,    nan,    nan]
Error (T-F)  : [ 0.256,  0.086,  0.199, -0.056,  0.862, -0.008,  0.003]
------------------------------------------------------------
--- Step 1800 ---
Leader (True): [ 0.256, -0.703,  0.199, -2.416,  0.865,  1.549,  0.789]
Leader (Pred): [   nan,    nan,    nan,    nan,    nan,    nan,    nan]
Follower     : [ 0.000, -0.785, -0.000, -2.356,  0.000,  1.571,  0.785]
Action (Tau) : [   nan,    nan,    nan,    nan,    nan,    nan,    nan]
Error (T-F)  : [ 0.256,  0.082,  0.199, -0.060,  0.865, -0.022,  0.004]
------------------------------------------------------------
--- Step 1810 ---
Leader (True): [ 0.257, -0.707,  0.199, -2.419,  0.867,  1.535,  0.789]
Leader (Pred): [   nan,    nan,    nan,    nan,    nan,    nan,    nan]
Follower     : [ 0.000, -0.785, -0.000, -2.356,  0.000,  1.571,  0.785]
Action (Tau) : [   nan,    nan,    nan,    nan,    nan,    nan,    nan]
Error (T-F)  : [ 0.257,  0.078,  0.199, -0.063,  0.867, -0.036,  0.004]
------------------------------------------------------------
--- Step 1820 ---
Leader (True): [ 0.258, -0.710,  0.199, -2.422,  0.870,  1.521,  0.790]
Leader (Pred): [   nan,    nan,    nan,    nan,    nan,    nan,    nan]
Follower     : [ 0.000, -0.785, -0.000, -2.356,  0.000,  1.571,  0.785]
Action (Tau) : [   nan,    nan,    nan,    nan,    nan,    nan,    nan]
Error (T-F)  : [ 0.258,  0.075,  0.199, -0.066,  0.870, -0.050,  0.005]
------------------------------------------------------------
--- Step 1830 ---
Leader (True): [ 0.259, -0.714,  0.199, -2.425,  0.873,  1.507,  0.790]
Leader (Pred): [   nan,    nan,    nan,    nan,    nan,    nan,    nan]
Follower     : [ 0.000, -0.785, -0.000, -2.356,  0.000,  1.571,  0.785]
Action (Tau) : [   nan,    nan,    nan,    nan,    nan,    nan,    nan]
Error (T-F)  : [ 0.259,  0.071,  0.199, -0.069,  0.873, -0.063,  0.005]
------------------------------------------------------------
--- Step 1840 ---
Leader (True): [ 0.259, -0.717,  0.199, -2.428,  0.875,  1.494,  0.790]
Leader (Pred): [   nan,    nan,    nan,    nan,    nan,    nan,    nan]
Follower     : [ 0.000, -0.785, -0.000, -2.356,  0.000,  1.571,  0.785]
Action (Tau) : [   nan,    nan,    nan,    nan,    nan,    nan,    nan]
Error (T-F)  : [ 0.259,  0.068,  0.199, -0.072,  0.875, -0.077,  0.005]
------------------------------------------------------------
--- Step 1850 ---
Leader (True): [ 0.260, -0.721,  0.199, -2.431,  0.878,  1.481,  0.791]
Leader (Pred): [   nan,    nan,    nan,    nan,    nan,    nan,    nan]
Follower     : [ 0.000, -0.785, -0.000, -2.356,  0.000,  1.571,  0.785]
Action (Tau) : [   nan,    nan,    nan,    nan,    nan,    nan,    nan]
Error (T-F)  : [ 0.260,  0.064,  0.199, -0.075,  0.878, -0.090,  0.006]
------------------------------------------------------------
--- Step 1860 ---
Leader (True): [ 0.261, -0.724,  0.199, -2.434,  0.880,  1.468,  0.791]
Leader (Pred): [   nan,    nan,    nan,    nan,    nan,    nan,    nan]
Follower     : [ 0.000, -0.785, -0.000, -2.356,  0.000,  1.571,  0.785]
Action (Tau) : [   nan,    nan,    nan,    nan,    nan,    nan,    nan]
Error (T-F)  : [ 0.261,  0.061,  0.199, -0.078,  0.880, -0.103,  0.006]
------------------------------------------------------------
--- Step 1870 ---
Leader (True): [ 0.262, -0.727,  0.199, -2.437,  0.882,  1.454,  0.791]
Leader (Pred): [   nan,    nan,    nan,    nan,    nan,    nan,    nan]
Follower     : [ 0.000, -0.785, -0.000, -2.356,  0.000,  1.571,  0.785]
Action (Tau) : [   nan,    nan,    nan,    nan,    nan,    nan,    nan]
Error (T-F)  : [ 0.262,  0.058,  0.199, -0.081,  0.882, -0.116,  0.006]
------------------------------------------------------------
--- Step 1880 ---
Leader (True): [ 0.263, -0.730,  0.200, -2.440,  0.884,  1.442,  0.792]
Leader (Pred): [   nan,    nan,    nan,    nan,    nan,    nan,    nan]
Follower     : [ 0.000, -0.785, -0.000, -2.356,  0.000,  1.571,  0.785]
Action (Tau) : [   nan,    nan,    nan,    nan,    nan,    nan,    nan]
Error (T-F)  : [ 0.263,  0.055,  0.200, -0.084,  0.884, -0.129,  0.007]
------------------------------------------------------------
--- Step 1890 ---
Leader (True): [ 0.263, -0.733,  0.200, -2.443,  0.886,  1.429,  0.792]
Leader (Pred): [   nan,    nan,    nan,    nan,    nan,    nan,    nan]
Follower     : [ 0.000, -0.785, -0.000, -2.356,  0.000,  1.571,  0.785]
Action (Tau) : [   nan,    nan,    nan,    nan,    nan,    nan,    nan]
Error (T-F)  : [ 0.263,  0.052,  0.200, -0.087,  0.886, -0.142,  0.007]
------------------------------------------------------------
--- Step 1900 ---
Leader (True): [ 0.264, -0.736,  0.200, -2.446,  0.888,  1.416,  0.793]
Leader (Pred): [   nan,    nan,    nan,    nan,    nan,    nan,    nan]
Follower     : [ 0.000, -0.785, -0.000, -2.356,  0.000,  1.571,  0.785]
Action (Tau) : [   nan,    nan,    nan,    nan,    nan,    nan,    nan]
Error (T-F)  : [ 0.264,  0.049,  0.200, -0.090,  0.888, -0.155,  0.008]
------------------------------------------------------------
--- Step 1910 ---
Leader (True): [ 0.265, -0.739,  0.200, -2.449,  0.890,  1.404,  0.793]
Leader (Pred): [   nan,    nan,    nan,    nan,    nan,    nan,    nan]
Follower     : [ 0.000, -0.785, -0.000, -2.356,  0.000,  1.571,  0.785]
Action (Tau) : [   nan,    nan,    nan,    nan,    nan,    nan,    nan]
Error (T-F)  : [ 0.265,  0.046,  0.200, -0.093,  0.890, -0.167,  0.008]
------------------------------------------------------------
--- Step 1920 ---
Leader (True): [ 0.266, -0.742,  0.201, -2.452,  0.892,  1.392,  0.793]
Leader (Pred): [   nan,    nan,    nan,    nan,    nan,    nan,    nan]
Follower     : [ 0.000, -0.785, -0.000, -2.356,  0.000,  1.571,  0.785]
Action (Tau) : [   nan,    nan,    nan,    nan,    nan,    nan,    nan]
Error (T-F)  : [ 0.266,  0.043,  0.201, -0.096,  0.892, -0.179,  0.008]
------------------------------------------------------------
--- Step 1930 ---
Leader (True): [ 0.267, -0.745,  0.201, -2.455,  0.893,  1.379,  0.794]
Leader (Pred): [   nan,    nan,    nan,    nan,    nan,    nan,    nan]
Follower     : [ 0.000, -0.785, -0.000, -2.356,  0.000,  1.571,  0.785]
Action (Tau) : [   nan,    nan,    nan,    nan,    nan,    nan,    nan]
Error (T-F)  : [ 0.267,  0.040,  0.201, -0.099,  0.893, -0.191,  0.009]
------------------------------------------------------------
--- Step 1940 ---
Leader (True): [ 0.268, -0.748,  0.201, -2.458,  0.895,  1.367,  0.794]
Leader (Pred): [   nan,    nan,    nan,    nan,    nan,    nan,    nan]
Follower     : [ 0.000, -0.785, -0.000, -2.356,  0.000,  1.571,  0.785]
Action (Tau) : [   nan,    nan,    nan,    nan,    nan,    nan,    nan]
Error (T-F)  : [ 0.268,  0.037,  0.201, -0.102,  0.895, -0.203,  0.009]
------------------------------------------------------------
--- Step 1950 ---
Leader (True): [ 0.269, -0.750,  0.202, -2.461,  0.896,  1.356,  0.794]
Leader (Pred): [   nan,    nan,    nan,    nan,    nan,    nan,    nan]
Follower     : [ 0.000, -0.785, -0.000, -2.356,  0.000,  1.571,  0.785]
Action (Tau) : [   nan,    nan,    nan,    nan,    nan,    nan,    nan]
Error (T-F)  : [ 0.269,  0.035,  0.202, -0.105,  0.896, -0.215,  0.009]
------------------------------------------------------------
--- Step 1960 ---
Leader (True): [ 0.270, -0.753,  0.202, -2.464,  0.898,  1.344,  0.795]
Leader (Pred): [   nan,    nan,    nan,    nan,    nan,    nan,    nan]
Follower     : [ 0.000, -0.785, -0.000, -2.356,  0.000,  1.571,  0.785]
Action (Tau) : [   nan,    nan,    nan,    nan,    nan,    nan,    nan]
Error (T-F)  : [ 0.270,  0.032,  0.202, -0.108,  0.898, -0.227,  0.010]
------------------------------------------------------------
--- Step 1970 ---
Leader (True): [ 0.271, -0.756,  0.202, -2.466,  0.899,  1.333,  0.795]
Leader (Pred): [   nan,    nan,    nan,    nan,    nan,    nan,    nan]
Follower     : [ 0.000, -0.785, -0.000, -2.356,  0.000,  1.571,  0.785]
Action (Tau) : [   nan,    nan,    nan,    nan,    nan,    nan,    nan]
Error (T-F)  : [ 0.271,  0.029,  0.202, -0.110,  0.899, -0.238,  0.010]
------------------------------------------------------------
--- Step 1980 ---
Leader (True): [ 0.271, -0.758,  0.203, -2.469,  0.900,  1.322,  0.795]
Leader (Pred): [   nan,    nan,    nan,    nan,    nan,    nan,    nan]
Follower     : [ 0.000, -0.785, -0.000, -2.356,  0.000,  1.571,  0.785]
Action (Tau) : [   nan,    nan,    nan,    nan,    nan,    nan,    nan]
Error (T-F)  : [ 0.271,  0.027,  0.203, -0.113,  0.900, -0.249,  0.010]
------------------------------------------------------------
--- Step 1990 ---
Leader (True): [ 0.272, -0.761,  0.203, -2.472,  0.901,  1.311,  0.796]
Leader (Pred): [   nan,    nan,    nan,    nan,    nan,    nan,    nan]
Follower     : [ 0.000, -0.785, -0.000, -2.356,  0.000,  1.571,  0.785]
Action (Tau) : [   nan,    nan,    nan,    nan,    nan,    nan,    nan]
Error (T-F)  : [ 0.272,  0.024,  0.203, -0.116,  0.901, -0.260,  0.011]
------------------------------------------------------------
--- Step 2000 ---
Leader (True): [ 0.273, -0.763,  0.204, -2.474,  0.902,  1.300,  0.796]
Leader (Pred): [   nan,    nan,    nan,    nan,    nan,    nan,    nan]
Follower     : [ 0.000, -0.785, -0.000, -2.356,  0.000,  1.571,  0.785]
Action (Tau) : [   nan,    nan,    nan,    nan,    nan,    nan,    nan]
Error (T-F)  : [ 0.273,  0.022,  0.204, -0.118,  0.902, -0.271,  0.011]
------------------------------------------------------------
--- Step 2010 ---
Leader (True): [ 0.274, -0.765,  0.204, -2.477,  0.903,  1.289,  0.796]
Leader (Pred): [   nan,    nan,    nan,    nan,    nan,    nan,    nan]
Follower     : [ 0.000, -0.785, -0.000, -2.356,  0.000,  1.571,  0.785]
Action (Tau) : [   nan,    nan,    nan,    nan,    nan,    nan,    nan]
Error (T-F)  : [ 0.274,  0.020,  0.204, -0.121,  0.903, -0.282,  0.011]
------------------------------------------------------------
--- Step 2020 ---
Leader (True): [ 0.275, -0.768,  0.205, -2.479,  0.904,  1.279,  0.796]
Leader (Pred): [   nan,    nan,    nan,    nan,    nan,    nan,    nan]
Follower     : [ 0.000, -0.785, -0.000, -2.356,  0.000,  1.571,  0.785]
Action (Tau) : [   nan,    nan,    nan,    nan,    nan,    nan,    nan]
Error (T-F)  : [ 0.275,  0.017,  0.205, -0.123,  0.904, -0.292,  0.011]
------------------------------------------------------------
--- Step 2030 ---
Leader (True): [ 0.276, -0.770,  0.205, -2.482,  0.905,  1.269,  0.797]
Leader (Pred): [   nan,    nan,    nan,    nan,    nan,    nan,    nan]
Follower     : [ 0.000, -0.785, -0.000, -2.356,  0.000,  1.571,  0.785]
Action (Tau) : [   nan,    nan,    nan,    nan,    nan,    nan,    nan]
Error (T-F)  : [ 0.276,  0.015,  0.205, -0.126,  0.905, -0.302,  0.012]
------------------------------------------------------------
--- Step 2040 ---
Leader (True): [ 0.277, -0.772,  0.205, -2.484,  0.905,  1.258,  0.797]
Leader (Pred): [   nan,    nan,    nan,    nan,    nan,    nan,    nan]
Follower     : [ 0.000, -0.785, -0.000, -2.356,  0.000,  1.571,  0.785]
Action (Tau) : [   nan,    nan,    nan,    nan,    nan,    nan,    nan]
Error (T-F)  : [ 0.277,  0.013,  0.205, -0.128,  0.905, -0.312,  0.012]
------------------------------------------------------------
--- Step 2050 ---
Leader (True): [ 0.278, -0.774,  0.206, -2.487,  0.906,  1.249,  0.797]
Leader (Pred): [   nan,    nan,    nan,    nan,    nan,    nan,    nan]
Follower     : [ 0.000, -0.785, -0.000, -2.356,  0.000,  1.571,  0.785]
Action (Tau) : [   nan,    nan,    nan,    nan,    nan,    nan,    nan]
Error (T-F)  : [ 0.278,  0.011,  0.206, -0.131,  0.906, -0.322,  0.012]
------------------------------------------------------------
--- Step 2060 ---
Leader (True): [ 0.278, -0.776,  0.206, -2.489,  0.906,  1.239,  0.798]
Leader (Pred): [   nan,    nan,    nan,    nan,    nan,    nan,    nan]
Follower     : [ 0.000, -0.785, -0.000, -2.356,  0.000,  1.571,  0.785]
Action (Tau) : [   nan,    nan,    nan,    nan,    nan,    nan,    nan]
Error (T-F)  : [ 0.278,  0.009,  0.206, -0.133,  0.906, -0.332,  0.013]
------------------------------------------------------------
--- Step 2070 ---
Leader (True): [ 0.279, -0.778,  0.207, -2.491,  0.907,  1.229,  0.798]
Leader (Pred): [   nan,    nan,    nan,    nan,    nan,    nan,    nan]
Follower     : [ 0.000, -0.785, -0.000, -2.356,  0.000,  1.571,  0.785]
Action (Tau) : [   nan,    nan,    nan,    nan,    nan,    nan,    nan]
Error (T-F)  : [ 0.279,  0.007,  0.207, -0.135,  0.907, -0.341,  0.013]
------------------------------------------------------------
--- Step 2080 ---
Leader (True): [ 0.280, -0.780,  0.207, -2.494,  0.907,  1.220,  0.798]
Leader (Pred): [   nan,    nan,    nan,    nan,    nan,    nan,    nan]
Follower     : [ 0.000, -0.785, -0.000, -2.356,  0.000,  1.571,  0.785]
Action (Tau) : [   nan,    nan,    nan,    nan,    nan,    nan,    nan]
Error (T-F)  : [ 0.280,  0.005,  0.207, -0.138,  0.907, -0.351,  0.013]
------------------------------------------------------------
--- Step 2090 ---
Leader (True): [ 0.281, -0.782,  0.207, -2.496,  0.907,  1.211,  0.798]
Leader (Pred): [   nan,    nan,    nan,    nan,    nan,    nan,    nan]
Follower     : [ 0.000, -0.785, -0.000, -2.356,  0.000,  1.571,  0.785]
Action (Tau) : [   nan,    nan,    nan,    nan,    nan,    nan,    nan]
Error (T-F)  : [ 0.281,  0.003,  0.207, -0.140,  0.907, -0.360,  0.013]
------------------------------------------------------------
--- Step 2100 ---
Leader (True): [ 0.281, -0.784,  0.208, -2.498,  0.907,  1.202,  0.798]
Leader (Pred): [   nan,    nan,    nan,    nan,    nan,    nan,    nan]
Follower     : [ 0.000, -0.785, -0.000, -2.356,  0.000,  1.571,  0.785]
Action (Tau) : [   nan,    nan,    nan,    nan,    nan,    nan,    nan]
Error (T-F)  : [ 0.281,  0.001,  0.208, -0.142,  0.907, -0.369,  0.013]
------------------------------------------------------------
--- Step 2110 ---
Leader (True): [ 0.282, -0.786,  0.208, -2.500,  0.907,  1.193,  0.799]
Leader (Pred): [   nan,    nan,    nan,    nan,    nan,    nan,    nan]
Follower     : [ 0.000, -0.785, -0.000, -2.356,  0.000,  1.571,  0.785]
Action (Tau) : [   nan,    nan,    nan,    nan,    nan,    nan,    nan]
Error (T-F)  : [ 0.282, -0.001,  0.208, -0.144,  0.907, -0.377,  0.014]
------------------------------------------------------------
--- Step 2120 ---
Leader (True): [ 0.283, -0.788,  0.208, -2.502,  0.907,  1.185,  0.799]
Leader (Pred): [   nan,    nan,    nan,    nan,    nan,    nan,    nan]
Follower     : [ 0.000, -0.785, -0.000, -2.356,  0.000,  1.571,  0.785]
Action (Tau) : [   nan,    nan,    nan,    nan,    nan,    nan,    nan]
Error (T-F)  : [ 0.283, -0.003,  0.208, -0.146,  0.907, -0.386,  0.014]
------------------------------------------------------------
--- Step 2130 ---
Leader (True): [ 0.283, -0.790,  0.208, -2.504,  0.906,  1.177,  0.799]
Leader (Pred): [   nan,    nan,    nan,    nan,    nan,    nan,    nan]
Follower     : [ 0.000, -0.785, -0.000, -2.356,  0.000,  1.571,  0.785]
Action (Tau) : [   nan,    nan,    nan,    nan,    nan,    nan,    nan]
Error (T-F)  : [ 0.283, -0.005,  0.208, -0.148,  0.906, -0.394,  0.014]
------------------------------------------------------------
--- Step 2140 ---
Leader (True): [ 0.284, -0.792,  0.209, -2.506,  0.906,  1.168,  0.799]
Leader (Pred): [   nan,    nan,    nan,    nan,    nan,    nan,    nan]
Follower     : [ 0.000, -0.785, -0.000, -2.356,  0.000,  1.571,  0.785]
Action (Tau) : [   nan,    nan,    nan,    nan,    nan,    nan,    nan]
Error (T-F)  : [ 0.284, -0.007,  0.209, -0.150,  0.906, -0.402,  0.014]
------------------------------------------------------------
--- Step 2150 ---
Leader (True): [ 0.284, -0.793,  0.209, -2.508,  0.906,  1.161,  0.799]
Leader (Pred): [   nan,    nan,    nan,    nan,    nan,    nan,    nan]
Follower     : [ 0.000, -0.785, -0.000, -2.356,  0.000,  1.571,  0.785]
Action (Tau) : [   nan,    nan,    nan,    nan,    nan,    nan,    nan]
Error (T-F)  : [ 0.284, -0.008,  0.209, -0.152,  0.906, -0.410,  0.014]
------------------------------------------------------------
--- Step 2160 ---
Leader (True): [ 0.285, -0.795,  0.209, -2.510,  0.905,  1.153,  0.800]
Leader (Pred): [   nan,    nan,    nan,    nan,    nan,    nan,    nan]
Follower     : [ 0.000, -0.785, -0.000, -2.356,  0.000,  1.571,  0.785]
Action (Tau) : [   nan,    nan,    nan,    nan,    nan,    nan,    nan]
Error (T-F)  : [ 0.285, -0.010,  0.209, -0.154,  0.905, -0.418,  0.015]
------------------------------------------------------------
--- Step 2170 ---
Leader (True): [ 0.285, -0.797,  0.209, -2.512,  0.904,  1.145,  0.800]
Leader (Pred): [   nan,    nan,    nan,    nan,    nan,    nan,    nan]
Follower     : [ 0.000, -0.785, -0.000, -2.356,  0.000,  1.571,  0.785]
Action (Tau) : [   nan,    nan,    nan,    nan,    nan,    nan,    nan]
Error (T-F)  : [ 0.285, -0.012,  0.209, -0.156,  0.904, -0.425,  0.015]
------------------------------------------------------------
--- Step 2180 ---
Leader (True): [ 0.285, -0.798,  0.209, -2.513,  0.904,  1.138,  0.800]
Leader (Pred): [   nan,    nan,    nan,    nan,    nan,    nan,    nan]
Follower     : [ 0.000, -0.785, -0.000, -2.356,  0.000,  1.571,  0.785]
Action (Tau) : [   nan,    nan,    nan,    nan,    nan,    nan,    nan]
Error (T-F)  : [ 0.285, -0.013,  0.209, -0.157,  0.904, -0.433,  0.015]
------------------------------------------------------------
--- Step 2190 ---
Leader (True): [ 0.286, -0.800,  0.209, -2.515,  0.903,  1.131,  0.800]
Leader (Pred): [   nan,    nan,    nan,    nan,    nan,    nan,    nan]
Follower     : [ 0.000, -0.785, -0.000, -2.356,  0.000,  1.571,  0.785]
Action (Tau) : [   nan,    nan,    nan,    nan,    nan,    nan,    nan]
Error (T-F)  : [ 0.286, -0.015,  0.209, -0.159,  0.903, -0.440,  0.015]
------------------------------------------------------------
--- Step 2200 ---
Leader (True): [ 0.286, -0.802,  0.209, -2.517,  0.902,  1.124,  0.800]
Leader (Pred): [   nan,    nan,    nan,    nan,    nan,    nan,    nan]
Follower     : [ 0.000, -0.785, -0.000, -2.356,  0.000,  1.571,  0.785]
Action (Tau) : [   nan,    nan,    nan,    nan,    nan,    nan,    nan]
Error (T-F)  : [ 0.286, -0.017,  0.209, -0.161,  0.902, -0.447,  0.015]
------------------------------------------------------------
--- Step 2210 ---
Leader (True): [ 0.286, -0.803,  0.209, -2.518,  0.901,  1.117,  0.800]
Leader (Pred): [   nan,    nan,    nan,    nan,    nan,    nan,    nan]
Follower     : [ 0.000, -0.785, -0.000, -2.356,  0.000,  1.571,  0.785]
Action (Tau) : [   nan,    nan,    nan,    nan,    nan,    nan,    nan]
Error (T-F)  : [ 0.286, -0.018,  0.209, -0.162,  0.901, -0.454,  0.015]
------------------------------------------------------------
--- Step 2220 ---
Leader (True): [ 0.286, -0.804,  0.209, -2.520,  0.900,  1.111,  0.800]
Leader (Pred): [   nan,    nan,    nan,    nan,    nan,    nan,    nan]
Follower     : [ 0.000, -0.785, -0.000, -2.356,  0.000,  1.571,  0.785]
Action (Tau) : [   nan,    nan,    nan,    nan,    nan,    nan,    nan]
Error (T-F)  : [ 0.286, -0.019,  0.209, -0.164,  0.900, -0.460,  0.015]
------------------------------------------------------------
--- Step 2230 ---
Leader (True): [ 0.286, -0.806,  0.208, -2.521,  0.898,  1.104,  0.801]
Leader (Pred): [   nan,    nan,    nan,    nan,    nan,    nan,    nan]
Follower     : [ 0.000, -0.785, -0.000, -2.356,  0.000,  1.571,  0.785]
Action (Tau) : [   nan,    nan,    nan,    nan,    nan,    nan,    nan]
Error (T-F)  : [ 0.286, -0.021,  0.208, -0.165,  0.898, -0.466,  0.016]
------------------------------------------------------------
--- Step 2240 ---
Leader (True): [ 0.286, -0.807,  0.208, -2.522,  0.897,  1.098,  0.801]
Leader (Pred): [   nan,    nan,    nan,    nan,    nan,    nan,    nan]
Follower     : [ 0.000, -0.785, -0.000, -2.356,  0.000,  1.571,  0.785]
Action (Tau) : [   nan,    nan,    nan,    nan,    nan,    nan,    nan]
Error (T-F)  : [ 0.286, -0.022,  0.208, -0.166,  0.897, -0.473,  0.016]
------------------------------------------------------------
--- Step 2250 ---
Leader (True): [ 0.286, -0.809,  0.208, -2.524,  0.895,  1.092,  0.801]
Leader (Pred): [   nan,    nan,    nan,    nan,    nan,    nan,    nan]
Follower     : [ 0.000, -0.785, -0.000, -2.356,  0.000,  1.571,  0.785]
Action (Tau) : [   nan,    nan,    nan,    nan,    nan,    nan,    nan]
Error (T-F)  : [ 0.286, -0.024,  0.208, -0.168,  0.895, -0.479,  0.016]
------------------------------------------------------------
--- Step 2260 ---
Leader (True): [ 0.286, -0.810,  0.208, -2.525,  0.894,  1.087,  0.801]
Leader (Pred): [   nan,    nan,    nan,    nan,    nan,    nan,    nan]
Follower     : [ 0.000, -0.785, -0.000, -2.356,  0.000,  1.571,  0.785]
Action (Tau) : [   nan,    nan,    nan,    nan,    nan,    nan,    nan]
Error (T-F)  : [ 0.286, -0.025,  0.208, -0.169,  0.894, -0.484,  0.016]
------------------------------------------------------------
--- Step 2270 ---
Leader (True): [ 0.286, -0.811,  0.207, -2.526,  0.892,  1.081,  0.801]
Leader (Pred): [   nan,    nan,    nan,    nan,    nan,    nan,    nan]
Follower     : [ 0.000, -0.785, -0.000, -2.356,  0.000,  1.571,  0.785]
Action (Tau) : [   nan,    nan,    nan,    nan,    nan,    nan,    nan]
Error (T-F)  : [ 0.286, -0.026,  0.207, -0.170,  0.892, -0.490,  0.016]
------------------------------------------------------------
--- Step 2280 ---
Leader (True): [ 0.286, -0.812,  0.207, -2.527,  0.891,  1.076,  0.801]
Leader (Pred): [   nan,    nan,    nan,    nan,    nan,    nan,    nan]
Follower     : [ 0.000, -0.785, -0.000, -2.356,  0.000,  1.571,  0.785]
Action (Tau) : [   nan,    nan,    nan,    nan,    nan,    nan,    nan]
Error (T-F)  : [ 0.286, -0.027,  0.207, -0.171,  0.891, -0.495,  0.016]
------------------------------------------------------------
--- Step 2290 ---
Leader (True): [ 0.286, -0.813,  0.206, -2.528,  0.889,  1.071,  0.801]
Leader (Pred): [   nan,    nan,    nan,    nan,    nan,    nan,    nan]
Follower     : [ 0.000, -0.785, -0.000, -2.356,  0.000,  1.571,  0.785]
Action (Tau) : [   nan,    nan,    nan,    nan,    nan,    nan,    nan]
Error (T-F)  : [ 0.286, -0.028,  0.206, -0.172,  0.889, -0.500,  0.016]
------------------------------------------------------------
--- Step 2300 ---
Leader (True): [ 0.285, -0.814,  0.206, -2.529,  0.887,  1.066,  0.801]
Leader (Pred): [   nan,    nan,    nan,    nan,    nan,    nan,    nan]
Follower     : [ 0.000, -0.785, -0.000, -2.356,  0.000,  1.571,  0.785]
Action (Tau) : [   nan,    nan,    nan,    nan,    nan,    nan,    nan]
Error (T-F)  : [ 0.285, -0.029,  0.206, -0.173,  0.887, -0.505,  0.016]
------------------------------------------------------------
--- Step 2310 ---
Leader (True): [ 0.285, -0.815,  0.205, -2.530,  0.885,  1.061,  0.801]
Leader (Pred): [   nan,    nan,    nan,    nan,    nan,    nan,    nan]
Follower     : [ 0.000, -0.785, -0.000, -2.356,  0.000,  1.571,  0.785]
Action (Tau) : [   nan,    nan,    nan,    nan,    nan,    nan,    nan]
Error (T-F)  : [ 0.285, -0.030,  0.205, -0.174,  0.885, -0.510,  0.016]
------------------------------------------------------------
--- Step 2320 ---
Leader (True): [ 0.285, -0.816,  0.204, -2.530,  0.883,  1.057,  0.801]
Leader (Pred): [   nan,    nan,    nan,    nan,    nan,    nan,    nan]
Follower     : [ 0.000, -0.785, -0.000, -2.356,  0.000,  1.571,  0.785]
Action (Tau) : [   nan,    nan,    nan,    nan,    nan,    nan,    nan]
Error (T-F)  : [ 0.285, -0.031,  0.204, -0.174,  0.883, -0.514,  0.016]
------------------------------------------------------------
--- Step 2330 ---
Leader (True): [ 0.284, -0.817,  0.204, -2.531,  0.881,  1.052,  0.801]
Leader (Pred): [   nan,    nan,    nan,    nan,    nan,    nan,    nan]
Follower     : [ 0.000, -0.785, -0.000, -2.356,  0.000,  1.571,  0.785]
Action (Tau) : [   nan,    nan,    nan,    nan,    nan,    nan,    nan]
Error (T-F)  : [ 0.284, -0.032,  0.204, -0.175,  0.881, -0.518,  0.016]
------------------------------------------------------------
--- Step 2340 ---
Leader (True): [ 0.284, -0.818,  0.203, -2.532,  0.879,  1.048,  0.801]
Leader (Pred): [   nan,    nan,    nan,    nan,    nan,    nan,    nan]
Follower     : [ 0.000, -0.785, -0.000, -2.356,  0.000,  1.571,  0.785]
Action (Tau) : [   nan,    nan,    nan,    nan,    nan,    nan,    nan]
Error (T-F)  : [ 0.284, -0.033,  0.203, -0.176,  0.879, -0.523,  0.016]
------------------------------------------------------------
--- Step 2350 ---
Leader (True): [ 0.283, -0.819,  0.202, -2.532,  0.876,  1.044,  0.801]
Leader (Pred): [   nan,    nan,    nan,    nan,    nan,    nan,    nan]
Follower     : [ 0.000, -0.785, -0.000, -2.356,  0.000,  1.571,  0.785]
Action (Tau) : [   nan,    nan,    nan,    nan,    nan,    nan,    nan]
Error (T-F)  : [ 0.283, -0.034,  0.202, -0.176,  0.876, -0.527,  0.016]
------------------------------------------------------------
--- Step 2360 ---
Leader (True): [ 0.283, -0.820,  0.202, -2.533,  0.874,  1.040,  0.801]
Leader (Pred): [   nan,    nan,    nan,    nan,    nan,    nan,    nan]
Follower     : [ 0.000, -0.785, -0.000, -2.356,  0.000,  1.571,  0.785]
Action (Tau) : [   nan,    nan,    nan,    nan,    nan,    nan,    nan]
Error (T-F)  : [ 0.283, -0.035,  0.202, -0.177,  0.874, -0.530,  0.016]
------------------------------------------------------------
--- Step 2370 ---
Leader (True): [ 0.282, -0.821,  0.201, -2.533,  0.872,  1.037,  0.801]
Leader (Pred): [   nan,    nan,    nan,    nan,    nan,    nan,    nan]
Follower     : [ 0.000, -0.785, -0.000, -2.356,  0.000,  1.571,  0.785]
Action (Tau) : [   nan,    nan,    nan,    nan,    nan,    nan,    nan]
Error (T-F)  : [ 0.282, -0.036,  0.201, -0.177,  0.872, -0.534,  0.016]
------------------------------------------------------------
--- Step 2380 ---
Leader (True): [ 0.282, -0.821,  0.200, -2.534,  0.869,  1.033,  0.801]
Leader (Pred): [   nan,    nan,    nan,    nan,    nan,    nan,    nan]
Follower     : [ 0.000, -0.785, -0.000, -2.356,  0.000,  1.571,  0.785]
Action (Tau) : [   nan,    nan,    nan,    nan,    nan,    nan,    nan]
Error (T-F)  : [ 0.282, -0.036,  0.200, -0.178,  0.869, -0.538,  0.016]
------------------------------------------------------------
--- Step 2390 ---
Leader (True): [ 0.281, -0.822,  0.199, -2.534,  0.867,  1.030,  0.801]
Leader (Pred): [   nan,    nan,    nan,    nan,    nan,    nan,    nan]
Follower     : [ 0.000, -0.785, -0.000, -2.356,  0.000,  1.571,  0.785]
Action (Tau) : [   nan,    nan,    nan,    nan,    nan,    nan,    nan]
Error (T-F)  : [ 0.281, -0.037,  0.199, -0.178,  0.867, -0.541,  0.016]
------------------------------------------------------------
--- Step 2400 ---
Leader (True): [ 0.280, -0.823,  0.198, -2.534,  0.864,  1.026,  0.801]
Leader (Pred): [   nan,    nan,    nan,    nan,    nan,    nan,    nan]
Follower     : [ 0.000, -0.785, -0.000, -2.356,  0.000,  1.571,  0.785]
Action (Tau) : [   nan,    nan,    nan,    nan,    nan,    nan,    nan]
Error (T-F)  : [ 0.280, -0.038,  0.198, -0.178,  0.864, -0.545,  0.016]
------------------------------------------------------------
--- Step 2410 ---
Leader (True): [ 0.280, -0.823,  0.197, -2.534,  0.861,  1.023,  0.801]
Leader (Pred): [   nan,    nan,    nan,    nan,    nan,    nan,    nan]
Follower     : [ 0.000, -0.785, -0.000, -2.356,  0.000,  1.571,  0.785]
Action (Tau) : [   nan,    nan,    nan,    nan,    nan,    nan,    nan]
Error (T-F)  : [ 0.280, -0.038,  0.197, -0.178,  0.861, -0.548,  0.016]
------------------------------------------------------------
--- Step 2420 ---
Leader (True): [ 0.279, -0.824,  0.196, -2.534,  0.858,  1.019,  0.801]
Leader (Pred): [   nan,    nan,    nan,    nan,    nan,    nan,    nan]
Follower     : [ 0.000, -0.785, -0.000, -2.356,  0.000,  1.571,  0.785]
Action (Tau) : [   nan,    nan,    nan,    nan,    nan,    nan,    nan]
Error (T-F)  : [ 0.279, -0.039,  0.196, -0.178,  0.858, -0.551,  0.016]
------------------------------------------------------------
--- Step 2430 ---
Leader (True): [ 0.278, -0.825,  0.194, -2.535,  0.855,  1.016,  0.801]
Leader (Pred): [   nan,    nan,    nan,    nan,    nan,    nan,    nan]
Follower     : [ 0.000, -0.785, -0.000, -2.356,  0.000,  1.571,  0.785]
Action (Tau) : [   nan,    nan,    nan,    nan,    nan,    nan,    nan]
Error (T-F)  : [ 0.278, -0.040,  0.194, -0.179,  0.855, -0.555,  0.016]
------------------------------------------------------------
--- Step 2440 ---
Leader (True): [ 0.277, -0.826,  0.193, -2.535,  0.851,  1.013,  0.801]
Leader (Pred): [   nan,    nan,    nan,    nan,    nan,    nan,    nan]
Follower     : [ 0.000, -0.785, -0.000, -2.356,  0.000,  1.571,  0.785]
Action (Tau) : [   nan,    nan,    nan,    nan,    nan,    nan,    nan]
Error (T-F)  : [ 0.277, -0.041,  0.193, -0.179,  0.851, -0.558,  0.016]
------------------------------------------------------------
--- Step 2450 ---
Leader (True): [ 0.276, -0.826,  0.192, -2.535,  0.848,  1.009,  0.801]
Leader (Pred): [   nan,    nan,    nan,    nan,    nan,    nan,    nan]
Follower     : [ 0.000, -0.785, -0.000, -2.356,  0.000,  1.571,  0.785]
Action (Tau) : [   nan,    nan,    nan,    nan,    nan,    nan,    nan]
Error (T-F)  : [ 0.276, -0.041,  0.192, -0.179,  0.848, -0.561,  0.016]
------------------------------------------------------------
--- Step 2460 ---
Leader (True): [ 0.274, -0.827,  0.190, -2.535,  0.844,  1.006,  0.801]
Leader (Pred): [   nan,    nan,    nan,    nan,    nan,    nan,    nan]
Follower     : [ 0.000, -0.785, -0.000, -2.356,  0.000,  1.571,  0.785]
Action (Tau) : [   nan,    nan,    nan,    nan,    nan,    nan,    nan]
Error (T-F)  : [ 0.274, -0.042,  0.190, -0.179,  0.844, -0.564,  0.016]
------------------------------------------------------------
--- Step 2470 ---
Leader (True): [ 0.273, -0.828,  0.189, -2.534,  0.840,  1.003,  0.801]
Leader (Pred): [   nan,    nan,    nan,    nan,    nan,    nan,    nan]
Follower     : [ 0.000, -0.785, -0.000, -2.356,  0.000,  1.571,  0.785]
Action (Tau) : [   nan,    nan,    nan,    nan,    nan,    nan,    nan]
Error (T-F)  : [ 0.273, -0.043,  0.189, -0.178,  0.840, -0.568,  0.016]
------------------------------------------------------------
--- Step 2480 ---
Leader (True): [ 0.271, -0.828,  0.187, -2.534,  0.835,  1.000,  0.801]
Leader (Pred): [   nan,    nan,    nan,    nan,    nan,    nan,    nan]
Follower     : [ 0.000, -0.785, -0.000, -2.356,  0.000,  1.571,  0.785]
Action (Tau) : [   nan,    nan,    nan,    nan,    nan,    nan,    nan]
Error (T-F)  : [ 0.271, -0.043,  0.187, -0.178,  0.835, -0.571,  0.016]
------------------------------------------------------------
--- Step 2490 ---
Leader (True): [ 0.270, -0.829,  0.185, -2.534,  0.831,  0.997,  0.801]
Leader (Pred): [   nan,    nan,    nan,    nan,    nan,    nan,    nan]
Follower     : [ 0.000, -0.785, -0.000, -2.356,  0.000,  1.571,  0.785]
Action (Tau) : [   nan,    nan,    nan,    nan,    nan,    nan,    nan]
Error (T-F)  : [ 0.270, -0.044,  0.185, -0.178,  0.831, -0.574,  0.016]
------------------------------------------------------------
>>> Avg Reward: nan

>>> EVALUATION AT STEP 55000
====================================================================================================
--- Step 0 ---
Leader (True): [ 0.000, -0.785,  0.000, -2.356,  0.000,  1.571,  0.785]
Leader (Pred): [   nan,    nan,    nan,    nan,    nan,    nan,    nan]
Follower     : [ 0.000, -0.785, -0.000, -2.356,  0.000,  1.571,  0.785]
Action (Tau) : [   nan,    nan,    nan,    nan,    nan,    nan,    nan]
Error (T-F)  : [-0.000,  0.000,  0.000,  0.000, -0.000,  0.000,  0.000]
------------------------------------------------------------
--- Step 10 ---
Leader (True): [ 0.000, -0.785,  0.000, -2.356,  0.001,  1.571,  0.785]
Leader (Pred): [   nan,    nan,    nan,    nan,    nan,    nan,    nan]
Follower     : [ 0.000, -0.785, -0.000, -2.356,  0.000,  1.571,  0.785]
Action (Tau) : [   nan,    nan,    nan,    nan,    nan,    nan,    nan]
Error (T-F)  : [ 0.000, -0.000,  0.000,  0.000,  0.001, -0.000,  0.000]
------------------------------------------------------------
--- Step 20 ---
Leader (True): [ 0.007, -0.786,  0.003, -2.355,  0.030,  1.562,  0.785]
Leader (Pred): [   nan,    nan,    nan,    nan,    nan,    nan,    nan]
Follower     : [ 0.000, -0.785, -0.000, -2.356,  0.000,  1.571,  0.785]
Action (Tau) : [   nan,    nan,    nan,    nan,    nan,    nan,    nan]
Error (T-F)  : [ 0.007, -0.001,  0.003,  0.001,  0.030, -0.009,  0.000]
------------------------------------------------------------
--- Step 30 ---
Leader (True): [ 0.013, -0.787,  0.005, -2.355,  0.060,  1.554,  0.786]
Leader (Pred): [   nan,    nan,    nan,    nan,    nan,    nan,    nan]
Follower     : [ 0.000, -0.785, -0.000, -2.356,  0.000,  1.571,  0.785]
Action (Tau) : [   nan,    nan,    nan,    nan,    nan,    nan,    nan]
Error (T-F)  : [ 0.013, -0.002,  0.005,  0.001,  0.060, -0.017,  0.001]
------------------------------------------------------------
--- Step 40 ---
Leader (True): [ 0.019, -0.787,  0.007, -2.355,  0.090,  1.547,  0.786]
Leader (Pred): [   nan,    nan,    nan,    nan,    nan,    nan,    nan]
Follower     : [ 0.000, -0.785, -0.000, -2.356,  0.000,  1.571,  0.785]
Action (Tau) : [   nan,    nan,    nan,    nan,    nan,    nan,    nan]
Error (T-F)  : [ 0.019, -0.002,  0.007,  0.001,  0.090, -0.024,  0.001]
------------------------------------------------------------
--- Step 50 ---
Leader (True): [ 0.026, -0.788,  0.010, -2.355,  0.120,  1.540,  0.787]
Leader (Pred): [   nan,    nan,    nan,    nan,    nan,    nan,    nan]
Follower     : [ 0.000, -0.785, -0.000, -2.356,  0.000,  1.571,  0.785]
Action (Tau) : [   nan,    nan,    nan,    nan,    nan,    nan,    nan]
Error (T-F)  : [ 0.026, -0.003,  0.010,  0.001,  0.120, -0.030,  0.002]
------------------------------------------------------------
--- Step 60 ---
Leader (True): [ 0.032, -0.788,  0.012, -2.356,  0.150,  1.535,  0.787]
Leader (Pred): [   nan,    nan,    nan,    nan,    nan,    nan,    nan]
Follower     : [ 0.000, -0.785, -0.000, -2.356,  0.000,  1.571,  0.785]
Action (Tau) : [   nan,    nan,    nan,    nan,    nan,    nan,    nan]
Error (T-F)  : [ 0.032, -0.003,  0.012, -0.000,  0.150, -0.036,  0.002]
------------------------------------------------------------
--- Step 70 ---
Leader (True): [ 0.038, -0.788,  0.015, -2.357,  0.180,  1.529,  0.787]
Leader (Pred): [   nan,    nan,    nan,    nan,    nan,    nan,    nan]
Follower     : [ 0.000, -0.785, -0.000, -2.356,  0.000,  1.571,  0.785]
Action (Tau) : [   nan,    nan,    nan,    nan,    nan,    nan,    nan]
Error (T-F)  : [ 0.038, -0.003,  0.015, -0.001,  0.180, -0.041,  0.002]
------------------------------------------------------------
--- Step 80 ---
Leader (True): [ 0.044, -0.788,  0.017, -2.359,  0.210,  1.525,  0.788]
Leader (Pred): [   nan,    nan,    nan,    nan,    nan,    nan,    nan]
Follower     : [ 0.000, -0.785, -0.000, -2.356,  0.000,  1.571,  0.785]
Action (Tau) : [   nan,    nan,    nan,    nan,    nan,    nan,    nan]
Error (T-F)  : [ 0.044, -0.003,  0.017, -0.003,  0.210, -0.046,  0.003]
------------------------------------------------------------
--- Step 90 ---
Leader (True): [ 0.051, -0.788,  0.020, -2.361,  0.240,  1.521,  0.788]
Leader (Pred): [   nan,    nan,    nan,    nan,    nan,    nan,    nan]
Follower     : [ 0.000, -0.785, -0.000, -2.356,  0.000,  1.571,  0.785]
Action (Tau) : [   nan,    nan,    nan,    nan,    nan,    nan,    nan]
Error (T-F)  : [ 0.051, -0.003,  0.020, -0.005,  0.240, -0.049,  0.003]
------------------------------------------------------------
--- Step 100 ---
Leader (True): [ 0.057, -0.788,  0.023, -2.363,  0.268,  1.519,  0.789]
Leader (Pred): [   nan,    nan,    nan,    nan,    nan,    nan,    nan]
Follower     : [ 0.000, -0.785, -0.000, -2.356,  0.000,  1.571,  0.785]
Action (Tau) : [   nan,    nan,    nan,    nan,    nan,    nan,    nan]
Error (T-F)  : [ 0.057, -0.003,  0.023, -0.007,  0.268, -0.052,  0.004]
------------------------------------------------------------
--- Step 110 ---
Leader (True): [ 0.058, -0.787,  0.024, -2.364,  0.275,  1.522,  0.789]
Leader (Pred): [   nan,    nan,    nan,    nan,    nan,    nan,    nan]
Follower     : [ 0.000, -0.785, -0.000, -2.356,  0.000,  1.571,  0.785]
Action (Tau) : [   nan,    nan,    nan,    nan,    nan,    nan,    nan]
Error (T-F)  : [ 0.058, -0.002,  0.024, -0.008,  0.275, -0.049,  0.004]
------------------------------------------------------------
--- Step 120 ---
Leader (True): [ 0.060, -0.786,  0.025, -2.365,  0.287,  1.532,  0.789]
Leader (Pred): [   nan,    nan,    nan,    nan,    nan,    nan,    nan]
Follower     : [ 0.000, -0.785, -0.000, -2.356,  0.000,  1.571,  0.785]
Action (Tau) : [   nan,    nan,    nan,    nan,    nan,    nan,    nan]
Error (T-F)  : [ 0.060, -0.001,  0.025, -0.009,  0.287, -0.038,  0.004]
------------------------------------------------------------
--- Step 130 ---
Leader (True): [ 0.062, -0.783,  0.027, -2.367,  0.297,  1.549,  0.789]
Leader (Pred): [   nan,    nan,    nan,    nan,    nan,    nan,    nan]
Follower     : [ 0.000, -0.785, -0.000, -2.356,  0.000,  1.571,  0.785]
Action (Tau) : [   nan,    nan,    nan,    nan,    nan,    nan,    nan]
Error (T-F)  : [ 0.062,  0.002,  0.027, -0.011,  0.297, -0.022,  0.004]
------------------------------------------------------------
--- Step 140 ---
Leader (True): [ 0.064, -0.781,  0.029, -2.368,  0.306,  1.568,  0.790]
Leader (Pred): [   nan,    nan,    nan,    nan,    nan,    nan,    nan]
Follower     : [ 0.000, -0.785, -0.000, -2.356,  0.000,  1.571,  0.785]
Action (Tau) : [   nan,    nan,    nan,    nan,    nan,    nan,    nan]
Error (T-F)  : [ 0.064,  0.004,  0.029, -0.012,  0.306, -0.003,  0.005]
------------------------------------------------------------
--- Step 150 ---
Leader (True): [ 0.066, -0.778,  0.032, -2.370,  0.314,  1.588,  0.790]
Leader (Pred): [   nan,    nan,    nan,    nan,    nan,    nan,    nan]
Follower     : [ 0.000, -0.785, -0.000, -2.356,  0.000,  1.571,  0.785]
Action (Tau) : [   nan,    nan,    nan,    nan,    nan,    nan,    nan]
Error (T-F)  : [ 0.066,  0.007,  0.032, -0.014,  0.314,  0.017,  0.005]
------------------------------------------------------------
--- Step 160 ---
Leader (True): [ 0.068, -0.775,  0.034, -2.371,  0.320,  1.609,  0.790]
Leader (Pred): [   nan,    nan,    nan,    nan,    nan,    nan,    nan]
Follower     : [ 0.000, -0.785, -0.000, -2.356,  0.000,  1.571,  0.785]
Action (Tau) : [   nan,    nan,    nan,    nan,    nan,    nan,    nan]
Error (T-F)  : [ 0.068,  0.010,  0.034, -0.015,  0.320,  0.038,  0.005]
------------------------------------------------------------
--- Step 170 ---
Leader (True): [ 0.070, -0.771,  0.036, -2.372,  0.326,  1.631,  0.790]
Leader (Pred): [   nan,    nan,    nan,    nan,    nan,    nan,    nan]
Follower     : [ 0.000, -0.785, -0.000, -2.356,  0.000,  1.571,  0.785]
Action (Tau) : [   nan,    nan,    nan,    nan,    nan,    nan,    nan]
Error (T-F)  : [ 0.070,  0.014,  0.036, -0.016,  0.326,  0.060,  0.005]
------------------------------------------------------------
--- Step 180 ---
Leader (True): [ 0.072, -0.768,  0.038, -2.373,  0.332,  1.653,  0.790]
Leader (Pred): [   nan,    nan,    nan,    nan,    nan,    nan,    nan]
Follower     : [ 0.000, -0.785, -0.000, -2.356,  0.000,  1.571,  0.785]
Action (Tau) : [   nan,    nan,    nan,    nan,    nan,    nan,    nan]
Error (T-F)  : [ 0.072,  0.017,  0.038, -0.017,  0.332,  0.082,  0.005]
------------------------------------------------------------
--- Step 190 ---
Leader (True): [ 0.074, -0.764,  0.041, -2.375,  0.337,  1.675,  0.790]
Leader (Pred): [   nan,    nan,    nan,    nan,    nan,    nan,    nan]
Follower     : [ 0.000, -0.785, -0.000, -2.356,  0.000,  1.571,  0.785]
Action (Tau) : [   nan,    nan,    nan,    nan,    nan,    nan,    nan]
Error (T-F)  : [ 0.074,  0.021,  0.041, -0.019,  0.337,  0.104,  0.005]
------------------------------------------------------------
--- Step 200 ---
Leader (True): [ 0.077, -0.760,  0.043, -2.376,  0.341,  1.696,  0.790]
Leader (Pred): [   nan,    nan,    nan,    nan,    nan,    nan,    nan]
Follower     : [ 0.000, -0.785, -0.000, -2.356,  0.000,  1.571,  0.785]
Action (Tau) : [   nan,    nan,    nan,    nan,    nan,    nan,    nan]
Error (T-F)  : [ 0.077,  0.025,  0.043, -0.020,  0.341,  0.126,  0.005]
------------------------------------------------------------
--- Step 210 ---
Leader (True): [ 0.079, -0.755,  0.046, -2.376,  0.346,  1.718,  0.790]
Leader (Pred): [   nan,    nan,    nan,    nan,    nan,    nan,    nan]
Follower     : [ 0.000, -0.785, -0.000, -2.356,  0.000,  1.571,  0.785]
Action (Tau) : [   nan,    nan,    nan,    nan,    nan,    nan,    nan]
Error (T-F)  : [ 0.079,  0.030,  0.046, -0.020,  0.346,  0.147,  0.005]
------------------------------------------------------------
--- Step 220 ---
Leader (True): [ 0.081, -0.751,  0.048, -2.377,  0.350,  1.740,  0.790]
Leader (Pred): [   nan,    nan,    nan,    nan,    nan,    nan,    nan]
Follower     : [ 0.000, -0.785, -0.000, -2.356,  0.000,  1.571,  0.785]
Action (Tau) : [   nan,    nan,    nan,    nan,    nan,    nan,    nan]
Error (T-F)  : [ 0.081,  0.034,  0.048, -0.021,  0.350,  0.169,  0.005]
------------------------------------------------------------
--- Step 230 ---
Leader (True): [ 0.084, -0.746,  0.051, -2.378,  0.354,  1.761,  0.790]
Leader (Pred): [   nan,    nan,    nan,    nan,    nan,    nan,    nan]
Follower     : [ 0.000, -0.785, -0.000, -2.356,  0.000,  1.571,  0.785]
Action (Tau) : [   nan,    nan,    nan,    nan,    nan,    nan,    nan]
Error (T-F)  : [ 0.084,  0.039,  0.051, -0.022,  0.354,  0.191,  0.005]
------------------------------------------------------------
--- Step 240 ---
Leader (True): [ 0.086, -0.741,  0.054, -2.378,  0.358,  1.783,  0.790]
Leader (Pred): [   nan,    nan,    nan,    nan,    nan,    nan,    nan]
Follower     : [ 0.000, -0.785, -0.000, -2.356,  0.000,  1.571,  0.785]
Action (Tau) : [   nan,    nan,    nan,    nan,    nan,    nan,    nan]
Error (T-F)  : [ 0.086,  0.044,  0.054, -0.022,  0.358,  0.212,  0.005]
------------------------------------------------------------
--- Step 250 ---
Leader (True): [ 0.088, -0.736,  0.056, -2.379,  0.362,  1.804,  0.789]
Leader (Pred): [   nan,    nan,    nan,    nan,    nan,    nan,    nan]
Follower     : [ 0.000, -0.785, -0.000, -2.356,  0.000,  1.571,  0.785]
Action (Tau) : [   nan,    nan,    nan,    nan,    nan,    nan,    nan]
Error (T-F)  : [ 0.088,  0.049,  0.056, -0.023,  0.362,  0.233,  0.004]
------------------------------------------------------------
--- Step 260 ---
Leader (True): [ 0.091, -0.730,  0.059, -2.379,  0.365,  1.825,  0.789]
Leader (Pred): [   nan,    nan,    nan,    nan,    nan,    nan,    nan]
Follower     : [ 0.000, -0.785, -0.000, -2.356,  0.000,  1.571,  0.785]
Action (Tau) : [   nan,    nan,    nan,    nan,    nan,    nan,    nan]
Error (T-F)  : [ 0.091,  0.055,  0.059, -0.023,  0.365,  0.254,  0.004]
------------------------------------------------------------
--- Step 270 ---
Leader (True): [ 0.093, -0.725,  0.062, -2.378,  0.368,  1.846,  0.789]
Leader (Pred): [   nan,    nan,    nan,    nan,    nan,    nan,    nan]
Follower     : [ 0.000, -0.785, -0.000, -2.356,  0.000,  1.571,  0.785]
Action (Tau) : [   nan,    nan,    nan,    nan,    nan,    nan,    nan]
Error (T-F)  : [ 0.093,  0.060,  0.062, -0.022,  0.368,  0.275,  0.004]
------------------------------------------------------------
--- Step 280 ---
Leader (True): [ 0.096, -0.719,  0.064, -2.378,  0.372,  1.866,  0.789]
Leader (Pred): [   nan,    nan,    nan,    nan,    nan,    nan,    nan]
Follower     : [ 0.000, -0.785, -0.000, -2.356,  0.000,  1.571,  0.785]
Action (Tau) : [   nan,    nan,    nan,    nan,    nan,    nan,    nan]
Error (T-F)  : [ 0.096,  0.066,  0.064, -0.022,  0.372,  0.295,  0.004]
------------------------------------------------------------
--- Step 290 ---
Leader (True): [ 0.098, -0.713,  0.067, -2.378,  0.375,  1.886,  0.789]
Leader (Pred): [   nan,    nan,    nan,    nan,    nan,    nan,    nan]
Follower     : [ 0.000, -0.785, -0.000, -2.356,  0.000,  1.571,  0.785]
Action (Tau) : [   nan,    nan,    nan,    nan,    nan,    nan,    nan]
Error (T-F)  : [ 0.098,  0.072,  0.067, -0.022,  0.375,  0.316,  0.004]
------------------------------------------------------------
--- Step 300 ---
Leader (True): [ 0.101, -0.706,  0.070, -2.377,  0.377,  1.906,  0.789]
Leader (Pred): [   nan,    nan,    nan,    nan,    nan,    nan,    nan]
Follower     : [ 0.000, -0.785, -0.000, -2.356,  0.000,  1.571,  0.785]
Action (Tau) : [   nan,    nan,    nan,    nan,    nan,    nan,    nan]
Error (T-F)  : [ 0.101,  0.079,  0.070, -0.021,  0.377,  0.336,  0.004]
------------------------------------------------------------
--- Step 310 ---
Leader (True): [ 0.103, -0.699,  0.072, -2.376,  0.380,  1.926,  0.789]
Leader (Pred): [   nan,    nan,    nan,    nan,    nan,    nan,    nan]
Follower     : [ 0.000, -0.785, -0.000, -2.356,  0.000,  1.571,  0.785]
Action (Tau) : [   nan,    nan,    nan,    nan,    nan,    nan,    nan]
Error (T-F)  : [ 0.103,  0.086,  0.072, -0.020,  0.380,  0.355,  0.004]
------------------------------------------------------------
--- Step 320 ---
Leader (True): [ 0.105, -0.693,  0.075, -2.375,  0.383,  1.945,  0.789]
Leader (Pred): [   nan,    nan,    nan,    nan,    nan,    nan,    nan]
Follower     : [ 0.000, -0.785, -0.000, -2.356,  0.000,  1.571,  0.785]
Action (Tau) : [   nan,    nan,    nan,    nan,    nan,    nan,    nan]
Error (T-F)  : [ 0.105,  0.092,  0.075, -0.019,  0.383,  0.374,  0.004]
------------------------------------------------------------
--- Step 330 ---
Leader (True): [ 0.108, -0.685,  0.078, -2.373,  0.385,  1.964,  0.789]
Leader (Pred): [   nan,    nan,    nan,    nan,    nan,    nan,    nan]
Follower     : [ 0.000, -0.785, -0.000, -2.356,  0.000,  1.571,  0.785]
Action (Tau) : [   nan,    nan,    nan,    nan,    nan,    nan,    nan]
Error (T-F)  : [ 0.108,  0.100,  0.078, -0.017,  0.385,  0.393,  0.004]
------------------------------------------------------------
--- Step 340 ---
Leader (True): [ 0.110, -0.678,  0.081, -2.372,  0.387,  1.982,  0.788]
Leader (Pred): [   nan,    nan,    nan,    nan,    nan,    nan,    nan]
Follower     : [ 0.000, -0.785, -0.000, -2.356,  0.000,  1.571,  0.785]
Action (Tau) : [   nan,    nan,    nan,    nan,    nan,    nan,    nan]
Error (T-F)  : [ 0.110,  0.107,  0.081, -0.016,  0.387,  0.411,  0.003]
------------------------------------------------------------
--- Step 350 ---
Leader (True): [ 0.113, -0.671,  0.083, -2.370,  0.389,  2.000,  0.788]
Leader (Pred): [   nan,    nan,    nan,    nan,    nan,    nan,    nan]
Follower     : [ 0.000, -0.785, -0.000, -2.356,  0.000,  1.571,  0.785]
Action (Tau) : [   nan,    nan,    nan,    nan,    nan,    nan,    nan]
Error (T-F)  : [ 0.113,  0.114,  0.083, -0.014,  0.389,  0.429,  0.003]
------------------------------------------------------------
--- Step 360 ---
Leader (True): [ 0.115, -0.663,  0.086, -2.367,  0.391,  2.017,  0.788]
Leader (Pred): [   nan,    nan,    nan,    nan,    nan,    nan,    nan]
Follower     : [ 0.000, -0.785, -0.000, -2.356,  0.000,  1.571,  0.785]
Action (Tau) : [   nan,    nan,    nan,    nan,    nan,    nan,    nan]
Error (T-F)  : [ 0.115,  0.122,  0.086, -0.011,  0.391,  0.447,  0.003]
------------------------------------------------------------
--- Step 370 ---
Leader (True): [ 0.117, -0.655,  0.088, -2.365,  0.393,  2.034,  0.788]
Leader (Pred): [   nan,    nan,    nan,    nan,    nan,    nan,    nan]
Follower     : [ 0.000, -0.785, -0.000, -2.356,  0.000,  1.571,  0.785]
Action (Tau) : [   nan,    nan,    nan,    nan,    nan,    nan,    nan]
Error (T-F)  : [ 0.117,  0.130,  0.088, -0.009,  0.393,  0.463,  0.003]
------------------------------------------------------------
--- Step 380 ---
Leader (True): [ 0.120, -0.647,  0.091, -2.362,  0.395,  2.051,  0.788]
Leader (Pred): [   nan,    nan,    nan,    nan,    nan,    nan,    nan]
Follower     : [ 0.000, -0.785, -0.000, -2.356,  0.000,  1.571,  0.785]
Action (Tau) : [   nan,    nan,    nan,    nan,    nan,    nan,    nan]
Error (T-F)  : [ 0.120,  0.138,  0.091, -0.006,  0.395,  0.480,  0.003]
------------------------------------------------------------
--- Step 390 ---
Leader (True): [ 0.122, -0.639,  0.093, -2.359,  0.396,  2.067,  0.788]
Leader (Pred): [   nan,    nan,    nan,    nan,    nan,    nan,    nan]
Follower     : [ 0.000, -0.785, -0.000, -2.356,  0.000,  1.571,  0.785]
Action (Tau) : [   nan,    nan,    nan,    nan,    nan,    nan,    nan]
Error (T-F)  : [ 0.122,  0.146,  0.093, -0.003,  0.396,  0.496,  0.003]
------------------------------------------------------------
--- Step 400 ---
Leader (True): [ 0.124, -0.631,  0.095, -2.356,  0.398,  2.082,  0.788]
Leader (Pred): [   nan,    nan,    nan,    nan,    nan,    nan,    nan]
Follower     : [ 0.000, -0.785, -0.000, -2.356,  0.000,  1.571,  0.785]
Action (Tau) : [   nan,    nan,    nan,    nan,    nan,    nan,    nan]
Error (T-F)  : [ 0.124,  0.154,  0.095, -0.000,  0.398,  0.511,  0.003]
------------------------------------------------------------
--- Step 410 ---
Leader (True): [ 0.127, -0.622,  0.098, -2.353,  0.399,  2.097,  0.788]
Leader (Pred): [   nan,    nan,    nan,    nan,    nan,    nan,    nan]
Follower     : [ 0.000, -0.785, -0.000, -2.356,  0.000,  1.571,  0.785]
Action (Tau) : [   nan,    nan,    nan,    nan,    nan,    nan,    nan]
Error (T-F)  : [ 0.127,  0.163,  0.098,  0.003,  0.399,  0.527,  0.003]
------------------------------------------------------------
--- Step 420 ---
Leader (True): [ 0.129, -0.614,  0.100, -2.349,  0.400,  2.112,  0.788]
Leader (Pred): [   nan,    nan,    nan,    nan,    nan,    nan,    nan]
Follower     : [ 0.000, -0.785, -0.000, -2.356,  0.000,  1.571,  0.785]
Action (Tau) : [   nan,    nan,    nan,    nan,    nan,    nan,    nan]
Error (T-F)  : [ 0.129,  0.171,  0.100,  0.007,  0.400,  0.541,  0.003]
------------------------------------------------------------
--- Step 430 ---
Leader (True): [ 0.131, -0.605,  0.102, -2.346,  0.401,  2.126,  0.787]
Leader (Pred): [   nan,    nan,    nan,    nan,    nan,    nan,    nan]
Follower     : [ 0.000, -0.785, -0.000, -2.356,  0.000,  1.571,  0.785]
Action (Tau) : [   nan,    nan,    nan,    nan,    nan,    nan,    nan]
Error (T-F)  : [ 0.131,  0.180,  0.102,  0.010,  0.401,  0.555,  0.002]
------------------------------------------------------------
--- Step 440 ---
Leader (True): [ 0.133, -0.597,  0.104, -2.342,  0.402,  2.139,  0.787]
Leader (Pred): [   nan,    nan,    nan,    nan,    nan,    nan,    nan]
Follower     : [ 0.000, -0.785, -0.000, -2.356,  0.000,  1.571,  0.785]
Action (Tau) : [   nan,    nan,    nan,    nan,    nan,    nan,    nan]
Error (T-F)  : [ 0.133,  0.188,  0.104,  0.014,  0.402,  0.569,  0.002]
------------------------------------------------------------
--- Step 450 ---
Leader (True): [ 0.135, -0.588,  0.106, -2.338,  0.403,  2.152,  0.787]
Leader (Pred): [   nan,    nan,    nan,    nan,    nan,    nan,    nan]
Follower     : [ 0.000, -0.785, -0.000, -2.356,  0.000,  1.571,  0.785]
Action (Tau) : [   nan,    nan,    nan,    nan,    nan,    nan,    nan]
Error (T-F)  : [ 0.135,  0.197,  0.106,  0.018,  0.403,  0.582,  0.002]
------------------------------------------------------------
--- Step 460 ---
Leader (True): [ 0.137, -0.579,  0.108, -2.333,  0.404,  2.165,  0.787]
Leader (Pred): [   nan,    nan,    nan,    nan,    nan,    nan,    nan]
Follower     : [ 0.000, -0.785, -0.000, -2.356,  0.000,  1.571,  0.785]
Action (Tau) : [   nan,    nan,    nan,    nan,    nan,    nan,    nan]
Error (T-F)  : [ 0.137,  0.206,  0.108,  0.023,  0.404,  0.594,  0.002]
------------------------------------------------------------
--- Step 470 ---
Leader (True): [ 0.139, -0.571,  0.110, -2.329,  0.405,  2.177,  0.787]
Leader (Pred): [   nan,    nan,    nan,    nan,    nan,    nan,    nan]
Follower     : [ 0.000, -0.785, -0.000, -2.356,  0.000,  1.571,  0.785]
Action (Tau) : [   nan,    nan,    nan,    nan,    nan,    nan,    nan]
Error (T-F)  : [ 0.139,  0.214,  0.110,  0.027,  0.405,  0.606,  0.002]
------------------------------------------------------------
--- Step 480 ---
Leader (True): [ 0.141, -0.562,  0.112, -2.324,  0.406,  2.189,  0.787]
Leader (Pred): [   nan,    nan,    nan,    nan,    nan,    nan,    nan]
Follower     : [ 0.000, -0.785, -0.000, -2.356,  0.000,  1.571,  0.785]
Action (Tau) : [   nan,    nan,    nan,    nan,    nan,    nan,    nan]
Error (T-F)  : [ 0.141,  0.223,  0.112,  0.032,  0.406,  0.618,  0.002]
------------------------------------------------------------
--- Step 490 ---
Leader (True): [ 0.143, -0.554,  0.114, -2.320,  0.407,  2.200,  0.787]
Leader (Pred): [   nan,    nan,    nan,    nan,    nan,    nan,    nan]
Follower     : [ 0.000, -0.785, -0.000, -2.356,  0.000,  1.571,  0.785]
Action (Tau) : [   nan,    nan,    nan,    nan,    nan,    nan,    nan]
Error (T-F)  : [ 0.143,  0.231,  0.114,  0.036,  0.407,  0.629,  0.002]
------------------------------------------------------------
--- Step 500 ---
Leader (True): [ 0.145, -0.545,  0.116, -2.315,  0.407,  2.210,  0.787]
Leader (Pred): [   nan,    nan,    nan,    nan,    nan,    nan,    nan]
Follower     : [ 0.000, -0.785, -0.000, -2.356,  0.000,  1.571,  0.785]
Action (Tau) : [   nan,    nan,    nan,    nan,    nan,    nan,    nan]
Error (T-F)  : [ 0.145,  0.240,  0.116,  0.041,  0.407,  0.639,  0.002]
------------------------------------------------------------
--- Step 510 ---
Leader (True): [ 0.147, -0.536,  0.117, -2.310,  0.408,  2.220,  0.787]
Leader (Pred): [   nan,    nan,    nan,    nan,    nan,    nan,    nan]
Follower     : [ 0.000, -0.785, -0.000, -2.356,  0.000,  1.571,  0.785]
Action (Tau) : [   nan,    nan,    nan,    nan,    nan,    nan,    nan]
Error (T-F)  : [ 0.147,  0.249,  0.117,  0.046,  0.408,  0.650,  0.002]
------------------------------------------------------------
--- Step 520 ---
Leader (True): [ 0.149, -0.528,  0.119, -2.305,  0.409,  2.230,  0.787]
Leader (Pred): [   nan,    nan,    nan,    nan,    nan,    nan,    nan]
Follower     : [ 0.000, -0.785, -0.000, -2.356,  0.000,  1.571,  0.785]
Action (Tau) : [   nan,    nan,    nan,    nan,    nan,    nan,    nan]
Error (T-F)  : [ 0.149,  0.257,  0.119,  0.051,  0.409,  0.659,  0.002]
------------------------------------------------------------
--- Step 530 ---
Leader (True): [ 0.151, -0.519,  0.121, -2.300,  0.409,  2.239,  0.787]
Leader (Pred): [   nan,    nan,    nan,    nan,    nan,    nan,    nan]
Follower     : [ 0.000, -0.785, -0.000, -2.356,  0.000,  1.571,  0.785]
Action (Tau) : [   nan,    nan,    nan,    nan,    nan,    nan,    nan]
Error (T-F)  : [ 0.151,  0.266,  0.121,  0.056,  0.409,  0.669,  0.002]
------------------------------------------------------------
--- Step 540 ---
Leader (True): [ 0.153, -0.511,  0.122, -2.295,  0.410,  2.248,  0.787]
Leader (Pred): [   nan,    nan,    nan,    nan,    nan,    nan,    nan]
Follower     : [ 0.000, -0.785, -0.000, -2.356,  0.000,  1.571,  0.785]
Action (Tau) : [   nan,    nan,    nan,    nan,    nan,    nan,    nan]
Error (T-F)  : [ 0.153,  0.274,  0.122,  0.061,  0.410,  0.677,  0.002]
------------------------------------------------------------
--- Step 550 ---
Leader (True): [ 0.154, -0.503,  0.124, -2.289,  0.411,  2.257,  0.787]
Leader (Pred): [   nan,    nan,    nan,    nan,    nan,    nan,    nan]
Follower     : [ 0.000, -0.785, -0.000, -2.356,  0.000,  1.571,  0.785]
Action (Tau) : [   nan,    nan,    nan,    nan,    nan,    nan,    nan]
Error (T-F)  : [ 0.154,  0.282,  0.124,  0.067,  0.411,  0.686,  0.002]
------------------------------------------------------------
--- Step 560 ---
Leader (True): [ 0.156, -0.495,  0.125, -2.284,  0.411,  2.265,  0.787]
Leader (Pred): [   nan,    nan,    nan,    nan,    nan,    nan,    nan]
Follower     : [ 0.000, -0.785, -0.000, -2.356,  0.000,  1.571,  0.785]
Action (Tau) : [   nan,    nan,    nan,    nan,    nan,    nan,    nan]
Error (T-F)  : [ 0.156,  0.290,  0.125,  0.072,  0.411,  0.694,  0.002]
------------------------------------------------------------
--- Step 570 ---
Leader (True): [ 0.157, -0.487,  0.127, -2.279,  0.412,  2.272,  0.787]
Leader (Pred): [   nan,    nan,    nan,    nan,    nan,    nan,    nan]
Follower     : [ 0.000, -0.785, -0.000, -2.356,  0.000,  1.571,  0.785]
Action (Tau) : [   nan,    nan,    nan,    nan,    nan,    nan,    nan]
Error (T-F)  : [ 0.157,  0.298,  0.127,  0.077,  0.412,  0.702,  0.002]
------------------------------------------------------------
--- Step 580 ---
Leader (True): [ 0.159, -0.479,  0.129, -2.274,  0.413,  2.280,  0.787]
Leader (Pred): [   nan,    nan,    nan,    nan,    nan,    nan,    nan]
Follower     : [ 0.000, -0.785, -0.000, -2.356,  0.000,  1.571,  0.785]
Action (Tau) : [   nan,    nan,    nan,    nan,    nan,    nan,    nan]
Error (T-F)  : [ 0.159,  0.306,  0.129,  0.082,  0.413,  0.709,  0.002]
------------------------------------------------------------
--- Step 590 ---
Leader (True): [ 0.160, -0.471,  0.130, -2.269,  0.413,  2.286,  0.787]
Leader (Pred): [   nan,    nan,    nan,    nan,    nan,    nan,    nan]
Follower     : [ 0.000, -0.785, -0.000, -2.356,  0.000,  1.571,  0.785]
Action (Tau) : [   nan,    nan,    nan,    nan,    nan,    nan,    nan]
Error (T-F)  : [ 0.160,  0.314,  0.130,  0.087,  0.413,  0.716,  0.002]
------------------------------------------------------------
--- Step 600 ---
Leader (True): [ 0.162, -0.464,  0.132, -2.263,  0.414,  2.293,  0.787]
Leader (Pred): [   nan,    nan,    nan,    nan,    nan,    nan,    nan]
Follower     : [ 0.000, -0.785, -0.000, -2.356,  0.000,  1.571,  0.785]
Action (Tau) : [   nan,    nan,    nan,    nan,    nan,    nan,    nan]
Error (T-F)  : [ 0.162,  0.321,  0.132,  0.093,  0.414,  0.722,  0.002]
------------------------------------------------------------
--- Step 610 ---
Leader (True): [ 0.163, -0.456,  0.133, -2.258,  0.415,  2.299,  0.787]
Leader (Pred): [   nan,    nan,    nan,    nan,    nan,    nan,    nan]
Follower     : [ 0.000, -0.785, -0.000, -2.356,  0.000,  1.571,  0.785]
Action (Tau) : [   nan,    nan,    nan,    nan,    nan,    nan,    nan]
Error (T-F)  : [ 0.163,  0.329,  0.133,  0.098,  0.415,  0.728,  0.002]
------------------------------------------------------------
--- Step 620 ---
Leader (True): [ 0.165, -0.449,  0.135, -2.253,  0.415,  2.305,  0.787]
Leader (Pred): [   nan,    nan,    nan,    nan,    nan,    nan,    nan]
Follower     : [ 0.000, -0.785, -0.000, -2.356,  0.000,  1.571,  0.785]
Action (Tau) : [   nan,    nan,    nan,    nan,    nan,    nan,    nan]
Error (T-F)  : [ 0.165,  0.336,  0.135,  0.103,  0.415,  0.734,  0.002]
------------------------------------------------------------
--- Step 630 ---
Leader (True): [ 0.166, -0.442,  0.136, -2.248,  0.416,  2.311,  0.787]
Leader (Pred): [   nan,    nan,    nan,    nan,    nan,    nan,    nan]
Follower     : [ 0.000, -0.785, -0.000, -2.356,  0.000,  1.571,  0.785]
Action (Tau) : [   nan,    nan,    nan,    nan,    nan,    nan,    nan]
Error (T-F)  : [ 0.166,  0.343,  0.136,  0.108,  0.416,  0.740,  0.002]
------------------------------------------------------------
--- Step 640 ---
Leader (True): [ 0.167, -0.435,  0.138, -2.243,  0.417,  2.316,  0.787]
Leader (Pred): [   nan,    nan,    nan,    nan,    nan,    nan,    nan]
Follower     : [ 0.000, -0.785, -0.000, -2.356,  0.000,  1.571,  0.785]
Action (Tau) : [   nan,    nan,    nan,    nan,    nan,    nan,    nan]
Error (T-F)  : [ 0.167,  0.350,  0.138,  0.113,  0.417,  0.745,  0.002]
------------------------------------------------------------
--- Step 650 ---
Leader (True): [ 0.168, -0.429,  0.139, -2.238,  0.418,  2.321,  0.786]
Leader (Pred): [   nan,    nan,    nan,    nan,    nan,    nan,    nan]
Follower     : [ 0.000, -0.785, -0.000, -2.356,  0.000,  1.571,  0.785]
Action (Tau) : [   nan,    nan,    nan,    nan,    nan,    nan,    nan]
Error (T-F)  : [ 0.168,  0.356,  0.139,  0.118,  0.418,  0.750,  0.001]
------------------------------------------------------------
--- Step 660 ---
Leader (True): [ 0.169, -0.422,  0.141, -2.233,  0.419,  2.325,  0.786]
Leader (Pred): [   nan,    nan,    nan,    nan,    nan,    nan,    nan]
Follower     : [ 0.000, -0.785, -0.000, -2.356,  0.000,  1.571,  0.785]
Action (Tau) : [   nan,    nan,    nan,    nan,    nan,    nan,    nan]
Error (T-F)  : [ 0.169,  0.363,  0.141,  0.123,  0.419,  0.755,  0.001]
------------------------------------------------------------
--- Step 670 ---
Leader (True): [ 0.171, -0.416,  0.142, -2.228,  0.420,  2.330,  0.786]
Leader (Pred): [   nan,    nan,    nan,    nan,    nan,    nan,    nan]
Follower     : [ 0.000, -0.785, -0.000, -2.356,  0.000,  1.571,  0.785]
Action (Tau) : [   nan,    nan,    nan,    nan,    nan,    nan,    nan]
Error (T-F)  : [ 0.171,  0.369,  0.142,  0.128,  0.420,  0.759,  0.001]
------------------------------------------------------------
--- Step 680 ---
Leader (True): [ 0.172, -0.410,  0.144, -2.224,  0.421,  2.334,  0.786]
Leader (Pred): [   nan,    nan,    nan,    nan,    nan,    nan,    nan]
Follower     : [ 0.000, -0.785, -0.000, -2.356,  0.000,  1.571,  0.785]
Action (Tau) : [   nan,    nan,    nan,    nan,    nan,    nan,    nan]
Error (T-F)  : [ 0.172,  0.375,  0.144,  0.132,  0.421,  0.763,  0.001]
------------------------------------------------------------
--- Step 690 ---
Leader (True): [ 0.173, -0.404,  0.145, -2.219,  0.422,  2.338,  0.786]
Leader (Pred): [   nan,    nan,    nan,    nan,    nan,    nan,    nan]
Follower     : [ 0.000, -0.785, -0.000, -2.356,  0.000,  1.571,  0.785]
Action (Tau) : [   nan,    nan,    nan,    nan,    nan,    nan,    nan]
Error (T-F)  : [ 0.173,  0.381,  0.145,  0.137,  0.422,  0.767,  0.001]
------------------------------------------------------------
--- Step 700 ---
Leader (True): [ 0.174, -0.398,  0.147, -2.215,  0.423,  2.341,  0.786]
Leader (Pred): [   nan,    nan,    nan,    nan,    nan,    nan,    nan]
Follower     : [ 0.000, -0.785, -0.000, -2.356,  0.000,  1.571,  0.785]
Action (Tau) : [   nan,    nan,    nan,    nan,    nan,    nan,    nan]
Error (T-F)  : [ 0.174,  0.387,  0.147,  0.141,  0.423,  0.771,  0.001]
------------------------------------------------------------
--- Step 710 ---
Leader (True): [ 0.175, -0.393,  0.148, -2.210,  0.424,  2.345,  0.786]
Leader (Pred): [   nan,    nan,    nan,    nan,    nan,    nan,    nan]
Follower     : [ 0.000, -0.785, -0.000, -2.356,  0.000,  1.571,  0.785]
Action (Tau) : [   nan,    nan,    nan,    nan,    nan,    nan,    nan]
Error (T-F)  : [ 0.175,  0.392,  0.148,  0.146,  0.424,  0.774,  0.001]
------------------------------------------------------------
--- Step 720 ---
Leader (True): [ 0.175, -0.387,  0.150, -2.206,  0.425,  2.348,  0.786]
Leader (Pred): [   nan,    nan,    nan,    nan,    nan,    nan,    nan]
Follower     : [ 0.000, -0.785, -0.000, -2.356,  0.000,  1.571,  0.785]
Action (Tau) : [   nan,    nan,    nan,    nan,    nan,    nan,    nan]
Error (T-F)  : [ 0.175,  0.398,  0.150,  0.150,  0.425,  0.777,  0.001]
------------------------------------------------------------
--- Step 730 ---
Leader (True): [ 0.176, -0.382,  0.151, -2.202,  0.426,  2.351,  0.786]
Leader (Pred): [   nan,    nan,    nan,    nan,    nan,    nan,    nan]
Follower     : [ 0.000, -0.785, -0.000, -2.356,  0.000,  1.571,  0.785]
Action (Tau) : [   nan,    nan,    nan,    nan,    nan,    nan,    nan]
Error (T-F)  : [ 0.176,  0.403,  0.151,  0.154,  0.426,  0.780,  0.001]
------------------------------------------------------------
--- Step 740 ---
Leader (True): [ 0.177, -0.378,  0.153, -2.198,  0.427,  2.353,  0.786]
Leader (Pred): [   nan,    nan,    nan,    nan,    nan,    nan,    nan]
Follower     : [ 0.000, -0.785, -0.000, -2.356,  0.000,  1.571,  0.785]
Action (Tau) : [   nan,    nan,    nan,    nan,    nan,    nan,    nan]
Error (T-F)  : [ 0.177,  0.407,  0.153,  0.158,  0.427,  0.782,  0.001]
------------------------------------------------------------
--- Step 750 ---
Leader (True): [ 0.178, -0.373,  0.154, -2.194,  0.429,  2.356,  0.786]
Leader (Pred): [   nan,    nan,    nan,    nan,    nan,    nan,    nan]
Follower     : [ 0.000, -0.785, -0.000, -2.356,  0.000,  1.571,  0.785]
Action (Tau) : [   nan,    nan,    nan,    nan,    nan,    nan,    nan]
Error (T-F)  : [ 0.178,  0.412,  0.154,  0.162,  0.429,  0.785,  0.001]
------------------------------------------------------------
--- Step 760 ---
Leader (True): [ 0.179, -0.369,  0.156, -2.191,  0.430,  2.358,  0.786]
Leader (Pred): [   nan,    nan,    nan,    nan,    nan,    nan,    nan]
Follower     : [ 0.000, -0.785, -0.000, -2.356,  0.000,  1.571,  0.785]
Action (Tau) : [   nan,    nan,    nan,    nan,    nan,    nan,    nan]
Error (T-F)  : [ 0.179,  0.416,  0.156,  0.165,  0.430,  0.787,  0.001]
------------------------------------------------------------
--- Step 770 ---
Leader (True): [ 0.180, -0.364,  0.157, -2.187,  0.432,  2.360,  0.786]
Leader (Pred): [   nan,    nan,    nan,    nan,    nan,    nan,    nan]
Follower     : [ 0.000, -0.785, -0.000, -2.356,  0.000,  1.571,  0.785]
Action (Tau) : [   nan,    nan,    nan,    nan,    nan,    nan,    nan]
Error (T-F)  : [ 0.180,  0.421,  0.157,  0.169,  0.432,  0.789,  0.001]
------------------------------------------------------------
--- Step 780 ---
Leader (True): [ 0.180, -0.361,  0.159, -2.184,  0.433,  2.362,  0.786]
Leader (Pred): [   nan,    nan,    nan,    nan,    nan,    nan,    nan]
Follower     : [ 0.000, -0.785, -0.000, -2.356,  0.000,  1.571,  0.785]
Action (Tau) : [   nan,    nan,    nan,    nan,    nan,    nan,    nan]
Error (T-F)  : [ 0.180,  0.424,  0.159,  0.172,  0.433,  0.791,  0.001]
------------------------------------------------------------
--- Step 790 ---
Leader (True): [ 0.181, -0.357,  0.160, -2.181,  0.435,  2.363,  0.786]
Leader (Pred): [   nan,    nan,    nan,    nan,    nan,    nan,    nan]
Follower     : [ 0.000, -0.785, -0.000, -2.356,  0.000,  1.571,  0.785]
Action (Tau) : [   nan,    nan,    nan,    nan,    nan,    nan,    nan]
Error (T-F)  : [ 0.181,  0.428,  0.160,  0.175,  0.435,  0.792,  0.001]
------------------------------------------------------------
--- Step 800 ---
Leader (True): [ 0.182, -0.353,  0.162, -2.178,  0.436,  2.365,  0.786]
Leader (Pred): [   nan,    nan,    nan,    nan,    nan,    nan,    nan]
Follower     : [ 0.000, -0.785, -0.000, -2.356,  0.000,  1.571,  0.785]
Action (Tau) : [   nan,    nan,    nan,    nan,    nan,    nan,    nan]
Error (T-F)  : [ 0.182,  0.432,  0.162,  0.178,  0.436,  0.794,  0.001]
------------------------------------------------------------
--- Step 810 ---
Leader (True): [ 0.183, -0.350,  0.163, -2.175,  0.438,  2.366,  0.786]
Leader (Pred): [   nan,    nan,    nan,    nan,    nan,    nan,    nan]
Follower     : [ 0.000, -0.785, -0.000, -2.356,  0.000,  1.571,  0.785]
Action (Tau) : [   nan,    nan,    nan,    nan,    nan,    nan,    nan]
Error (T-F)  : [ 0.183,  0.435,  0.163,  0.181,  0.438,  0.795,  0.001]
------------------------------------------------------------
--- Step 820 ---
Leader (True): [ 0.183, -0.347,  0.165, -2.172,  0.440,  2.367,  0.786]
Leader (Pred): [   nan,    nan,    nan,    nan,    nan,    nan,    nan]
Follower     : [ 0.000, -0.785, -0.000, -2.356,  0.000,  1.571,  0.785]
Action (Tau) : [   nan,    nan,    nan,    nan,    nan,    nan,    nan]
Error (T-F)  : [ 0.183,  0.438,  0.165,  0.184,  0.440,  0.796,  0.001]
------------------------------------------------------------
--- Step 830 ---
Leader (True): [ 0.184, -0.344,  0.166, -2.170,  0.442,  2.368,  0.786]
Leader (Pred): [   nan,    nan,    nan,    nan,    nan,    nan,    nan]
Follower     : [ 0.000, -0.785, -0.000, -2.356,  0.000,  1.571,  0.785]
Action (Tau) : [   nan,    nan,    nan,    nan,    nan,    nan,    nan]
Error (T-F)  : [ 0.184,  0.441,  0.166,  0.186,  0.442,  0.797,  0.001]
------------------------------------------------------------
--- Step 840 ---
Leader (True): [ 0.185, -0.342,  0.168, -2.168,  0.444,  2.368,  0.785]
Leader (Pred): [   nan,    nan,    nan,    nan,    nan,    nan,    nan]
Follower     : [ 0.000, -0.785, -0.000, -2.356,  0.000,  1.571,  0.785]
Action (Tau) : [   nan,    nan,    nan,    nan,    nan,    nan,    nan]
Error (T-F)  : [ 0.185,  0.443,  0.168,  0.188,  0.444,  0.797,  0.000]
------------------------------------------------------------
--- Step 850 ---
Leader (True): [ 0.185, -0.340,  0.169, -2.166,  0.446,  2.369,  0.785]
Leader (Pred): [   nan,    nan,    nan,    nan,    nan,    nan,    nan]
Follower     : [ 0.000, -0.785, -0.000, -2.356,  0.000,  1.571,  0.785]
Action (Tau) : [   nan,    nan,    nan,    nan,    nan,    nan,    nan]
Error (T-F)  : [ 0.185,  0.445,  0.169,  0.190,  0.446,  0.798,  0.000]
------------------------------------------------------------
--- Step 860 ---
Leader (True): [ 0.186, -0.338,  0.171, -2.164,  0.448,  2.369,  0.785]
Leader (Pred): [   nan,    nan,    nan,    nan,    nan,    nan,    nan]
Follower     : [ 0.000, -0.785, -0.000, -2.356,  0.000,  1.571,  0.785]
Action (Tau) : [   nan,    nan,    nan,    nan,    nan,    nan,    nan]
Error (T-F)  : [ 0.186,  0.447,  0.171,  0.192,  0.448,  0.798,  0.000]
------------------------------------------------------------
--- Step 870 ---
Leader (True): [ 0.187, -0.336,  0.172, -2.162,  0.450,  2.369,  0.785]
Leader (Pred): [   nan,    nan,    nan,    nan,    nan,    nan,    nan]
Follower     : [ 0.000, -0.785, -0.000, -2.356,  0.000,  1.571,  0.785]
Action (Tau) : [   nan,    nan,    nan,    nan,    nan,    nan,    nan]
Error (T-F)  : [ 0.187,  0.449,  0.172,  0.194,  0.450,  0.798,  0.000]
------------------------------------------------------------
--- Step 880 ---
Leader (True): [ 0.188, -0.334,  0.174, -2.160,  0.453,  2.369,  0.785]
Leader (Pred): [   nan,    nan,    nan,    nan,    nan,    nan,    nan]
Follower     : [ 0.000, -0.785, -0.000, -2.356,  0.000,  1.571,  0.785]
Action (Tau) : [   nan,    nan,    nan,    nan,    nan,    nan,    nan]
Error (T-F)  : [ 0.188,  0.451,  0.174,  0.196,  0.453,  0.798,  0.000]
------------------------------------------------------------
--- Step 890 ---
Leader (True): [ 0.188, -0.333,  0.175, -2.159,  0.455,  2.369,  0.785]
Leader (Pred): [   nan,    nan,    nan,    nan,    nan,    nan,    nan]
Follower     : [ 0.000, -0.785, -0.000, -2.356,  0.000,  1.571,  0.785]
Action (Tau) : [   nan,    nan,    nan,    nan,    nan,    nan,    nan]
Error (T-F)  : [ 0.188,  0.452,  0.175,  0.197,  0.455,  0.798,  0.000]
------------------------------------------------------------
--- Step 900 ---
Leader (True): [ 0.189, -0.332,  0.176, -2.158,  0.457,  2.368,  0.785]
Leader (Pred): [   nan,    nan,    nan,    nan,    nan,    nan,    nan]
Follower     : [ 0.000, -0.785, -0.000, -2.356,  0.000,  1.571,  0.785]
Action (Tau) : [   nan,    nan,    nan,    nan,    nan,    nan,    nan]
Error (T-F)  : [ 0.189,  0.453,  0.176,  0.198,  0.457,  0.797,  0.000]
------------------------------------------------------------
--- Step 910 ---
Leader (True): [ 0.190, -0.331,  0.177, -2.157,  0.460,  2.367,  0.785]
Leader (Pred): [   nan,    nan,    nan,    nan,    nan,    nan,    nan]
Follower     : [ 0.000, -0.785, -0.000, -2.356,  0.000,  1.571,  0.785]
Action (Tau) : [   nan,    nan,    nan,    nan,    nan,    nan,    nan]
Error (T-F)  : [ 0.190,  0.454,  0.177,  0.199,  0.460,  0.797, -0.000]
------------------------------------------------------------
--- Step 920 ---
Leader (True): [ 0.191, -0.330,  0.179, -2.156,  0.462,  2.367,  0.785]
Leader (Pred): [   nan,    nan,    nan,    nan,    nan,    nan,    nan]
Follower     : [ 0.000, -0.785, -0.000, -2.356,  0.000,  1.571,  0.785]
Action (Tau) : [   nan,    nan,    nan,    nan,    nan,    nan,    nan]
Error (T-F)  : [ 0.191,  0.455,  0.179,  0.200,  0.462,  0.796, -0.000]
------------------------------------------------------------
--- Step 930 ---
Leader (True): [ 0.192, -0.329,  0.180, -2.155,  0.465,  2.366,  0.785]
Leader (Pred): [   nan,    nan,    nan,    nan,    nan,    nan,    nan]
Follower     : [ 0.000, -0.785, -0.000, -2.356,  0.000,  1.571,  0.785]
Action (Tau) : [   nan,    nan,    nan,    nan,    nan,    nan,    nan]
Error (T-F)  : [ 0.192,  0.456,  0.180,  0.201,  0.465,  0.795, -0.000]
------------------------------------------------------------
--- Step 940 ---
Leader (True): [ 0.193, -0.329,  0.181, -2.155,  0.468,  2.365,  0.785]
Leader (Pred): [   nan,    nan,    nan,    nan,    nan,    nan,    nan]
Follower     : [ 0.000, -0.785, -0.000, -2.356,  0.000,  1.571,  0.785]
Action (Tau) : [   nan,    nan,    nan,    nan,    nan,    nan,    nan]
Error (T-F)  : [ 0.193,  0.456,  0.181,  0.201,  0.468,  0.794, -0.000]
------------------------------------------------------------
--- Step 950 ---
Leader (True): [ 0.194, -0.329,  0.182, -2.155,  0.470,  2.363,  0.785]
Leader (Pred): [   nan,    nan,    nan,    nan,    nan,    nan,    nan]
Follower     : [ 0.000, -0.785, -0.000, -2.356,  0.000,  1.571,  0.785]
Action (Tau) : [   nan,    nan,    nan,    nan,    nan,    nan,    nan]
Error (T-F)  : [ 0.194,  0.456,  0.182,  0.201,  0.470,  0.792, -0.000]
------------------------------------------------------------
--- Step 960 ---
Leader (True): [ 0.194, -0.329,  0.183, -2.154,  0.473,  2.362,  0.785]
Leader (Pred): [   nan,    nan,    nan,    nan,    nan,    nan,    nan]
Follower     : [ 0.000, -0.785, -0.000, -2.356,  0.000,  1.571,  0.785]
Action (Tau) : [   nan,    nan,    nan,    nan,    nan,    nan,    nan]
Error (T-F)  : [ 0.194,  0.456,  0.183,  0.202,  0.473,  0.791, -0.000]
------------------------------------------------------------
--- Step 970 ---
Leader (True): [ 0.195, -0.329,  0.184, -2.154,  0.476,  2.360,  0.784]
Leader (Pred): [   nan,    nan,    nan,    nan,    nan,    nan,    nan]
Follower     : [ 0.000, -0.785, -0.000, -2.356,  0.000,  1.571,  0.785]
Action (Tau) : [   nan,    nan,    nan,    nan,    nan,    nan,    nan]
Error (T-F)  : [ 0.195,  0.456,  0.184,  0.202,  0.476,  0.789, -0.001]
------------------------------------------------------------
--- Step 980 ---
Leader (True): [ 0.196, -0.329,  0.184, -2.154,  0.479,  2.358,  0.784]
Leader (Pred): [   nan,    nan,    nan,    nan,    nan,    nan,    nan]
Follower     : [ 0.000, -0.785, -0.000, -2.356,  0.000,  1.571,  0.785]
Action (Tau) : [   nan,    nan,    nan,    nan,    nan,    nan,    nan]
Error (T-F)  : [ 0.196,  0.456,  0.184,  0.202,  0.479,  0.788, -0.001]
------------------------------------------------------------
--- Step 990 ---
Leader (True): [ 0.197, -0.330,  0.185, -2.155,  0.482,  2.357,  0.784]
Leader (Pred): [   nan,    nan,    nan,    nan,    nan,    nan,    nan]
Follower     : [ 0.000, -0.785, -0.000, -2.356,  0.000,  1.571,  0.785]
Action (Tau) : [   nan,    nan,    nan,    nan,    nan,    nan,    nan]
Error (T-F)  : [ 0.197,  0.455,  0.185,  0.201,  0.482,  0.786, -0.001]
------------------------------------------------------------
--- Step 1000 ---
Leader (True): [ 0.198, -0.331,  0.186, -2.155,  0.484,  2.354,  0.784]
Leader (Pred): [   nan,    nan,    nan,    nan,    nan,    nan,    nan]
Follower     : [ 0.000, -0.785, -0.000, -2.356,  0.000,  1.571,  0.785]
Action (Tau) : [   nan,    nan,    nan,    nan,    nan,    nan,    nan]
Error (T-F)  : [ 0.198,  0.454,  0.186,  0.201,  0.484,  0.784, -0.001]
------------------------------------------------------------
--- Step 1010 ---
Leader (True): [ 0.199, -0.331,  0.187, -2.155,  0.487,  2.352,  0.784]
Leader (Pred): [   nan,    nan,    nan,    nan,    nan,    nan,    nan]
Follower     : [ 0.000, -0.785, -0.000, -2.356,  0.000,  1.571,  0.785]
Action (Tau) : [   nan,    nan,    nan,    nan,    nan,    nan,    nan]
Error (T-F)  : [ 0.199,  0.454,  0.187,  0.201,  0.487,  0.781, -0.001]
------------------------------------------------------------
--- Step 1020 ---
Leader (True): [ 0.200, -0.332,  0.187, -2.156,  0.490,  2.350,  0.784]
Leader (Pred): [   nan,    nan,    nan,    nan,    nan,    nan,    nan]
Follower     : [ 0.000, -0.785, -0.000, -2.356,  0.000,  1.571,  0.785]
Action (Tau) : [   nan,    nan,    nan,    nan,    nan,    nan,    nan]
Error (T-F)  : [ 0.200,  0.453,  0.187,  0.200,  0.490,  0.779, -0.001]
------------------------------------------------------------
--- Step 1030 ---
Leader (True): [ 0.201, -0.333,  0.188, -2.156,  0.493,  2.347,  0.784]
Leader (Pred): [   nan,    nan,    nan,    nan,    nan,    nan,    nan]
Follower     : [ 0.000, -0.785, -0.000, -2.356,  0.000,  1.571,  0.785]
Action (Tau) : [   nan,    nan,    nan,    nan,    nan,    nan,    nan]
Error (T-F)  : [ 0.201,  0.452,  0.188,  0.200,  0.493,  0.776, -0.001]
------------------------------------------------------------
--- Step 1040 ---
Leader (True): [ 0.202, -0.335,  0.188, -2.157,  0.497,  2.344,  0.784]
Leader (Pred): [   nan,    nan,    nan,    nan,    nan,    nan,    nan]
Follower     : [ 0.000, -0.785, -0.000, -2.356,  0.000,  1.571,  0.785]
Action (Tau) : [   nan,    nan,    nan,    nan,    nan,    nan,    nan]
Error (T-F)  : [ 0.202,  0.450,  0.188,  0.199,  0.497,  0.774, -0.001]
------------------------------------------------------------
--- Step 1050 ---
Leader (True): [ 0.204, -0.336,  0.189, -2.158,  0.500,  2.341,  0.784]
Leader (Pred): [   nan,    nan,    nan,    nan,    nan,    nan,    nan]
Follower     : [ 0.000, -0.785, -0.000, -2.356,  0.000,  1.571,  0.785]
Action (Tau) : [   nan,    nan,    nan,    nan,    nan,    nan,    nan]
Error (T-F)  : [ 0.204,  0.449,  0.189,  0.198,  0.500,  0.771, -0.001]
------------------------------------------------------------
--- Step 1060 ---
Leader (True): [ 0.205, -0.337,  0.189, -2.159,  0.503,  2.338,  0.784]
Leader (Pred): [   nan,    nan,    nan,    nan,    nan,    nan,    nan]
Follower     : [ 0.000, -0.785, -0.000, -2.356,  0.000,  1.571,  0.785]
Action (Tau) : [   nan,    nan,    nan,    nan,    nan,    nan,    nan]
Error (T-F)  : [ 0.205,  0.448,  0.189,  0.197,  0.503,  0.767, -0.001]
------------------------------------------------------------
--- Step 1070 ---
Leader (True): [ 0.206, -0.339,  0.190, -2.160,  0.507,  2.335,  0.784]
Leader (Pred): [   nan,    nan,    nan,    nan,    nan,    nan,    nan]
Follower     : [ 0.000, -0.785, -0.000, -2.356,  0.000,  1.571,  0.785]
Action (Tau) : [   nan,    nan,    nan,    nan,    nan,    nan,    nan]
Error (T-F)  : [ 0.206,  0.446,  0.190,  0.196,  0.507,  0.764, -0.001]
------------------------------------------------------------
--- Step 1080 ---
Leader (True): [ 0.207, -0.341,  0.190, -2.161,  0.510,  2.331,  0.783]
Leader (Pred): [   nan,    nan,    nan,    nan,    nan,    nan,    nan]
Follower     : [ 0.000, -0.785, -0.000, -2.356,  0.000,  1.571,  0.785]
Action (Tau) : [   nan,    nan,    nan,    nan,    nan,    nan,    nan]
Error (T-F)  : [ 0.207,  0.444,  0.190,  0.195,  0.510,  0.760, -0.002]
------------------------------------------------------------
--- Step 1090 ---
Leader (True): [ 0.208, -0.343,  0.191, -2.162,  0.514,  2.327,  0.783]
Leader (Pred): [   nan,    nan,    nan,    nan,    nan,    nan,    nan]
Follower     : [ 0.000, -0.785, -0.000, -2.356,  0.000,  1.571,  0.785]
Action (Tau) : [   nan,    nan,    nan,    nan,    nan,    nan,    nan]
Error (T-F)  : [ 0.208,  0.442,  0.191,  0.194,  0.514,  0.756, -0.002]
------------------------------------------------------------
--- Step 1100 ---
Leader (True): [ 0.209, -0.345,  0.191, -2.164,  0.518,  2.323,  0.783]
Leader (Pred): [   nan,    nan,    nan,    nan,    nan,    nan,    nan]
Follower     : [ 0.000, -0.785, -0.000, -2.356,  0.000,  1.571,  0.785]
Action (Tau) : [   nan,    nan,    nan,    nan,    nan,    nan,    nan]
Error (T-F)  : [ 0.209,  0.440,  0.191,  0.192,  0.518,  0.752, -0.002]
------------------------------------------------------------
--- Step 1110 ---
Leader (True): [ 0.211, -0.348,  0.192, -2.165,  0.522,  2.319,  0.783]
Leader (Pred): [   nan,    nan,    nan,    nan,    nan,    nan,    nan]
Follower     : [ 0.000, -0.785, -0.000, -2.356,  0.000,  1.571,  0.785]
Action (Tau) : [   nan,    nan,    nan,    nan,    nan,    nan,    nan]
Error (T-F)  : [ 0.211,  0.437,  0.192,  0.191,  0.522,  0.748, -0.002]
------------------------------------------------------------
--- Step 1120 ---
Leader (True): [ 0.212, -0.350,  0.192, -2.167,  0.526,  2.314,  0.783]
Leader (Pred): [   nan,    nan,    nan,    nan,    nan,    nan,    nan]
Follower     : [ 0.000, -0.785, -0.000, -2.356,  0.000,  1.571,  0.785]
Action (Tau) : [   nan,    nan,    nan,    nan,    nan,    nan,    nan]
Error (T-F)  : [ 0.212,  0.435,  0.192,  0.189,  0.526,  0.743, -0.002]
------------------------------------------------------------
--- Step 1130 ---
Leader (True): [ 0.213, -0.353,  0.193, -2.169,  0.530,  2.309,  0.783]
Leader (Pred): [   nan,    nan,    nan,    nan,    nan,    nan,    nan]
Follower     : [ 0.000, -0.785, -0.000, -2.356,  0.000,  1.571,  0.785]
Action (Tau) : [   nan,    nan,    nan,    nan,    nan,    nan,    nan]
Error (T-F)  : [ 0.213,  0.432,  0.193,  0.187,  0.530,  0.739, -0.002]
------------------------------------------------------------
--- Step 1140 ---
Leader (True): [ 0.214, -0.356,  0.193, -2.171,  0.534,  2.304,  0.783]
Leader (Pred): [   nan,    nan,    nan,    nan,    nan,    nan,    nan]
Follower     : [ 0.000, -0.785, -0.000, -2.356,  0.000,  1.571,  0.785]
Action (Tau) : [   nan,    nan,    nan,    nan,    nan,    nan,    nan]
Error (T-F)  : [ 0.214,  0.429,  0.193,  0.185,  0.534,  0.734, -0.002]
------------------------------------------------------------
--- Step 1150 ---
Leader (True): [ 0.216, -0.359,  0.194, -2.173,  0.539,  2.299,  0.783]
Leader (Pred): [   nan,    nan,    nan,    nan,    nan,    nan,    nan]
Follower     : [ 0.000, -0.785, -0.000, -2.356,  0.000,  1.571,  0.785]
Action (Tau) : [   nan,    nan,    nan,    nan,    nan,    nan,    nan]
Error (T-F)  : [ 0.216,  0.426,  0.194,  0.183,  0.539,  0.728, -0.002]
------------------------------------------------------------
--- Step 1160 ---
Leader (True): [ 0.217, -0.362,  0.194, -2.175,  0.543,  2.294,  0.783]
Leader (Pred): [   nan,    nan,    nan,    nan,    nan,    nan,    nan]
Follower     : [ 0.000, -0.785, -0.000, -2.356,  0.000,  1.571,  0.785]
Action (Tau) : [   nan,    nan,    nan,    nan,    nan,    nan,    nan]
Error (T-F)  : [ 0.217,  0.423,  0.194,  0.181,  0.543,  0.723, -0.002]
------------------------------------------------------------
--- Step 1170 ---
Leader (True): [ 0.218, -0.366,  0.194, -2.178,  0.548,  2.288,  0.782]
Leader (Pred): [   nan,    nan,    nan,    nan,    nan,    nan,    nan]
Follower     : [ 0.000, -0.785, -0.000, -2.356,  0.000,  1.571,  0.785]
Action (Tau) : [   nan,    nan,    nan,    nan,    nan,    nan,    nan]
Error (T-F)  : [ 0.218,  0.419,  0.194,  0.178,  0.548,  0.717, -0.003]
------------------------------------------------------------
--- Step 1180 ---
Leader (True): [ 0.219, -0.370,  0.195, -2.180,  0.553,  2.282,  0.782]
Leader (Pred): [   nan,    nan,    nan,    nan,    nan,    nan,    nan]
Follower     : [ 0.000, -0.785, -0.000, -2.356,  0.000,  1.571,  0.785]
Action (Tau) : [   nan,    nan,    nan,    nan,    nan,    nan,    nan]
Error (T-F)  : [ 0.219,  0.415,  0.195,  0.176,  0.553,  0.711, -0.003]
------------------------------------------------------------
--- Step 1190 ---
Leader (True): [ 0.221, -0.374,  0.195, -2.183,  0.558,  2.276,  0.782]
Leader (Pred): [   nan,    nan,    nan,    nan,    nan,    nan,    nan]
Follower     : [ 0.000, -0.785, -0.000, -2.356,  0.000,  1.571,  0.785]
Action (Tau) : [   nan,    nan,    nan,    nan,    nan,    nan,    nan]
Error (T-F)  : [ 0.221,  0.411,  0.195,  0.173,  0.558,  0.705, -0.003]
------------------------------------------------------------
--- Step 1200 ---
Leader (True): [ 0.222, -0.378,  0.196, -2.186,  0.563,  2.270,  0.782]
Leader (Pred): [   nan,    nan,    nan,    nan,    nan,    nan,    nan]
Follower     : [ 0.000, -0.785, -0.000, -2.356,  0.000,  1.571,  0.785]
Action (Tau) : [   nan,    nan,    nan,    nan,    nan,    nan,    nan]
Error (T-F)  : [ 0.222,  0.407,  0.196,  0.170,  0.563,  0.699, -0.003]
------------------------------------------------------------
--- Step 1210 ---
Leader (True): [ 0.223, -0.382,  0.196, -2.189,  0.568,  2.263,  0.782]
Leader (Pred): [   nan,    nan,    nan,    nan,    nan,    nan,    nan]
Follower     : [ 0.000, -0.785, -0.000, -2.356,  0.000,  1.571,  0.785]
Action (Tau) : [   nan,    nan,    nan,    nan,    nan,    nan,    nan]
Error (T-F)  : [ 0.223,  0.403,  0.196,  0.167,  0.568,  0.693, -0.003]
------------------------------------------------------------
--- Step 1220 ---
Leader (True): [ 0.224, -0.386,  0.196, -2.192,  0.573,  2.257,  0.782]
Leader (Pred): [   nan,    nan,    nan,    nan,    nan,    nan,    nan]
Follower     : [ 0.000, -0.785, -0.000, -2.356,  0.000,  1.571,  0.785]
Action (Tau) : [   nan,    nan,    nan,    nan,    nan,    nan,    nan]
Error (T-F)  : [ 0.224,  0.399,  0.196,  0.164,  0.573,  0.686, -0.003]
------------------------------------------------------------
--- Step 1230 ---
Leader (True): [ 0.225, -0.391,  0.197, -2.195,  0.579,  2.250,  0.782]
Leader (Pred): [   nan,    nan,    nan,    nan,    nan,    nan,    nan]
Follower     : [ 0.000, -0.785, -0.000, -2.356,  0.000,  1.571,  0.785]
Action (Tau) : [   nan,    nan,    nan,    nan,    nan,    nan,    nan]
Error (T-F)  : [ 0.225,  0.394,  0.197,  0.161,  0.579,  0.679, -0.003]
------------------------------------------------------------
--- Step 1240 ---
Leader (True): [ 0.227, -0.395,  0.197, -2.198,  0.584,  2.242,  0.782]
Leader (Pred): [   nan,    nan,    nan,    nan,    nan,    nan,    nan]
Follower     : [ 0.000, -0.785, -0.000, -2.356,  0.000,  1.571,  0.785]
Action (Tau) : [   nan,    nan,    nan,    nan,    nan,    nan,    nan]
Error (T-F)  : [ 0.227,  0.390,  0.197,  0.158,  0.584,  0.671, -0.003]
------------------------------------------------------------
--- Step 1250 ---
Leader (True): [ 0.228, -0.400,  0.197, -2.202,  0.590,  2.235,  0.782]
Leader (Pred): [   nan,    nan,    nan,    nan,    nan,    nan,    nan]
Follower     : [ 0.000, -0.785, -0.000, -2.356,  0.000,  1.571,  0.785]
Action (Tau) : [   nan,    nan,    nan,    nan,    nan,    nan,    nan]
Error (T-F)  : [ 0.228,  0.385,  0.197,  0.154,  0.590,  0.664, -0.003]
------------------------------------------------------------
--- Step 1260 ---
Leader (True): [ 0.229, -0.405,  0.198, -2.205,  0.595,  2.227,  0.781]
Leader (Pred): [   nan,    nan,    nan,    nan,    nan,    nan,    nan]
Follower     : [ 0.000, -0.785, -0.000, -2.356,  0.000,  1.571,  0.785]
Action (Tau) : [   nan,    nan,    nan,    nan,    nan,    nan,    nan]
Error (T-F)  : [ 0.229,  0.380,  0.198,  0.151,  0.595,  0.657, -0.004]
------------------------------------------------------------
--- Step 1270 ---
Leader (True): [ 0.230, -0.410,  0.198, -2.209,  0.601,  2.219,  0.781]
Leader (Pred): [   nan,    nan,    nan,    nan,    nan,    nan,    nan]
Follower     : [ 0.000, -0.785, -0.000, -2.356,  0.000,  1.571,  0.785]
Action (Tau) : [   nan,    nan,    nan,    nan,    nan,    nan,    nan]
Error (T-F)  : [ 0.230,  0.375,  0.198,  0.147,  0.601,  0.649, -0.004]
------------------------------------------------------------
--- Step 1280 ---
Leader (True): [ 0.231, -0.416,  0.198, -2.213,  0.607,  2.211,  0.781]
Leader (Pred): [   nan,    nan,    nan,    nan,    nan,    nan,    nan]
Follower     : [ 0.000, -0.785, -0.000, -2.356,  0.000,  1.571,  0.785]
Action (Tau) : [   nan,    nan,    nan,    nan,    nan,    nan,    nan]
Error (T-F)  : [ 0.231,  0.369,  0.198,  0.143,  0.607,  0.640, -0.004]
------------------------------------------------------------
--- Step 1290 ---
Leader (True): [ 0.232, -0.421,  0.199, -2.216,  0.612,  2.203,  0.781]
Leader (Pred): [   nan,    nan,    nan,    nan,    nan,    nan,    nan]
Follower     : [ 0.000, -0.785, -0.000, -2.356,  0.000,  1.571,  0.785]
Action (Tau) : [   nan,    nan,    nan,    nan,    nan,    nan,    nan]
Error (T-F)  : [ 0.232,  0.364,  0.199,  0.140,  0.612,  0.632, -0.004]
------------------------------------------------------------
--- Step 1300 ---
Leader (True): [ 0.233, -0.426,  0.199, -2.220,  0.618,  2.194,  0.781]
Leader (Pred): [   nan,    nan,    nan,    nan,    nan,    nan,    nan]
Follower     : [ 0.000, -0.785, -0.000, -2.356,  0.000,  1.571,  0.785]
Action (Tau) : [   nan,    nan,    nan,    nan,    nan,    nan,    nan]
Error (T-F)  : [ 0.233,  0.359,  0.199,  0.136,  0.618,  0.623, -0.004]
------------------------------------------------------------
--- Step 1310 ---
Leader (True): [ 0.234, -0.432,  0.199, -2.224,  0.624,  2.186,  0.781]
Leader (Pred): [   nan,    nan,    nan,    nan,    nan,    nan,    nan]
Follower     : [ 0.000, -0.785, -0.000, -2.356,  0.000,  1.571,  0.785]
Action (Tau) : [   nan,    nan,    nan,    nan,    nan,    nan,    nan]
Error (T-F)  : [ 0.234,  0.353,  0.199,  0.132,  0.624,  0.615, -0.004]
------------------------------------------------------------
--- Step 1320 ---
Leader (True): [ 0.235, -0.438,  0.200, -2.228,  0.630,  2.177,  0.781]
Leader (Pred): [   nan,    nan,    nan,    nan,    nan,    nan,    nan]
Follower     : [ 0.000, -0.785, -0.000, -2.356,  0.000,  1.571,  0.785]
Action (Tau) : [   nan,    nan,    nan,    nan,    nan,    nan,    nan]
Error (T-F)  : [ 0.235,  0.347,  0.200,  0.128,  0.630,  0.606, -0.004]
------------------------------------------------------------
--- Step 1330 ---
Leader (True): [ 0.235, -0.444,  0.200, -2.232,  0.636,  2.167,  0.781]
Leader (Pred): [   nan,    nan,    nan,    nan,    nan,    nan,    nan]
Follower     : [ 0.000, -0.785, -0.000, -2.356,  0.000,  1.571,  0.785]
Action (Tau) : [   nan,    nan,    nan,    nan,    nan,    nan,    nan]
Error (T-F)  : [ 0.235,  0.341,  0.200,  0.124,  0.636,  0.596, -0.004]
------------------------------------------------------------
--- Step 1340 ---
Leader (True): [ 0.236, -0.449,  0.200, -2.236,  0.642,  2.158,  0.781]
Leader (Pred): [   nan,    nan,    nan,    nan,    nan,    nan,    nan]
Follower     : [ 0.000, -0.785, -0.000, -2.356,  0.000,  1.571,  0.785]
Action (Tau) : [   nan,    nan,    nan,    nan,    nan,    nan,    nan]
Error (T-F)  : [ 0.236,  0.336,  0.200,  0.120,  0.642,  0.587, -0.004]
------------------------------------------------------------
--- Step 1350 ---
Leader (True): [ 0.237, -0.455,  0.201, -2.240,  0.648,  2.148,  0.781]
Leader (Pred): [   nan,    nan,    nan,    nan,    nan,    nan,    nan]
Follower     : [ 0.000, -0.785, -0.000, -2.356,  0.000,  1.571,  0.785]
Action (Tau) : [   nan,    nan,    nan,    nan,    nan,    nan,    nan]
Error (T-F)  : [ 0.237,  0.330,  0.201,  0.116,  0.648,  0.577, -0.004]
------------------------------------------------------------
--- Step 1360 ---
Leader (True): [ 0.238, -0.461,  0.201, -2.244,  0.654,  2.138,  0.781]
Leader (Pred): [   nan,    nan,    nan,    nan,    nan,    nan,    nan]
Follower     : [ 0.000, -0.785, -0.000, -2.356,  0.000,  1.571,  0.785]
Action (Tau) : [   nan,    nan,    nan,    nan,    nan,    nan,    nan]
Error (T-F)  : [ 0.238,  0.324,  0.201,  0.112,  0.654,  0.567, -0.004]
------------------------------------------------------------
--- Step 1370 ---
Leader (True): [ 0.238, -0.467,  0.201, -2.249,  0.660,  2.128,  0.780]
Leader (Pred): [   nan,    nan,    nan,    nan,    nan,    nan,    nan]
Follower     : [ 0.000, -0.785, -0.000, -2.356,  0.000,  1.571,  0.785]
Action (Tau) : [   nan,    nan,    nan,    nan,    nan,    nan,    nan]
Error (T-F)  : [ 0.238,  0.318,  0.201,  0.107,  0.660,  0.557, -0.005]
------------------------------------------------------------
--- Step 1380 ---
Leader (True): [ 0.239, -0.474,  0.201, -2.253,  0.666,  2.117,  0.780]
Leader (Pred): [   nan,    nan,    nan,    nan,    nan,    nan,    nan]
Follower     : [ 0.000, -0.785, -0.000, -2.356,  0.000,  1.571,  0.785]
Action (Tau) : [   nan,    nan,    nan,    nan,    nan,    nan,    nan]
Error (T-F)  : [ 0.239,  0.311,  0.201,  0.103,  0.666,  0.547, -0.005]
------------------------------------------------------------
--- Step 1390 ---
Leader (True): [ 0.240, -0.480,  0.202, -2.257,  0.672,  2.107,  0.780]
Leader (Pred): [   nan,    nan,    nan,    nan,    nan,    nan,    nan]
Follower     : [ 0.000, -0.785, -0.000, -2.356,  0.000,  1.571,  0.785]
Action (Tau) : [   nan,    nan,    nan,    nan,    nan,    nan,    nan]
Error (T-F)  : [ 0.240,  0.305,  0.202,  0.099,  0.672,  0.536, -0.005]
------------------------------------------------------------
--- Step 1400 ---
Leader (True): [ 0.240, -0.486,  0.202, -2.261,  0.678,  2.096,  0.780]
Leader (Pred): [   nan,    nan,    nan,    nan,    nan,    nan,    nan]
Follower     : [ 0.000, -0.785, -0.000, -2.356,  0.000,  1.571,  0.785]
Action (Tau) : [   nan,    nan,    nan,    nan,    nan,    nan,    nan]
Error (T-F)  : [ 0.240,  0.299,  0.202,  0.095,  0.678,  0.525, -0.005]
------------------------------------------------------------
--- Step 1410 ---
Leader (True): [ 0.241, -0.492,  0.202, -2.266,  0.684,  2.085,  0.780]
Leader (Pred): [   nan,    nan,    nan,    nan,    nan,    nan,    nan]
Follower     : [ 0.000, -0.785, -0.000, -2.356,  0.000,  1.571,  0.785]
Action (Tau) : [   nan,    nan,    nan,    nan,    nan,    nan,    nan]
Error (T-F)  : [ 0.241,  0.293,  0.202,  0.090,  0.684,  0.514, -0.005]
------------------------------------------------------------
--- Step 1420 ---
Leader (True): [ 0.241, -0.499,  0.202, -2.270,  0.690,  2.073,  0.780]
Leader (Pred): [   nan,    nan,    nan,    nan,    nan,    nan,    nan]
Follower     : [ 0.000, -0.785, -0.000, -2.356,  0.000,  1.571,  0.785]
Action (Tau) : [   nan,    nan,    nan,    nan,    nan,    nan,    nan]
Error (T-F)  : [ 0.241,  0.286,  0.202,  0.086,  0.690,  0.503, -0.005]
------------------------------------------------------------
--- Step 1430 ---
Leader (True): [ 0.242, -0.505,  0.202, -2.274,  0.696,  2.062,  0.780]
Leader (Pred): [   nan,    nan,    nan,    nan,    nan,    nan,    nan]
Follower     : [ 0.000, -0.785, -0.000, -2.356,  0.000,  1.571,  0.785]
Action (Tau) : [   nan,    nan,    nan,    nan,    nan,    nan,    nan]
Error (T-F)  : [ 0.242,  0.280,  0.202,  0.082,  0.696,  0.491, -0.005]
------------------------------------------------------------
--- Step 1440 ---
Leader (True): [ 0.242, -0.511,  0.203, -2.279,  0.702,  2.050,  0.780]
Leader (Pred): [   nan,    nan,    nan,    nan,    nan,    nan,    nan]
Follower     : [ 0.000, -0.785, -0.000, -2.356,  0.000,  1.571,  0.785]
Action (Tau) : [   nan,    nan,    nan,    nan,    nan,    nan,    nan]
Error (T-F)  : [ 0.242,  0.274,  0.203,  0.077,  0.702,  0.479, -0.005]
------------------------------------------------------------
--- Step 1450 ---
Leader (True): [ 0.243, -0.518,  0.203, -2.283,  0.708,  2.038,  0.780]
Leader (Pred): [   nan,    nan,    nan,    nan,    nan,    nan,    nan]
Follower     : [ 0.000, -0.785, -0.000, -2.356,  0.000,  1.571,  0.785]
Action (Tau) : [   nan,    nan,    nan,    nan,    nan,    nan,    nan]
Error (T-F)  : [ 0.243,  0.267,  0.203,  0.073,  0.708,  0.467, -0.005]
------------------------------------------------------------
--- Step 1460 ---
Leader (True): [ 0.243, -0.524,  0.203, -2.287,  0.714,  2.026,  0.780]
Leader (Pred): [   nan,    nan,    nan,    nan,    nan,    nan,    nan]
Follower     : [ 0.000, -0.785, -0.000, -2.356,  0.000,  1.571,  0.785]
Action (Tau) : [   nan,    nan,    nan,    nan,    nan,    nan,    nan]
Error (T-F)  : [ 0.243,  0.261,  0.203,  0.069,  0.714,  0.455, -0.005]
------------------------------------------------------------
--- Step 1470 ---
Leader (True): [ 0.243, -0.530,  0.203, -2.291,  0.720,  2.014,  0.781]
Leader (Pred): [   nan,    nan,    nan,    nan,    nan,    nan,    nan]
Follower     : [ 0.000, -0.785, -0.000, -2.356,  0.000,  1.571,  0.785]
Action (Tau) : [   nan,    nan,    nan,    nan,    nan,    nan,    nan]
Error (T-F)  : [ 0.243,  0.255,  0.203,  0.065,  0.720,  0.443, -0.004]
------------------------------------------------------------
--- Step 1480 ---
Leader (True): [ 0.244, -0.537,  0.203, -2.296,  0.725,  2.001,  0.781]
Leader (Pred): [   nan,    nan,    nan,    nan,    nan,    nan,    nan]
Follower     : [ 0.000, -0.785, -0.000, -2.356,  0.000,  1.571,  0.785]
Action (Tau) : [   nan,    nan,    nan,    nan,    nan,    nan,    nan]
Error (T-F)  : [ 0.244,  0.248,  0.203,  0.060,  0.725,  0.430, -0.004]
------------------------------------------------------------
--- Step 1490 ---
Leader (True): [ 0.244, -0.543,  0.203, -2.300,  0.731,  1.988,  0.781]
Leader (Pred): [   nan,    nan,    nan,    nan,    nan,    nan,    nan]
Follower     : [ 0.000, -0.785, -0.000, -2.356,  0.000,  1.571,  0.785]
Action (Tau) : [   nan,    nan,    nan,    nan,    nan,    nan,    nan]
Error (T-F)  : [ 0.244,  0.242,  0.203,  0.056,  0.731,  0.417, -0.004]
------------------------------------------------------------
--- Step 1500 ---
Leader (True): [ 0.244, -0.549,  0.203, -2.304,  0.737,  1.975,  0.781]
Leader (Pred): [   nan,    nan,    nan,    nan,    nan,    nan,    nan]
Follower     : [ 0.000, -0.785, -0.000, -2.356,  0.000,  1.571,  0.785]
Action (Tau) : [   nan,    nan,    nan,    nan,    nan,    nan,    nan]
Error (T-F)  : [ 0.244,  0.236,  0.203,  0.052,  0.737,  0.405, -0.004]
------------------------------------------------------------
--- Step 1510 ---
Leader (True): [ 0.245, -0.555,  0.203, -2.308,  0.742,  1.962,  0.781]
Leader (Pred): [   nan,    nan,    nan,    nan,    nan,    nan,    nan]
Follower     : [ 0.000, -0.785, -0.000, -2.356,  0.000,  1.571,  0.785]
Action (Tau) : [   nan,    nan,    nan,    nan,    nan,    nan,    nan]
Error (T-F)  : [ 0.245,  0.230,  0.203,  0.048,  0.742,  0.392, -0.004]
------------------------------------------------------------
--- Step 1520 ---
Leader (True): [ 0.245, -0.562,  0.203, -2.312,  0.748,  1.949,  0.781]
Leader (Pred): [   nan,    nan,    nan,    nan,    nan,    nan,    nan]
Follower     : [ 0.000, -0.785, -0.000, -2.356,  0.000,  1.571,  0.785]
Action (Tau) : [   nan,    nan,    nan,    nan,    nan,    nan,    nan]
Error (T-F)  : [ 0.245,  0.223,  0.203,  0.044,  0.748,  0.378, -0.004]
------------------------------------------------------------
--- Step 1530 ---
Leader (True): [ 0.245, -0.568,  0.203, -2.317,  0.753,  1.935,  0.781]
Leader (Pred): [   nan,    nan,    nan,    nan,    nan,    nan,    nan]
Follower     : [ 0.000, -0.785, -0.000, -2.356,  0.000,  1.571,  0.785]
Action (Tau) : [   nan,    nan,    nan,    nan,    nan,    nan,    nan]
Error (T-F)  : [ 0.245,  0.217,  0.203,  0.039,  0.753,  0.365, -0.004]
------------------------------------------------------------
--- Step 1540 ---
Leader (True): [ 0.245, -0.574,  0.203, -2.321,  0.758,  1.922,  0.781]
Leader (Pred): [   nan,    nan,    nan,    nan,    nan,    nan,    nan]
Follower     : [ 0.000, -0.785, -0.000, -2.356,  0.000,  1.571,  0.785]
Action (Tau) : [   nan,    nan,    nan,    nan,    nan,    nan,    nan]
Error (T-F)  : [ 0.245,  0.211,  0.203,  0.035,  0.758,  0.351, -0.004]
------------------------------------------------------------
--- Step 1550 ---
Leader (True): [ 0.246, -0.580,  0.203, -2.325,  0.764,  1.908,  0.781]
Leader (Pred): [   nan,    nan,    nan,    nan,    nan,    nan,    nan]
Follower     : [ 0.000, -0.785, -0.000, -2.356,  0.000,  1.571,  0.785]
Action (Tau) : [   nan,    nan,    nan,    nan,    nan,    nan,    nan]
Error (T-F)  : [ 0.246,  0.205,  0.203,  0.031,  0.764,  0.337, -0.004]
------------------------------------------------------------
--- Step 1560 ---
Leader (True): [ 0.246, -0.586,  0.203, -2.329,  0.769,  1.894,  0.782]
Leader (Pred): [   nan,    nan,    nan,    nan,    nan,    nan,    nan]
Follower     : [ 0.000, -0.785, -0.000, -2.356,  0.000,  1.571,  0.785]
Action (Tau) : [   nan,    nan,    nan,    nan,    nan,    nan,    nan]
Error (T-F)  : [ 0.246,  0.199,  0.203,  0.027,  0.769,  0.323, -0.003]
------------------------------------------------------------
--- Step 1570 ---
Leader (True): [ 0.246, -0.592,  0.203, -2.333,  0.774,  1.880,  0.782]
Leader (Pred): [   nan,    nan,    nan,    nan,    nan,    nan,    nan]
Follower     : [ 0.000, -0.785, -0.000, -2.356,  0.000,  1.571,  0.785]
Action (Tau) : [   nan,    nan,    nan,    nan,    nan,    nan,    nan]
Error (T-F)  : [ 0.246,  0.193,  0.203,  0.023,  0.774,  0.310, -0.003]
------------------------------------------------------------
--- Step 1580 ---
Leader (True): [ 0.246, -0.598,  0.202, -2.337,  0.779,  1.866,  0.782]
Leader (Pred): [   nan,    nan,    nan,    nan,    nan,    nan,    nan]
Follower     : [ 0.000, -0.785, -0.000, -2.356,  0.000,  1.571,  0.785]
Action (Tau) : [   nan,    nan,    nan,    nan,    nan,    nan,    nan]
Error (T-F)  : [ 0.246,  0.187,  0.202,  0.019,  0.779,  0.295, -0.003]
------------------------------------------------------------
--- Step 1590 ---
Leader (True): [ 0.247, -0.603,  0.202, -2.341,  0.784,  1.852,  0.782]
Leader (Pred): [   nan,    nan,    nan,    nan,    nan,    nan,    nan]
Follower     : [ 0.000, -0.785, -0.000, -2.356,  0.000,  1.571,  0.785]
Action (Tau) : [   nan,    nan,    nan,    nan,    nan,    nan,    nan]
Error (T-F)  : [ 0.247,  0.182,  0.202,  0.015,  0.784,  0.281, -0.003]
------------------------------------------------------------
--- Step 1600 ---
Leader (True): [ 0.247, -0.609,  0.202, -2.345,  0.789,  1.838,  0.782]
Leader (Pred): [   nan,    nan,    nan,    nan,    nan,    nan,    nan]
Follower     : [ 0.000, -0.785, -0.000, -2.356,  0.000,  1.571,  0.785]
Action (Tau) : [   nan,    nan,    nan,    nan,    nan,    nan,    nan]
Error (T-F)  : [ 0.247,  0.176,  0.202,  0.011,  0.789,  0.267, -0.003]
------------------------------------------------------------
--- Step 1610 ---
Leader (True): [ 0.247, -0.615,  0.202, -2.348,  0.794,  1.823,  0.783]
Leader (Pred): [   nan,    nan,    nan,    nan,    nan,    nan,    nan]
Follower     : [ 0.000, -0.785, -0.000, -2.356,  0.000,  1.571,  0.785]
Action (Tau) : [   nan,    nan,    nan,    nan,    nan,    nan,    nan]
Error (T-F)  : [ 0.247,  0.170,  0.202,  0.008,  0.794,  0.253, -0.002]
------------------------------------------------------------
--- Step 1620 ---
Leader (True): [ 0.248, -0.620,  0.202, -2.352,  0.798,  1.809,  0.783]
Leader (Pred): [   nan,    nan,    nan,    nan,    nan,    nan,    nan]
Follower     : [ 0.000, -0.785, -0.000, -2.356,  0.000,  1.571,  0.785]
Action (Tau) : [   nan,    nan,    nan,    nan,    nan,    nan,    nan]
Error (T-F)  : [ 0.248,  0.165,  0.202,  0.004,  0.798,  0.238, -0.002]
------------------------------------------------------------
--- Step 1630 ---
Leader (True): [ 0.248, -0.626,  0.201, -2.356,  0.803,  1.794,  0.783]
Leader (Pred): [   nan,    nan,    nan,    nan,    nan,    nan,    nan]
Follower     : [ 0.000, -0.785, -0.000, -2.356,  0.000,  1.571,  0.785]
Action (Tau) : [   nan,    nan,    nan,    nan,    nan,    nan,    nan]
Error (T-F)  : [ 0.248,  0.159,  0.201, -0.000,  0.803,  0.224, -0.002]
------------------------------------------------------------
--- Step 1640 ---
Leader (True): [ 0.248, -0.631,  0.201, -2.360,  0.807,  1.780,  0.783]
Leader (Pred): [   nan,    nan,    nan,    nan,    nan,    nan,    nan]
Follower     : [ 0.000, -0.785, -0.000, -2.356,  0.000,  1.571,  0.785]
Action (Tau) : [   nan,    nan,    nan,    nan,    nan,    nan,    nan]
Error (T-F)  : [ 0.248,  0.154,  0.201, -0.004,  0.807,  0.209, -0.002]
------------------------------------------------------------
--- Step 1650 ---
Leader (True): [ 0.249, -0.636,  0.201, -2.364,  0.812,  1.765,  0.784]
Leader (Pred): [   nan,    nan,    nan,    nan,    nan,    nan,    nan]
Follower     : [ 0.000, -0.785, -0.000, -2.356,  0.000,  1.571,  0.785]
Action (Tau) : [   nan,    nan,    nan,    nan,    nan,    nan,    nan]
Error (T-F)  : [ 0.249,  0.149,  0.201, -0.008,  0.812,  0.194, -0.001]
------------------------------------------------------------
--- Step 1660 ---
Leader (True): [ 0.249, -0.641,  0.201, -2.367,  0.816,  1.751,  0.784]
Leader (Pred): [   nan,    nan,    nan,    nan,    nan,    nan,    nan]
Follower     : [ 0.000, -0.785, -0.000, -2.356,  0.000,  1.571,  0.785]
Action (Tau) : [   nan,    nan,    nan,    nan,    nan,    nan,    nan]
Error (T-F)  : [ 0.249,  0.144,  0.201, -0.011,  0.816,  0.180, -0.001]
------------------------------------------------------------
--- Step 1670 ---
Leader (True): [ 0.249, -0.646,  0.201, -2.371,  0.820,  1.736,  0.784]
Leader (Pred): [   nan,    nan,    nan,    nan,    nan,    nan,    nan]
Follower     : [ 0.000, -0.785, -0.000, -2.356,  0.000,  1.571,  0.785]
Action (Tau) : [   nan,    nan,    nan,    nan,    nan,    nan,    nan]
Error (T-F)  : [ 0.249,  0.139,  0.201, -0.015,  0.820,  0.165, -0.001]
------------------------------------------------------------
--- Step 1680 ---
Leader (True): [ 0.250, -0.651,  0.200, -2.375,  0.824,  1.721,  0.785]
Leader (Pred): [   nan,    nan,    nan,    nan,    nan,    nan,    nan]
Follower     : [ 0.000, -0.785, -0.000, -2.356,  0.000,  1.571,  0.785]
Action (Tau) : [   nan,    nan,    nan,    nan,    nan,    nan,    nan]
Error (T-F)  : [ 0.250,  0.134,  0.200, -0.019,  0.824,  0.151, -0.000]
------------------------------------------------------------
--- Step 1690 ---
Leader (True): [ 0.250, -0.656,  0.200, -2.378,  0.828,  1.707,  0.785]
Leader (Pred): [   nan,    nan,    nan,    nan,    nan,    nan,    nan]
Follower     : [ 0.000, -0.785, -0.000, -2.356,  0.000,  1.571,  0.785]
Action (Tau) : [   nan,    nan,    nan,    nan,    nan,    nan,    nan]
Error (T-F)  : [ 0.250,  0.129,  0.200, -0.022,  0.828,  0.136, -0.000]
------------------------------------------------------------
--- Step 1700 ---
Leader (True): [ 0.251, -0.661,  0.200, -2.382,  0.832,  1.692,  0.785]
Leader (Pred): [   nan,    nan,    nan,    nan,    nan,    nan,    nan]
Follower     : [ 0.000, -0.785, -0.000, -2.356,  0.000,  1.571,  0.785]
Action (Tau) : [   nan,    nan,    nan,    nan,    nan,    nan,    nan]
Error (T-F)  : [ 0.251,  0.124,  0.200, -0.026,  0.832,  0.121,  0.000]
------------------------------------------------------------
--- Step 1710 ---
Leader (True): [ 0.251, -0.666,  0.200, -2.385,  0.835,  1.678,  0.786]
Leader (Pred): [   nan,    nan,    nan,    nan,    nan,    nan,    nan]
Follower     : [ 0.000, -0.785, -0.000, -2.356,  0.000,  1.571,  0.785]
Action (Tau) : [   nan,    nan,    nan,    nan,    nan,    nan,    nan]
Error (T-F)  : [ 0.251,  0.119,  0.200, -0.029,  0.835,  0.107,  0.001]
------------------------------------------------------------
--- Step 1720 ---
Leader (True): [ 0.252, -0.670,  0.199, -2.389,  0.839,  1.663,  0.786]
Leader (Pred): [   nan,    nan,    nan,    nan,    nan,    nan,    nan]
Follower     : [ 0.000, -0.785, -0.000, -2.356,  0.000,  1.571,  0.785]
Action (Tau) : [   nan,    nan,    nan,    nan,    nan,    nan,    nan]
Error (T-F)  : [ 0.252,  0.115,  0.199, -0.033,  0.839,  0.092,  0.001]
------------------------------------------------------------
--- Step 1730 ---
Leader (True): [ 0.252, -0.675,  0.199, -2.392,  0.843,  1.648,  0.786]
Leader (Pred): [   nan,    nan,    nan,    nan,    nan,    nan,    nan]
Follower     : [ 0.000, -0.785, -0.000, -2.356,  0.000,  1.571,  0.785]
Action (Tau) : [   nan,    nan,    nan,    nan,    nan,    nan,    nan]
Error (T-F)  : [ 0.252,  0.110,  0.199, -0.036,  0.843,  0.078,  0.001]
------------------------------------------------------------
--- Step 1740 ---
Leader (True): [ 0.253, -0.679,  0.199, -2.396,  0.846,  1.634,  0.787]
Leader (Pred): [   nan,    nan,    nan,    nan,    nan,    nan,    nan]
Follower     : [ 0.000, -0.785, -0.000, -2.356,  0.000,  1.571,  0.785]
Action (Tau) : [   nan,    nan,    nan,    nan,    nan,    nan,    nan]
Error (T-F)  : [ 0.253,  0.106,  0.199, -0.040,  0.846,  0.063,  0.002]
------------------------------------------------------------
--- Step 1750 ---
Leader (True): [ 0.253, -0.683,  0.199, -2.399,  0.849,  1.620,  0.787]
Leader (Pred): [   nan,    nan,    nan,    nan,    nan,    nan,    nan]
Follower     : [ 0.000, -0.785, -0.000, -2.356,  0.000,  1.571,  0.785]
Action (Tau) : [   nan,    nan,    nan,    nan,    nan,    nan,    nan]
Error (T-F)  : [ 0.253,  0.102,  0.199, -0.043,  0.849,  0.049,  0.002]
------------------------------------------------------------
--- Step 1760 ---
Leader (True): [ 0.254, -0.687,  0.199, -2.402,  0.853,  1.605,  0.787]
Leader (Pred): [   nan,    nan,    nan,    nan,    nan,    nan,    nan]
Follower     : [ 0.000, -0.785, -0.000, -2.356,  0.000,  1.571,  0.785]
Action (Tau) : [   nan,    nan,    nan,    nan,    nan,    nan,    nan]
Error (T-F)  : [ 0.254,  0.098,  0.199, -0.046,  0.853,  0.034,  0.002]
------------------------------------------------------------
--- Step 1770 ---
Leader (True): [ 0.254, -0.691,  0.199, -2.406,  0.856,  1.591,  0.788]
Leader (Pred): [   nan,    nan,    nan,    nan,    nan,    nan,    nan]
Follower     : [ 0.000, -0.785, -0.000, -2.356,  0.000,  1.571,  0.785]
Action (Tau) : [   nan,    nan,    nan,    nan,    nan,    nan,    nan]
Error (T-F)  : [ 0.254,  0.094,  0.199, -0.050,  0.856,  0.020,  0.003]
------------------------------------------------------------
--- Step 1780 ---
Leader (True): [ 0.255, -0.695,  0.199, -2.409,  0.859,  1.577,  0.788]
Leader (Pred): [   nan,    nan,    nan,    nan,    nan,    nan,    nan]
Follower     : [ 0.000, -0.785, -0.000, -2.356,  0.000,  1.571,  0.785]
Action (Tau) : [   nan,    nan,    nan,    nan,    nan,    nan,    nan]
Error (T-F)  : [ 0.255,  0.090,  0.199, -0.053,  0.859,  0.006,  0.003]
------------------------------------------------------------
--- Step 1790 ---
Leader (True): [ 0.256, -0.699,  0.199, -2.412,  0.862,  1.563,  0.788]
Leader (Pred): [   nan,    nan,    nan,    nan,    nan,    nan,    nan]
Follower     : [ 0.000, -0.785, -0.000, -2.356,  0.000,  1.571,  0.785]
Action (Tau) : [   nan,    nan,    nan,    nan,    nan,    nan,    nan]
Error (T-F)  : [ 0.256,  0.086,  0.199, -0.056,  0.862, -0.008,  0.003]
------------------------------------------------------------
--- Step 1800 ---
Leader (True): [ 0.256, -0.703,  0.199, -2.416,  0.865,  1.549,  0.789]
Leader (Pred): [   nan,    nan,    nan,    nan,    nan,    nan,    nan]
Follower     : [ 0.000, -0.785, -0.000, -2.356,  0.000,  1.571,  0.785]
Action (Tau) : [   nan,    nan,    nan,    nan,    nan,    nan,    nan]
Error (T-F)  : [ 0.256,  0.082,  0.199, -0.060,  0.865, -0.022,  0.004]
------------------------------------------------------------
--- Step 1810 ---
Leader (True): [ 0.257, -0.707,  0.199, -2.419,  0.867,  1.535,  0.789]
Leader (Pred): [   nan,    nan,    nan,    nan,    nan,    nan,    nan]
Follower     : [ 0.000, -0.785, -0.000, -2.356,  0.000,  1.571,  0.785]
Action (Tau) : [   nan,    nan,    nan,    nan,    nan,    nan,    nan]
Error (T-F)  : [ 0.257,  0.078,  0.199, -0.063,  0.867, -0.036,  0.004]
------------------------------------------------------------
--- Step 1820 ---
Leader (True): [ 0.258, -0.710,  0.199, -2.422,  0.870,  1.521,  0.790]
Leader (Pred): [   nan,    nan,    nan,    nan,    nan,    nan,    nan]
Follower     : [ 0.000, -0.785, -0.000, -2.356,  0.000,  1.571,  0.785]
Action (Tau) : [   nan,    nan,    nan,    nan,    nan,    nan,    nan]
Error (T-F)  : [ 0.258,  0.075,  0.199, -0.066,  0.870, -0.050,  0.005]
------------------------------------------------------------
--- Step 1830 ---
Leader (True): [ 0.259, -0.714,  0.199, -2.425,  0.873,  1.507,  0.790]
Leader (Pred): [   nan,    nan,    nan,    nan,    nan,    nan,    nan]
Follower     : [ 0.000, -0.785, -0.000, -2.356,  0.000,  1.571,  0.785]
Action (Tau) : [   nan,    nan,    nan,    nan,    nan,    nan,    nan]
Error (T-F)  : [ 0.259,  0.071,  0.199, -0.069,  0.873, -0.063,  0.005]
------------------------------------------------------------
--- Step 1840 ---
Leader (True): [ 0.259, -0.717,  0.199, -2.428,  0.875,  1.494,  0.790]
Leader (Pred): [   nan,    nan,    nan,    nan,    nan,    nan,    nan]
Follower     : [ 0.000, -0.785, -0.000, -2.356,  0.000,  1.571,  0.785]
Action (Tau) : [   nan,    nan,    nan,    nan,    nan,    nan,    nan]
Error (T-F)  : [ 0.259,  0.068,  0.199, -0.072,  0.875, -0.077,  0.005]
------------------------------------------------------------
--- Step 1850 ---
Leader (True): [ 0.260, -0.721,  0.199, -2.431,  0.878,  1.481,  0.791]
Leader (Pred): [   nan,    nan,    nan,    nan,    nan,    nan,    nan]
Follower     : [ 0.000, -0.785, -0.000, -2.356,  0.000,  1.571,  0.785]
Action (Tau) : [   nan,    nan,    nan,    nan,    nan,    nan,    nan]
Error (T-F)  : [ 0.260,  0.064,  0.199, -0.075,  0.878, -0.090,  0.006]
------------------------------------------------------------
--- Step 1860 ---
Leader (True): [ 0.261, -0.724,  0.199, -2.434,  0.880,  1.468,  0.791]
Leader (Pred): [   nan,    nan,    nan,    nan,    nan,    nan,    nan]
Follower     : [ 0.000, -0.785, -0.000, -2.356,  0.000,  1.571,  0.785]
Action (Tau) : [   nan,    nan,    nan,    nan,    nan,    nan,    nan]
Error (T-F)  : [ 0.261,  0.061,  0.199, -0.078,  0.880, -0.103,  0.006]
------------------------------------------------------------
--- Step 1870 ---
Leader (True): [ 0.262, -0.727,  0.199, -2.437,  0.882,  1.454,  0.791]
Leader (Pred): [   nan,    nan,    nan,    nan,    nan,    nan,    nan]
Follower     : [ 0.000, -0.785, -0.000, -2.356,  0.000,  1.571,  0.785]
Action (Tau) : [   nan,    nan,    nan,    nan,    nan,    nan,    nan]
Error (T-F)  : [ 0.262,  0.058,  0.199, -0.081,  0.882, -0.116,  0.006]
------------------------------------------------------------
--- Step 1880 ---
Leader (True): [ 0.263, -0.730,  0.200, -2.440,  0.884,  1.442,  0.792]
Leader (Pred): [   nan,    nan,    nan,    nan,    nan,    nan,    nan]
Follower     : [ 0.000, -0.785, -0.000, -2.356,  0.000,  1.571,  0.785]
Action (Tau) : [   nan,    nan,    nan,    nan,    nan,    nan,    nan]
Error (T-F)  : [ 0.263,  0.055,  0.200, -0.084,  0.884, -0.129,  0.007]
------------------------------------------------------------
--- Step 1890 ---
Leader (True): [ 0.263, -0.733,  0.200, -2.443,  0.886,  1.429,  0.792]
Leader (Pred): [   nan,    nan,    nan,    nan,    nan,    nan,    nan]
Follower     : [ 0.000, -0.785, -0.000, -2.356,  0.000,  1.571,  0.785]
Action (Tau) : [   nan,    nan,    nan,    nan,    nan,    nan,    nan]
Error (T-F)  : [ 0.263,  0.052,  0.200, -0.087,  0.886, -0.142,  0.007]
------------------------------------------------------------
--- Step 1900 ---
Leader (True): [ 0.264, -0.736,  0.200, -2.446,  0.888,  1.416,  0.793]
Leader (Pred): [   nan,    nan,    nan,    nan,    nan,    nan,    nan]
Follower     : [ 0.000, -0.785, -0.000, -2.356,  0.000,  1.571,  0.785]
Action (Tau) : [   nan,    nan,    nan,    nan,    nan,    nan,    nan]
Error (T-F)  : [ 0.264,  0.049,  0.200, -0.090,  0.888, -0.155,  0.008]
------------------------------------------------------------
--- Step 1910 ---
Leader (True): [ 0.265, -0.739,  0.200, -2.449,  0.890,  1.404,  0.793]
Leader (Pred): [   nan,    nan,    nan,    nan,    nan,    nan,    nan]
Follower     : [ 0.000, -0.785, -0.000, -2.356,  0.000,  1.571,  0.785]
Action (Tau) : [   nan,    nan,    nan,    nan,    nan,    nan,    nan]
Error (T-F)  : [ 0.265,  0.046,  0.200, -0.093,  0.890, -0.167,  0.008]
------------------------------------------------------------
--- Step 1920 ---
Leader (True): [ 0.266, -0.742,  0.201, -2.452,  0.892,  1.392,  0.793]
Leader (Pred): [   nan,    nan,    nan,    nan,    nan,    nan,    nan]
Follower     : [ 0.000, -0.785, -0.000, -2.356,  0.000,  1.571,  0.785]
Action (Tau) : [   nan,    nan,    nan,    nan,    nan,    nan,    nan]
Error (T-F)  : [ 0.266,  0.043,  0.201, -0.096,  0.892, -0.179,  0.008]
------------------------------------------------------------
--- Step 1930 ---
Leader (True): [ 0.267, -0.745,  0.201, -2.455,  0.893,  1.379,  0.794]
Leader (Pred): [   nan,    nan,    nan,    nan,    nan,    nan,    nan]
Follower     : [ 0.000, -0.785, -0.000, -2.356,  0.000,  1.571,  0.785]
Action (Tau) : [   nan,    nan,    nan,    nan,    nan,    nan,    nan]
Error (T-F)  : [ 0.267,  0.040,  0.201, -0.099,  0.893, -0.191,  0.009]
------------------------------------------------------------
--- Step 1940 ---
Leader (True): [ 0.268, -0.748,  0.201, -2.458,  0.895,  1.367,  0.794]
Leader (Pred): [   nan,    nan,    nan,    nan,    nan,    nan,    nan]
Follower     : [ 0.000, -0.785, -0.000, -2.356,  0.000,  1.571,  0.785]
Action (Tau) : [   nan,    nan,    nan,    nan,    nan,    nan,    nan]
Error (T-F)  : [ 0.268,  0.037,  0.201, -0.102,  0.895, -0.203,  0.009]
------------------------------------------------------------
--- Step 1950 ---
Leader (True): [ 0.269, -0.750,  0.202, -2.461,  0.896,  1.356,  0.794]
Leader (Pred): [   nan,    nan,    nan,    nan,    nan,    nan,    nan]
Follower     : [ 0.000, -0.785, -0.000, -2.356,  0.000,  1.571,  0.785]
Action (Tau) : [   nan,    nan,    nan,    nan,    nan,    nan,    nan]
Error (T-F)  : [ 0.269,  0.035,  0.202, -0.105,  0.896, -0.215,  0.009]
------------------------------------------------------------
--- Step 1960 ---
Leader (True): [ 0.270, -0.753,  0.202, -2.464,  0.898,  1.344,  0.795]
Leader (Pred): [   nan,    nan,    nan,    nan,    nan,    nan,    nan]
Follower     : [ 0.000, -0.785, -0.000, -2.356,  0.000,  1.571,  0.785]
Action (Tau) : [   nan,    nan,    nan,    nan,    nan,    nan,    nan]
Error (T-F)  : [ 0.270,  0.032,  0.202, -0.108,  0.898, -0.227,  0.010]
------------------------------------------------------------
--- Step 1970 ---
Leader (True): [ 0.271, -0.756,  0.202, -2.466,  0.899,  1.333,  0.795]
Leader (Pred): [   nan,    nan,    nan,    nan,    nan,    nan,    nan]
Follower     : [ 0.000, -0.785, -0.000, -2.356,  0.000,  1.571,  0.785]
Action (Tau) : [   nan,    nan,    nan,    nan,    nan,    nan,    nan]
Error (T-F)  : [ 0.271,  0.029,  0.202, -0.110,  0.899, -0.238,  0.010]
------------------------------------------------------------
--- Step 1980 ---
Leader (True): [ 0.271, -0.758,  0.203, -2.469,  0.900,  1.322,  0.795]
Leader (Pred): [   nan,    nan,    nan,    nan,    nan,    nan,    nan]
Follower     : [ 0.000, -0.785, -0.000, -2.356,  0.000,  1.571,  0.785]
Action (Tau) : [   nan,    nan,    nan,    nan,    nan,    nan,    nan]
Error (T-F)  : [ 0.271,  0.027,  0.203, -0.113,  0.900, -0.249,  0.010]
------------------------------------------------------------
--- Step 1990 ---
Leader (True): [ 0.272, -0.761,  0.203, -2.472,  0.901,  1.311,  0.796]
Leader (Pred): [   nan,    nan,    nan,    nan,    nan,    nan,    nan]
Follower     : [ 0.000, -0.785, -0.000, -2.356,  0.000,  1.571,  0.785]
Action (Tau) : [   nan,    nan,    nan,    nan,    nan,    nan,    nan]
Error (T-F)  : [ 0.272,  0.024,  0.203, -0.116,  0.901, -0.260,  0.011]
------------------------------------------------------------
--- Step 2000 ---
Leader (True): [ 0.273, -0.763,  0.204, -2.474,  0.902,  1.300,  0.796]
Leader (Pred): [   nan,    nan,    nan,    nan,    nan,    nan,    nan]
Follower     : [ 0.000, -0.785, -0.000, -2.356,  0.000,  1.571,  0.785]
Action (Tau) : [   nan,    nan,    nan,    nan,    nan,    nan,    nan]
Error (T-F)  : [ 0.273,  0.022,  0.204, -0.118,  0.902, -0.271,  0.011]
------------------------------------------------------------
--- Step 2010 ---
Leader (True): [ 0.274, -0.765,  0.204, -2.477,  0.903,  1.289,  0.796]
Leader (Pred): [   nan,    nan,    nan,    nan,    nan,    nan,    nan]
Follower     : [ 0.000, -0.785, -0.000, -2.356,  0.000,  1.571,  0.785]
Action (Tau) : [   nan,    nan,    nan,    nan,    nan,    nan,    nan]
Error (T-F)  : [ 0.274,  0.020,  0.204, -0.121,  0.903, -0.282,  0.011]
------------------------------------------------------------
--- Step 2020 ---
Leader (True): [ 0.275, -0.768,  0.205, -2.479,  0.904,  1.279,  0.796]
Leader (Pred): [   nan,    nan,    nan,    nan,    nan,    nan,    nan]
Follower     : [ 0.000, -0.785, -0.000, -2.356,  0.000,  1.571,  0.785]
Action (Tau) : [   nan,    nan,    nan,    nan,    nan,    nan,    nan]
Error (T-F)  : [ 0.275,  0.017,  0.205, -0.123,  0.904, -0.292,  0.011]
------------------------------------------------------------
--- Step 2030 ---
Leader (True): [ 0.276, -0.770,  0.205, -2.482,  0.905,  1.269,  0.797]
Leader (Pred): [   nan,    nan,    nan,    nan,    nan,    nan,    nan]
Follower     : [ 0.000, -0.785, -0.000, -2.356,  0.000,  1.571,  0.785]
Action (Tau) : [   nan,    nan,    nan,    nan,    nan,    nan,    nan]
Error (T-F)  : [ 0.276,  0.015,  0.205, -0.126,  0.905, -0.302,  0.012]
------------------------------------------------------------
--- Step 2040 ---
Leader (True): [ 0.277, -0.772,  0.205, -2.484,  0.905,  1.258,  0.797]
Leader (Pred): [   nan,    nan,    nan,    nan,    nan,    nan,    nan]
Follower     : [ 0.000, -0.785, -0.000, -2.356,  0.000,  1.571,  0.785]
Action (Tau) : [   nan,    nan,    nan,    nan,    nan,    nan,    nan]
Error (T-F)  : [ 0.277,  0.013,  0.205, -0.128,  0.905, -0.312,  0.012]
------------------------------------------------------------
--- Step 2050 ---
Leader (True): [ 0.278, -0.774,  0.206, -2.487,  0.906,  1.249,  0.797]
Leader (Pred): [   nan,    nan,    nan,    nan,    nan,    nan,    nan]
Follower     : [ 0.000, -0.785, -0.000, -2.356,  0.000,  1.571,  0.785]
Action (Tau) : [   nan,    nan,    nan,    nan,    nan,    nan,    nan]
Error (T-F)  : [ 0.278,  0.011,  0.206, -0.131,  0.906, -0.322,  0.012]
------------------------------------------------------------
--- Step 2060 ---
Leader (True): [ 0.278, -0.776,  0.206, -2.489,  0.906,  1.239,  0.798]
Leader (Pred): [   nan,    nan,    nan,    nan,    nan,    nan,    nan]
Follower     : [ 0.000, -0.785, -0.000, -2.356,  0.000,  1.571,  0.785]
Action (Tau) : [   nan,    nan,    nan,    nan,    nan,    nan,    nan]
Error (T-F)  : [ 0.278,  0.009,  0.206, -0.133,  0.906, -0.332,  0.013]
------------------------------------------------------------
--- Step 2070 ---
Leader (True): [ 0.279, -0.778,  0.207, -2.491,  0.907,  1.229,  0.798]
Leader (Pred): [   nan,    nan,    nan,    nan,    nan,    nan,    nan]
Follower     : [ 0.000, -0.785, -0.000, -2.356,  0.000,  1.571,  0.785]
Action (Tau) : [   nan,    nan,    nan,    nan,    nan,    nan,    nan]
Error (T-F)  : [ 0.279,  0.007,  0.207, -0.135,  0.907, -0.341,  0.013]
------------------------------------------------------------
--- Step 2080 ---
Leader (True): [ 0.280, -0.780,  0.207, -2.494,  0.907,  1.220,  0.798]
Leader (Pred): [   nan,    nan,    nan,    nan,    nan,    nan,    nan]
Follower     : [ 0.000, -0.785, -0.000, -2.356,  0.000,  1.571,  0.785]
Action (Tau) : [   nan,    nan,    nan,    nan,    nan,    nan,    nan]
Error (T-F)  : [ 0.280,  0.005,  0.207, -0.138,  0.907, -0.351,  0.013]
------------------------------------------------------------
--- Step 2090 ---
Leader (True): [ 0.281, -0.782,  0.207, -2.496,  0.907,  1.211,  0.798]
Leader (Pred): [   nan,    nan,    nan,    nan,    nan,    nan,    nan]
Follower     : [ 0.000, -0.785, -0.000, -2.356,  0.000,  1.571,  0.785]
Action (Tau) : [   nan,    nan,    nan,    nan,    nan,    nan,    nan]
Error (T-F)  : [ 0.281,  0.003,  0.207, -0.140,  0.907, -0.360,  0.013]
------------------------------------------------------------
--- Step 2100 ---
Leader (True): [ 0.281, -0.784,  0.208, -2.498,  0.907,  1.202,  0.798]
Leader (Pred): [   nan,    nan,    nan,    nan,    nan,    nan,    nan]
Follower     : [ 0.000, -0.785, -0.000, -2.356,  0.000,  1.571,  0.785]
Action (Tau) : [   nan,    nan,    nan,    nan,    nan,    nan,    nan]
Error (T-F)  : [ 0.281,  0.001,  0.208, -0.142,  0.907, -0.369,  0.013]
------------------------------------------------------------
--- Step 2110 ---
Leader (True): [ 0.282, -0.786,  0.208, -2.500,  0.907,  1.193,  0.799]
Leader (Pred): [   nan,    nan,    nan,    nan,    nan,    nan,    nan]
Follower     : [ 0.000, -0.785, -0.000, -2.356,  0.000,  1.571,  0.785]
Action (Tau) : [   nan,    nan,    nan,    nan,    nan,    nan,    nan]
Error (T-F)  : [ 0.282, -0.001,  0.208, -0.144,  0.907, -0.377,  0.014]
------------------------------------------------------------
--- Step 2120 ---
Leader (True): [ 0.283, -0.788,  0.208, -2.502,  0.907,  1.185,  0.799]
Leader (Pred): [   nan,    nan,    nan,    nan,    nan,    nan,    nan]
Follower     : [ 0.000, -0.785, -0.000, -2.356,  0.000,  1.571,  0.785]
Action (Tau) : [   nan,    nan,    nan,    nan,    nan,    nan,    nan]
Error (T-F)  : [ 0.283, -0.003,  0.208, -0.146,  0.907, -0.386,  0.014]
------------------------------------------------------------
--- Step 2130 ---
Leader (True): [ 0.283, -0.790,  0.208, -2.504,  0.906,  1.177,  0.799]
Leader (Pred): [   nan,    nan,    nan,    nan,    nan,    nan,    nan]
Follower     : [ 0.000, -0.785, -0.000, -2.356,  0.000,  1.571,  0.785]
Action (Tau) : [   nan,    nan,    nan,    nan,    nan,    nan,    nan]
Error (T-F)  : [ 0.283, -0.005,  0.208, -0.148,  0.906, -0.394,  0.014]
------------------------------------------------------------
--- Step 2140 ---
Leader (True): [ 0.284, -0.792,  0.209, -2.506,  0.906,  1.168,  0.799]
Leader (Pred): [   nan,    nan,    nan,    nan,    nan,    nan,    nan]
Follower     : [ 0.000, -0.785, -0.000, -2.356,  0.000,  1.571,  0.785]
Action (Tau) : [   nan,    nan,    nan,    nan,    nan,    nan,    nan]
Error (T-F)  : [ 0.284, -0.007,  0.209, -0.150,  0.906, -0.402,  0.014]
------------------------------------------------------------
--- Step 2150 ---
Leader (True): [ 0.284, -0.793,  0.209, -2.508,  0.906,  1.161,  0.799]
Leader (Pred): [   nan,    nan,    nan,    nan,    nan,    nan,    nan]
Follower     : [ 0.000, -0.785, -0.000, -2.356,  0.000,  1.571,  0.785]
Action (Tau) : [   nan,    nan,    nan,    nan,    nan,    nan,    nan]
Error (T-F)  : [ 0.284, -0.008,  0.209, -0.152,  0.906, -0.410,  0.014]
------------------------------------------------------------
--- Step 2160 ---
Leader (True): [ 0.285, -0.795,  0.209, -2.510,  0.905,  1.153,  0.800]
Leader (Pred): [   nan,    nan,    nan,    nan,    nan,    nan,    nan]
Follower     : [ 0.000, -0.785, -0.000, -2.356,  0.000,  1.571,  0.785]
Action (Tau) : [   nan,    nan,    nan,    nan,    nan,    nan,    nan]
Error (T-F)  : [ 0.285, -0.010,  0.209, -0.154,  0.905, -0.418,  0.015]
------------------------------------------------------------
--- Step 2170 ---
Leader (True): [ 0.285, -0.797,  0.209, -2.512,  0.904,  1.145,  0.800]
Leader (Pred): [   nan,    nan,    nan,    nan,    nan,    nan,    nan]
Follower     : [ 0.000, -0.785, -0.000, -2.356,  0.000,  1.571,  0.785]
Action (Tau) : [   nan,    nan,    nan,    nan,    nan,    nan,    nan]
Error (T-F)  : [ 0.285, -0.012,  0.209, -0.156,  0.904, -0.425,  0.015]
------------------------------------------------------------
--- Step 2180 ---
Leader (True): [ 0.285, -0.798,  0.209, -2.513,  0.904,  1.138,  0.800]
Leader (Pred): [   nan,    nan,    nan,    nan,    nan,    nan,    nan]
Follower     : [ 0.000, -0.785, -0.000, -2.356,  0.000,  1.571,  0.785]
Action (Tau) : [   nan,    nan,    nan,    nan,    nan,    nan,    nan]
Error (T-F)  : [ 0.285, -0.013,  0.209, -0.157,  0.904, -0.433,  0.015]
------------------------------------------------------------
--- Step 2190 ---
Leader (True): [ 0.286, -0.800,  0.209, -2.515,  0.903,  1.131,  0.800]
Leader (Pred): [   nan,    nan,    nan,    nan,    nan,    nan,    nan]
Follower     : [ 0.000, -0.785, -0.000, -2.356,  0.000,  1.571,  0.785]
Action (Tau) : [   nan,    nan,    nan,    nan,    nan,    nan,    nan]
Error (T-F)  : [ 0.286, -0.015,  0.209, -0.159,  0.903, -0.440,  0.015]
------------------------------------------------------------
--- Step 2200 ---
Leader (True): [ 0.286, -0.802,  0.209, -2.517,  0.902,  1.124,  0.800]
Leader (Pred): [   nan,    nan,    nan,    nan,    nan,    nan,    nan]
Follower     : [ 0.000, -0.785, -0.000, -2.356,  0.000,  1.571,  0.785]
Action (Tau) : [   nan,    nan,    nan,    nan,    nan,    nan,    nan]
Error (T-F)  : [ 0.286, -0.017,  0.209, -0.161,  0.902, -0.447,  0.015]
------------------------------------------------------------
--- Step 2210 ---
Leader (True): [ 0.286, -0.803,  0.209, -2.518,  0.901,  1.117,  0.800]
Leader (Pred): [   nan,    nan,    nan,    nan,    nan,    nan,    nan]
Follower     : [ 0.000, -0.785, -0.000, -2.356,  0.000,  1.571,  0.785]
Action (Tau) : [   nan,    nan,    nan,    nan,    nan,    nan,    nan]
Error (T-F)  : [ 0.286, -0.018,  0.209, -0.162,  0.901, -0.454,  0.015]
------------------------------------------------------------
--- Step 2220 ---
Leader (True): [ 0.286, -0.804,  0.209, -2.520,  0.900,  1.111,  0.800]
Leader (Pred): [   nan,    nan,    nan,    nan,    nan,    nan,    nan]
Follower     : [ 0.000, -0.785, -0.000, -2.356,  0.000,  1.571,  0.785]
Action (Tau) : [   nan,    nan,    nan,    nan,    nan,    nan,    nan]
Error (T-F)  : [ 0.286, -0.019,  0.209, -0.164,  0.900, -0.460,  0.015]
------------------------------------------------------------
--- Step 2230 ---
Leader (True): [ 0.286, -0.806,  0.208, -2.521,  0.898,  1.104,  0.801]
Leader (Pred): [   nan,    nan,    nan,    nan,    nan,    nan,    nan]
Follower     : [ 0.000, -0.785, -0.000, -2.356,  0.000,  1.571,  0.785]
Action (Tau) : [   nan,    nan,    nan,    nan,    nan,    nan,    nan]
Error (T-F)  : [ 0.286, -0.021,  0.208, -0.165,  0.898, -0.466,  0.016]
------------------------------------------------------------
--- Step 2240 ---
Leader (True): [ 0.286, -0.807,  0.208, -2.522,  0.897,  1.098,  0.801]
Leader (Pred): [   nan,    nan,    nan,    nan,    nan,    nan,    nan]
Follower     : [ 0.000, -0.785, -0.000, -2.356,  0.000,  1.571,  0.785]
Action (Tau) : [   nan,    nan,    nan,    nan,    nan,    nan,    nan]
Error (T-F)  : [ 0.286, -0.022,  0.208, -0.166,  0.897, -0.473,  0.016]
------------------------------------------------------------
--- Step 2250 ---
Leader (True): [ 0.286, -0.809,  0.208, -2.524,  0.895,  1.092,  0.801]
Leader (Pred): [   nan,    nan,    nan,    nan,    nan,    nan,    nan]
Follower     : [ 0.000, -0.785, -0.000, -2.356,  0.000,  1.571,  0.785]
Action (Tau) : [   nan,    nan,    nan,    nan,    nan,    nan,    nan]
Error (T-F)  : [ 0.286, -0.024,  0.208, -0.168,  0.895, -0.479,  0.016]
------------------------------------------------------------
--- Step 2260 ---
Leader (True): [ 0.286, -0.810,  0.208, -2.525,  0.894,  1.087,  0.801]
Leader (Pred): [   nan,    nan,    nan,    nan,    nan,    nan,    nan]
Follower     : [ 0.000, -0.785, -0.000, -2.356,  0.000,  1.571,  0.785]
Action (Tau) : [   nan,    nan,    nan,    nan,    nan,    nan,    nan]
Error (T-F)  : [ 0.286, -0.025,  0.208, -0.169,  0.894, -0.484,  0.016]
------------------------------------------------------------
--- Step 2270 ---
Leader (True): [ 0.286, -0.811,  0.207, -2.526,  0.892,  1.081,  0.801]
Leader (Pred): [   nan,    nan,    nan,    nan,    nan,    nan,    nan]
Follower     : [ 0.000, -0.785, -0.000, -2.356,  0.000,  1.571,  0.785]
Action (Tau) : [   nan,    nan,    nan,    nan,    nan,    nan,    nan]
Error (T-F)  : [ 0.286, -0.026,  0.207, -0.170,  0.892, -0.490,  0.016]
------------------------------------------------------------
--- Step 2280 ---
Leader (True): [ 0.286, -0.812,  0.207, -2.527,  0.891,  1.076,  0.801]
Leader (Pred): [   nan,    nan,    nan,    nan,    nan,    nan,    nan]
Follower     : [ 0.000, -0.785, -0.000, -2.356,  0.000,  1.571,  0.785]
Action (Tau) : [   nan,    nan,    nan,    nan,    nan,    nan,    nan]
Error (T-F)  : [ 0.286, -0.027,  0.207, -0.171,  0.891, -0.495,  0.016]
------------------------------------------------------------
--- Step 2290 ---
Leader (True): [ 0.286, -0.813,  0.206, -2.528,  0.889,  1.071,  0.801]
Leader (Pred): [   nan,    nan,    nan,    nan,    nan,    nan,    nan]
Follower     : [ 0.000, -0.785, -0.000, -2.356,  0.000,  1.571,  0.785]
Action (Tau) : [   nan,    nan,    nan,    nan,    nan,    nan,    nan]
Error (T-F)  : [ 0.286, -0.028,  0.206, -0.172,  0.889, -0.500,  0.016]
------------------------------------------------------------
--- Step 2300 ---
Leader (True): [ 0.285, -0.814,  0.206, -2.529,  0.887,  1.066,  0.801]
Leader (Pred): [   nan,    nan,    nan,    nan,    nan,    nan,    nan]
Follower     : [ 0.000, -0.785, -0.000, -2.356,  0.000,  1.571,  0.785]
Action (Tau) : [   nan,    nan,    nan,    nan,    nan,    nan,    nan]
Error (T-F)  : [ 0.285, -0.029,  0.206, -0.173,  0.887, -0.505,  0.016]
------------------------------------------------------------
--- Step 2310 ---
Leader (True): [ 0.285, -0.815,  0.205, -2.530,  0.885,  1.061,  0.801]
Leader (Pred): [   nan,    nan,    nan,    nan,    nan,    nan,    nan]
Follower     : [ 0.000, -0.785, -0.000, -2.356,  0.000,  1.571,  0.785]
Action (Tau) : [   nan,    nan,    nan,    nan,    nan,    nan,    nan]
Error (T-F)  : [ 0.285, -0.030,  0.205, -0.174,  0.885, -0.510,  0.016]
------------------------------------------------------------
--- Step 2320 ---
Leader (True): [ 0.285, -0.816,  0.204, -2.530,  0.883,  1.057,  0.801]
Leader (Pred): [   nan,    nan,    nan,    nan,    nan,    nan,    nan]
Follower     : [ 0.000, -0.785, -0.000, -2.356,  0.000,  1.571,  0.785]
Action (Tau) : [   nan,    nan,    nan,    nan,    nan,    nan,    nan]
Error (T-F)  : [ 0.285, -0.031,  0.204, -0.174,  0.883, -0.514,  0.016]
------------------------------------------------------------
--- Step 2330 ---
Leader (True): [ 0.284, -0.817,  0.204, -2.531,  0.881,  1.052,  0.801]
Leader (Pred): [   nan,    nan,    nan,    nan,    nan,    nan,    nan]
Follower     : [ 0.000, -0.785, -0.000, -2.356,  0.000,  1.571,  0.785]
Action (Tau) : [   nan,    nan,    nan,    nan,    nan,    nan,    nan]
Error (T-F)  : [ 0.284, -0.032,  0.204, -0.175,  0.881, -0.518,  0.016]
------------------------------------------------------------
--- Step 2340 ---
Leader (True): [ 0.284, -0.818,  0.203, -2.532,  0.879,  1.048,  0.801]
Leader (Pred): [   nan,    nan,    nan,    nan,    nan,    nan,    nan]
Follower     : [ 0.000, -0.785, -0.000, -2.356,  0.000,  1.571,  0.785]
Action (Tau) : [   nan,    nan,    nan,    nan,    nan,    nan,    nan]
Error (T-F)  : [ 0.284, -0.033,  0.203, -0.176,  0.879, -0.523,  0.016]
------------------------------------------------------------
--- Step 2350 ---
Leader (True): [ 0.283, -0.819,  0.202, -2.532,  0.876,  1.044,  0.801]
Leader (Pred): [   nan,    nan,    nan,    nan,    nan,    nan,    nan]
Follower     : [ 0.000, -0.785, -0.000, -2.356,  0.000,  1.571,  0.785]
Action (Tau) : [   nan,    nan,    nan,    nan,    nan,    nan,    nan]
Error (T-F)  : [ 0.283, -0.034,  0.202, -0.176,  0.876, -0.527,  0.016]
------------------------------------------------------------
--- Step 2360 ---
Leader (True): [ 0.283, -0.820,  0.202, -2.533,  0.874,  1.040,  0.801]
Leader (Pred): [   nan,    nan,    nan,    nan,    nan,    nan,    nan]
Follower     : [ 0.000, -0.785, -0.000, -2.356,  0.000,  1.571,  0.785]
Action (Tau) : [   nan,    nan,    nan,    nan,    nan,    nan,    nan]
Error (T-F)  : [ 0.283, -0.035,  0.202, -0.177,  0.874, -0.530,  0.016]
------------------------------------------------------------
--- Step 2370 ---
Leader (True): [ 0.282, -0.821,  0.201, -2.533,  0.872,  1.037,  0.801]
Leader (Pred): [   nan,    nan,    nan,    nan,    nan,    nan,    nan]
Follower     : [ 0.000, -0.785, -0.000, -2.356,  0.000,  1.571,  0.785]
Action (Tau) : [   nan,    nan,    nan,    nan,    nan,    nan,    nan]
Error (T-F)  : [ 0.282, -0.036,  0.201, -0.177,  0.872, -0.534,  0.016]
------------------------------------------------------------
--- Step 2380 ---
Leader (True): [ 0.282, -0.821,  0.200, -2.534,  0.869,  1.033,  0.801]
Leader (Pred): [   nan,    nan,    nan,    nan,    nan,    nan,    nan]
Follower     : [ 0.000, -0.785, -0.000, -2.356,  0.000,  1.571,  0.785]
Action (Tau) : [   nan,    nan,    nan,    nan,    nan,    nan,    nan]
Error (T-F)  : [ 0.282, -0.036,  0.200, -0.178,  0.869, -0.538,  0.016]
------------------------------------------------------------
--- Step 2390 ---
Leader (True): [ 0.281, -0.822,  0.199, -2.534,  0.867,  1.030,  0.801]
Leader (Pred): [   nan,    nan,    nan,    nan,    nan,    nan,    nan]
Follower     : [ 0.000, -0.785, -0.000, -2.356,  0.000,  1.571,  0.785]
Action (Tau) : [   nan,    nan,    nan,    nan,    nan,    nan,    nan]
Error (T-F)  : [ 0.281, -0.037,  0.199, -0.178,  0.867, -0.541,  0.016]
------------------------------------------------------------
--- Step 2400 ---
Leader (True): [ 0.280, -0.823,  0.198, -2.534,  0.864,  1.026,  0.801]
Leader (Pred): [   nan,    nan,    nan,    nan,    nan,    nan,    nan]
Follower     : [ 0.000, -0.785, -0.000, -2.356,  0.000,  1.571,  0.785]
Action (Tau) : [   nan,    nan,    nan,    nan,    nan,    nan,    nan]
Error (T-F)  : [ 0.280, -0.038,  0.198, -0.178,  0.864, -0.545,  0.016]
------------------------------------------------------------
--- Step 2410 ---
Leader (True): [ 0.280, -0.823,  0.197, -2.534,  0.861,  1.023,  0.801]
Leader (Pred): [   nan,    nan,    nan,    nan,    nan,    nan,    nan]
Follower     : [ 0.000, -0.785, -0.000, -2.356,  0.000,  1.571,  0.785]
Action (Tau) : [   nan,    nan,    nan,    nan,    nan,    nan,    nan]
Error (T-F)  : [ 0.280, -0.038,  0.197, -0.178,  0.861, -0.548,  0.016]
------------------------------------------------------------
--- Step 2420 ---
Leader (True): [ 0.279, -0.824,  0.196, -2.534,  0.858,  1.019,  0.801]
Leader (Pred): [   nan,    nan,    nan,    nan,    nan,    nan,    nan]
Follower     : [ 0.000, -0.785, -0.000, -2.356,  0.000,  1.571,  0.785]
Action (Tau) : [   nan,    nan,    nan,    nan,    nan,    nan,    nan]
Error (T-F)  : [ 0.279, -0.039,  0.196, -0.178,  0.858, -0.551,  0.016]
------------------------------------------------------------
--- Step 2430 ---
Leader (True): [ 0.278, -0.825,  0.194, -2.535,  0.855,  1.016,  0.801]
Leader (Pred): [   nan,    nan,    nan,    nan,    nan,    nan,    nan]
Follower     : [ 0.000, -0.785, -0.000, -2.356,  0.000,  1.571,  0.785]
Action (Tau) : [   nan,    nan,    nan,    nan,    nan,    nan,    nan]
Error (T-F)  : [ 0.278, -0.040,  0.194, -0.179,  0.855, -0.555,  0.016]
------------------------------------------------------------
--- Step 2440 ---
Leader (True): [ 0.277, -0.826,  0.193, -2.535,  0.851,  1.013,  0.801]
Leader (Pred): [   nan,    nan,    nan,    nan,    nan,    nan,    nan]
Follower     : [ 0.000, -0.785, -0.000, -2.356,  0.000,  1.571,  0.785]
Action (Tau) : [   nan,    nan,    nan,    nan,    nan,    nan,    nan]
Error (T-F)  : [ 0.277, -0.041,  0.193, -0.179,  0.851, -0.558,  0.016]
------------------------------------------------------------
--- Step 2450 ---
Leader (True): [ 0.276, -0.826,  0.192, -2.535,  0.848,  1.009,  0.801]
Leader (Pred): [   nan,    nan,    nan,    nan,    nan,    nan,    nan]
Follower     : [ 0.000, -0.785, -0.000, -2.356,  0.000,  1.571,  0.785]
Action (Tau) : [   nan,    nan,    nan,    nan,    nan,    nan,    nan]
Error (T-F)  : [ 0.276, -0.041,  0.192, -0.179,  0.848, -0.561,  0.016]
------------------------------------------------------------
--- Step 2460 ---
Leader (True): [ 0.274, -0.827,  0.190, -2.535,  0.844,  1.006,  0.801]
Leader (Pred): [   nan,    nan,    nan,    nan,    nan,    nan,    nan]
Follower     : [ 0.000, -0.785, -0.000, -2.356,  0.000,  1.571,  0.785]
Action (Tau) : [   nan,    nan,    nan,    nan,    nan,    nan,    nan]
Error (T-F)  : [ 0.274, -0.042,  0.190, -0.179,  0.844, -0.564,  0.016]
------------------------------------------------------------
--- Step 2470 ---
Leader (True): [ 0.273, -0.828,  0.189, -2.534,  0.840,  1.003,  0.801]
Leader (Pred): [   nan,    nan,    nan,    nan,    nan,    nan,    nan]
Follower     : [ 0.000, -0.785, -0.000, -2.356,  0.000,  1.571,  0.785]
Action (Tau) : [   nan,    nan,    nan,    nan,    nan,    nan,    nan]
Error (T-F)  : [ 0.273, -0.043,  0.189, -0.178,  0.840, -0.568,  0.016]
------------------------------------------------------------
--- Step 2480 ---
Leader (True): [ 0.271, -0.828,  0.187, -2.534,  0.835,  1.000,  0.801]
Leader (Pred): [   nan,    nan,    nan,    nan,    nan,    nan,    nan]
Follower     : [ 0.000, -0.785, -0.000, -2.356,  0.000,  1.571,  0.785]
Action (Tau) : [   nan,    nan,    nan,    nan,    nan,    nan,    nan]
Error (T-F)  : [ 0.271, -0.043,  0.187, -0.178,  0.835, -0.571,  0.016]
------------------------------------------------------------
--- Step 2490 ---
Leader (True): [ 0.270, -0.829,  0.185, -2.534,  0.831,  0.997,  0.801]
Leader (Pred): [   nan,    nan,    nan,    nan,    nan,    nan,    nan]
Follower     : [ 0.000, -0.785, -0.000, -2.356,  0.000,  1.571,  0.785]
Action (Tau) : [   nan,    nan,    nan,    nan,    nan,    nan,    nan]
Error (T-F)  : [ 0.270, -0.044,  0.185, -0.178,  0.831, -0.574,  0.016]
------------------------------------------------------------
>>> Avg Reward: nan
Step 57000 | R: nan | RL_L: nan | Pred_L: nan
Step 57000 | R: nan | RL_L: nan | Pred_L: nan
Step 57000 | R: nan | RL_L: nan | Pred_L: nan
Step 57000 | R: nan | RL_L: nan | Pred_L: nan
Step 57000 | R: nan | RL_L: nan | Pred_L: nan
Step 57000 | R: nan | RL_L: nan | Pred_L: nan
Step 57000 | R: nan | RL_L: nan | Pred_L: nan
Step 57000 | R: nan | RL_L: nan | Pred_L: nan
Step 57000 | R: nan | RL_L: nan | Pred_L: nan
Step 57000 | R: nan | RL_L: nan | Pred_L: nan
Step 57000 | R: nan | RL_L: nan | Pred_L: nan
Step 57000 | R: nan | RL_L: nan | Pred_L: nan
Step 57000 | R: nan | RL_L: nan | Pred_L: nan
Step 57000 | R: nan | RL_L: nan | Pred_L: nan
Step 57000 | R: nan | RL_L: nan | Pred_L: nan
Step 57000 | R: nan | RL_L: nan | Pred_L: nan
Step 57000 | R: nan | RL_L: nan | Pred_L: nan
Step 57000 | R: nan | RL_L: nan | Pred_L: nan
Step 57000 | R: nan | RL_L: nan | Pred_L: nan
Step 57000 | R: nan | RL_L: nan | Pred_L: nan
Step 57000 | R: nan | RL_L: nan | Pred_L: nan
Step 57000 | R: nan | RL_L: nan | Pred_L: nan
Step 57000 | R: nan | RL_L: nan | Pred_L: nan
Step 57000 | R: nan | RL_L: nan | Pred_L: nan
Step 57000 | R: nan | RL_L: nan | Pred_L: nan
Step 57000 | R: nan | RL_L: nan | Pred_L: nan
Step 57000 | R: nan | RL_L: nan | Pred_L: nan
Step 57000 | R: nan | RL_L: nan | Pred_L: nan
Step 57000 | R: nan | RL_L: nan | Pred_L: nan
Step 57000 | R: nan | RL_L: nan | Pred_L: nan
Step 57000 | R: nan | RL_L: nan | Pred_L: nan
Step 57000 | R: nan | RL_L: nan | Pred_L: nan
